workload_type,engine,ad_mode,M,instance_type,machine_family,vcpu_count,mean_runtime_ms,throughput_paths_per_sec,cost_per_run,paths_per_dollar,region,zone
european,cpu,none,1000,,,,0.08094766667454678,12353660.59432619,8.094766667454678e-08,,,
european,jax,none,1000,,,,0.5951799999669068,1680163.9840982591,5.951799999669069e-07,,,
european,jax,forward,1000,,,,2.107029666603921,474601.7656276217,2.107029666603921e-06,,,
european,jax,reverse,1000,,,,2.3413826666001114,427098.06229670515,2.3413826666001116e-06,,,
european,cpp,none,1000,,,,0.019258999979380558,51923775.952574864,1.925899997938056e-08,,,
european,rust,none,1000,,,,0.6907339998936853,1447735.3078810591,6.907339998936853e-07,,,
european_local_vol,cpu,none,1000,,,,15.125995999900018,66111.34896549027,1.512599599990002e-05,,,
european_local_vol,jax,none,1000,,,,10.010629666718765,99893.81620265002,1.0010629666718765e-05,,,
european_local_vol,jax,forward,1000,,,,48.44876733333573,20640.36001411203,4.844876733333573e-05,,,
european_local_vol,jax,reverse,1000,,,,23.959774999942358,41736.61897920184,2.3959774999942357e-05,,,
european_local_vol,cpp,none,1000,,,,5.880650000032499,170049.22925092865,5.880650000032498e-06,,,
european_local_vol,rust,none,1000,,,,6.387469000022368,156556.5327982802,6.387469000022368e-06,,,
asian,cpu,none,1000,,,,9.20851666675541,108595.12299197985,9.208516666755409e-06,,,
asian,jax,none,1000,,,,71.69712466664653,13947.560723661762,7.169712466664653e-05,,,
asian,jax,forward,1000,,,,374.3398920000042,2671.369045541074,0.00037433989200000425,,,
asian,jax,reverse,1000,,,,291.2407460000092,3433.5854915025125,0.00029124074600000917,,,
european,cpu,none,10000,,,,0.33778820002225984,29604349.705942992,3.3778820002225984e-06,,,
european,cpu,none,50000,,,,1.086165800006711,46033487.704815485,5.430829000033555e-05,,,
european,cpu,none,100000,,,,1.8475773999853118,54124931.38354853,0.00018475773999853117,,,
european,jax,none,10000,,,,0.6224266000117495,16066151.414176757,6.2242660001174955e-06,,,
european,jax,none,50000,,,,1.3879705999897851,36023817.79582938,6.939852999948926e-05,,,
european,jax,none,100000,,,,1.8395945999145624,54359802.97215722,0.00018395945999145625,,,
european,jax,forward,10000,,,,2.0784859999821492,4811194.302047684,2.078485999982149e-05,,,
european,jax,forward,50000,,,,2.953336000064155,16930007.286307365,0.00014766680000320774,,,
european,jax,forward,100000,,,,3.8220120000460156,26164229.729994576,0.00038220120000460157,,,
european,jax,reverse,10000,,,,2.558452999937799,3908611.962089246,2.558452999937799e-05,,,
european,jax,reverse,50000,,,,3.203494000035789,15607958.060618,0.00016017470000178946,,,
european,jax,reverse,100000,,,,3.929388400001699,25449253.120398268,0.0003929388400001699,,,
european,cpp,none,10000,,,,0.10389820004093053,96248058.15750913,1.0389820004093052e-06,,,
european,cpp,none,50000,,,,0.6713740000122925,74474138.10943605,3.356870000061462e-05,,,
european,cpp,none,100000,,,,1.111659200023496,89955626.68656582,0.0001111659200023496,,,
european,rust,none,10000,,,,0.18341999998483516,54519681.60956702,1.8341999998483516e-06,,,
european,rust,none,50000,,,,0.3019728000253963,165577826.86319742,1.5098640001269813e-05,,,
european,rust,none,100000,,,,0.49897259996214416,200411806.19454205,4.989725999621442e-05,,,
european_local_vol,cpu,none,10000,,,,102.57394739992378,97490.64215118068,0.0010257394739992378,,,
european_local_vol,cpu,none,50000,,,,512.7442810000048,97514.49572969403,0.02563721405000024,,,
european_local_vol,cpu,none,100000,,,,1004.5663428000353,99545.44139043047,0.10045663428000354,,,
european_local_vol,jax,none,10000,,,,87.03780519995234,114892.60301344864,0.0008703780519995234,,,
european_local_vol,jax,none,50000,,,,364.3171082000208,137243.07443873465,0.01821585541000104,,,
european_local_vol,jax,none,100000,,,,674.3379345999983,148293.60009135134,0.06743379345999984,,,
european_local_vol,jax,forward,10000,,,,442.56623279998166,22595.487994493047,0.004425662327999816,,,
european_local_vol,jax,forward,50000,,,,1548.2109653999487,32295.340310474756,0.07741054826999744,,,
european_local_vol,jax,forward,100000,,,,3148.75032380005,31758.63111283959,0.314875032380005,,,
european_local_vol,jax,reverse,10000,,,,208.020392599974,48072.210012746844,0.00208020392599974,,,
european_local_vol,jax,reverse,50000,,,,810.9627596000337,61655.11228241845,0.04054813798000168,,,
european_local_vol,jax,reverse,100000,,,,1548.8681687999815,64563.27401800576,0.15488681687999814,,,
european_local_vol,cpp,none,10000,,,,60.83712219997324,164373.3240229499,0.0006083712219997323,,,
european_local_vol,cpp,none,50000,,,,382.1981216000495,130822.20234541708,0.019109906080002476,,,
european_local_vol,cpp,none,100000,,,,667.8773445999013,149728.0912558967,0.06678773445999013,,,
european_local_vol,rust,none,10000,,,,49.447168199912994,202236.0503956543,0.0004944716819991299,,,
european_local_vol,rust,none,50000,,,,244.04222620000837,204882.57617770528,0.012202111310000418,,,
european_local_vol,rust,none,100000,,,,550.7693299999573,181564.21309808182,0.055076932999995734,,,
asian,cpu,none,10000,,,,62.268654000035895,160594.44612363447,0.000622686540000359,,,
asian,cpu,none,50000,,,,324.8862173999896,153900.03429551946,0.01624431086999948,,,
asian,cpu,none,100000,,,,644.4153912000274,155179.40968756264,0.06444153912000275,,,
asian,jax,none,10000,,,,85.01313320002737,117628.88419217538,0.0008501313320002738,,,
asian,jax,none,50000,,,,257.7827927999806,193961.74374911093,0.01288913963999903,,,
asian,jax,none,100000,,,,403.6070343999654,247765.75103223367,0.040360703439996544,,,
asian,jax,forward,10000,,,,402.9728053999861,24815.57034617787,0.004029728053999861,,,
asian,jax,forward,50000,,,,666.9134747999578,74972.2443604811,0.033345673739997896,,,
asian,jax,forward,100000,,,,915.611454000009,109216.63284478639,0.0915611454000009,,,
asian,jax,reverse,10000,,,,310.7761941999797,32177.496818064366,0.0031077619419997973,,,
asian,jax,reverse,50000,,,,528.6006867999731,94589.35875147741,0.026430034339998656,,,
asian,jax,reverse,100000,,,,723.8594184000704,138148.37171149568,0.07238594184000703,,,
european,cpu,none,1000,c2d-standard-4,c2d,4,0.06594666666615012,15163768.702100173,6.594666666615013e-08,,europe-west1,europe-west1-b
european,jax,none,1000,c2d-standard-4,c2d,4,0.3069803333346499,3257537.670694576,3.069803333346499e-07,,europe-west1,europe-west1-b
european,jax,forward,1000,c2d-standard-4,c2d,4,1.3622139999966976,734099.0475816753,1.3622139999966977e-06,,europe-west1,europe-west1-b
european,jax,reverse,1000,c2d-standard-4,c2d,4,1.7244410000027226,579898.0655171276,1.7244410000027226e-06,,europe-west1,europe-west1-b
european_local_vol,cpu,none,1000,c2d-standard-4,c2d,4,12.104896333331302,82611.19901097055,1.2104896333331303e-05,,europe-west1,europe-west1-b
european_local_vol,jax,none,1000,c2d-standard-4,c2d,4,8.973103666666779,111444.15991924766,8.973103666666778e-06,,europe-west1,europe-west1-b
european_local_vol,jax,forward,1000,c2d-standard-4,c2d,4,38.79391700000193,25777.237189014715,3.879391700000194e-05,,europe-west1,europe-west1-b
european_local_vol,jax,reverse,1000,c2d-standard-4,c2d,4,17.835844666663547,56066.87088215511,1.7835844666663546e-05,,europe-west1,europe-west1-b
asian,cpu,none,1000,c2d-standard-4,c2d,4,7.5501926666656045,132446.95124338203,7.550192666665605e-06,,europe-west1,europe-west1-b
asian,jax,none,1000,c2d-standard-4,c2d,4,61.75555099999978,16192.876329449375,6.175555099999977e-05,,europe-west1,europe-west1-b
asian,jax,forward,1000,c2d-standard-4,c2d,4,310.85845699999953,3216.8981653280275,0.00031085845699999954,,europe-west1,europe-west1-b
asian,jax,reverse,1000,c2d-standard-4,c2d,4,205.85334233333205,4857.827367120085,0.00020585334233333205,,europe-west1,europe-west1-b
european,cpu,none,1000,c2d-standard-4,c2d,4,0.06594666666615012,15163768.702100173,6.594666666615013e-08,,europe-west1,europe-west1-b
european,jax,forward,1000,c2d-standard-4,c2d,4,1.3622139999966976,734099.0475816753,1.3622139999966977e-06,,europe-west1,europe-west1-b
european,jax,reverse,1000,c2d-standard-4,c2d,4,1.7244410000027226,579898.0655171276,1.7244410000027226e-06,,europe-west1,europe-west1-b
european_local_vol,cpu,none,1000,c2d-standard-4,c2d,4,12.104896333331302,82611.19901097055,1.2104896333331303e-05,,europe-west1,europe-west1-b
european_local_vol,jax,forward,1000,c2d-standard-4,c2d,4,38.79391700000193,25777.237189014715,3.879391700000194e-05,,europe-west1,europe-west1-b
european_local_vol,jax,reverse,1000,c2d-standard-4,c2d,4,17.835844666663547,56066.87088215511,1.7835844666663546e-05,,europe-west1,europe-west1-b
asian,jax,forward,1000,c2d-standard-4,c2d,4,310.85845699999953,3216.8981653280275,0.00031085845699999954,,europe-west1,europe-west1-b
asian,jax,reverse,1000,c2d-standard-4,c2d,4,205.85334233333205,4857.827367120085,0.00020585334233333205,,europe-west1,europe-west1-b
european,jax,none,5000,c2d-standard-4,c2d,4,0.4281944000041449,11676939.259251406,2.1409720000207243e-06,,europe-west1,europe-west1-b
european_local_vol,jax,none,5000,c2d-standard-4,c2d,4,37.97320039999761,131671.8092584136,0.00018986600199998805,,europe-west1,europe-west1-b
asian,cpu,none,5000,c2d-standard-4,c2d,4,29.512339600000814,169420.65819816812,0.0001475616980000041,,europe-west1,europe-west1-b
asian,jax,none,5000,c2d-standard-4,c2d,4,70.8953159999993,70526.52110331309,0.0003544765799999965,,europe-west1,europe-west1-b
asian,cpu,none,5000,c2d-standard-4,c2d,4,29.512339600000814,169420.65819816812,0.0001475616980000041,,europe-west1,europe-west1-b
european,jax,none,25000,c2d-standard-4,c2d,4,0.6394720000011083,39094753.17129862,1.5986800000027706e-05,,europe-west1,europe-west1-b
european_local_vol,jax,none,25000,c2d-standard-4,c2d,4,134.2748871428593,186185.22444484878,0.0033568721785714826,,europe-west1,europe-west1-b
asian,jax,none,25000,c2d-standard-4,c2d,4,121.29124357143033,206115.45618523654,0.0030322810892857584,,europe-west1,europe-west1-b
european,cpu,none,10000,c2d-standard-4,c2d,4,0.1929541999970752,51825770.05398991,1.9295419999707517e-06,,europe-west1,europe-west1-b
european,cpu,none,50000,c2d-standard-4,c2d,4,0.8978094000013925,55691107.711639516,4.4890470000069624e-05,,europe-west1,europe-west1-b
european,cpu,none,100000,c2d-standard-4,c2d,4,1.6890758000016604,59203974.14959216,0.00016890758000016602,,europe-west1,europe-west1-b
european,jax,none,10000,c2d-standard-4,c2d,4,0.4761525999981586,21001670.47295063,4.761525999981586e-06,,europe-west1,europe-west1-b
european,jax,none,50000,c2d-standard-4,c2d,4,0.9056388000033166,55209648.7030115,4.5281940000165836e-05,,europe-west1,europe-west1-b
european,jax,none,100000,c2d-standard-4,c2d,4,1.4686019999970767,68091967.73543754,0.00014686019999970767,,europe-west1,europe-west1-b
european,jax,forward,10000,c2d-standard-4,c2d,4,1.431235600000491,6986969.860165978,1.4312356000004911e-05,,europe-west1,europe-west1-b
european,jax,forward,50000,c2d-standard-4,c2d,4,2.1077648000016325,23721811.84540195,0.00010538824000008163,,europe-west1,europe-west1-b
european,jax,forward,100000,c2d-standard-4,c2d,4,2.830325399997946,35331626.533144414,0.0002830325399997946,,europe-west1,europe-west1-b
european,jax,reverse,10000,c2d-standard-4,c2d,4,1.7238899999995283,5800834.159953789,1.7238899999995282e-05,,europe-west1,europe-west1-b
european,jax,reverse,50000,c2d-standard-4,c2d,4,2.4720189999982267,20226381.75517092,0.00012360094999991133,,europe-west1,europe-west1-b
european,jax,reverse,100000,c2d-standard-4,c2d,4,2.9387655999983053,34027892.52741276,0.00029387655999983057,,europe-west1,europe-west1-b
european_local_vol,cpu,none,10000,c2d-standard-4,c2d,4,89.09651580000002,112237.83455738678,0.0008909651580000002,,europe-west1,europe-west1-b
european_local_vol,cpu,none,50000,c2d-standard-4,c2d,4,540.4553000000021,92514.5890881259,0.027022765000000108,,europe-west1,europe-west1-b
european_local_vol,cpu,none,100000,c2d-standard-4,c2d,4,970.7988184000044,103007.95397012563,0.09707988184000044,,europe-west1,europe-west1-b
european_local_vol,jax,none,10000,c2d-standard-4,c2d,4,75.40125559999638,132623.7861747289,0.0007540125559999638,,europe-west1,europe-west1-b
european_local_vol,jax,none,50000,c2d-standard-4,c2d,4,265.7892861999983,188118.94457768524,0.013289464309999915,,europe-west1,europe-west1-b
european_local_vol,jax,none,100000,c2d-standard-4,c2d,4,526.980809600002,189760.23069208863,0.05269808096000019,,europe-west1,europe-west1-b
european_local_vol,jax,forward,10000,c2d-standard-4,c2d,4,389.74355919999937,25657.896747611,0.0038974355919999936,,europe-west1,europe-west1-b
european_local_vol,jax,forward,50000,c2d-standard-4,c2d,4,1475.6980486000004,33882.27018896933,0.07378490243000002,,europe-west1,europe-west1-b
european_local_vol,jax,forward,100000,c2d-standard-4,c2d,4,2657.318604200003,37631.91957559994,0.2657318604200003,,europe-west1,europe-west1-b
european_local_vol,jax,reverse,10000,c2d-standard-4,c2d,4,158.77302540000073,62982.990812241296,0.0015877302540000073,,europe-west1,europe-west1-b
european_local_vol,jax,reverse,50000,c2d-standard-4,c2d,4,629.2654260000006,79457.72631722492,0.03146327130000003,,europe-west1,europe-west1-b
european_local_vol,jax,reverse,100000,c2d-standard-4,c2d,4,1120.6683401999953,89232.46638889961,0.11206683401999953,,europe-west1,europe-west1-b
asian,cpu,none,10000,c2d-standard-4,c2d,4,55.01847279999765,181757.13521441887,0.0005501847279999765,,europe-west1,europe-west1-b
asian,cpu,none,50000,c2d-standard-4,c2d,4,287.2865047999994,174042.28588742294,0.01436432523999997,,europe-west1,europe-west1-b
asian,cpu,none,100000,c2d-standard-4,c2d,4,576.4887765999902,173463.91475264967,0.057648877659999015,,europe-west1,europe-west1-b
asian,jax,none,10000,c2d-standard-4,c2d,4,73.73663620000457,135617.7948350644,0.0007373663620000458,,europe-west1,europe-west1-b
asian,jax,none,50000,c2d-standard-4,c2d,4,198.60646920000136,251754.13571069948,0.009930323460000067,,europe-west1,europe-west1-b
asian,jax,none,100000,c2d-standard-4,c2d,4,348.33530160000237,287079.7175614179,0.03483353016000024,,europe-west1,europe-west1-b
asian,jax,forward,10000,c2d-standard-4,c2d,4,344.1242156000044,29059.27437441247,0.003441242156000044,,europe-west1,europe-west1-b
asian,jax,forward,50000,c2d-standard-4,c2d,4,542.2979291999866,92200.24143142393,0.02711489645999933,,europe-west1,europe-west1-b
asian,jax,forward,100000,c2d-standard-4,c2d,4,802.8012808000028,124563.8271781886,0.08028012808000028,,europe-west1,europe-west1-b
asian,jax,reverse,10000,c2d-standard-4,c2d,4,237.0288885999969,42188.950296584786,0.0023702888859999686,,europe-west1,europe-west1-b
asian,jax,reverse,50000,c2d-standard-4,c2d,4,397.09123600000567,125915.64725442413,0.019854561800000285,,europe-west1,europe-west1-b
asian,jax,reverse,100000,c2d-standard-4,c2d,4,619.6702393999999,161376.15402802904,0.06196702393999999,,europe-west1,europe-west1-b
european,cpu,none,1000,c2d-standard-4,c2d,4,0.06661899999945338,15010732.673984976,6.661899999945338e-08,,europe-west1,europe-west1-b
european,jax,none,1000,c2d-standard-4,c2d,4,0.2946190000017168,3394214.222416656,2.9461900000171683e-07,,europe-west1,europe-west1-b
european,jax,forward,1000,c2d-standard-4,c2d,4,1.3186846666618142,758331.4080169379,1.3186846666618142e-06,,europe-west1,europe-west1-b
european,jax,reverse,1000,c2d-standard-4,c2d,4,1.7026176666661286,587330.9196644751,1.7026176666661287e-06,,europe-west1,europe-west1-b
european,cpp,none,1000,c2d-standard-4,c2d,4,0.015447999994459376,64733298.83212473,1.5447999994459376e-08,,europe-west1,europe-west1-b
european,rust,none,1000,c2d-standard-4,c2d,4,0.034576333329520516,28921516.647522077,3.4576333329520514e-08,,europe-west1,europe-west1-b
european_local_vol,cpu,none,1000,c2d-standard-4,c2d,4,12.44086400000318,80380.26940892084,1.244086400000318e-05,,europe-west1,europe-west1-b
european_local_vol,jax,none,1000,c2d-standard-4,c2d,4,8.284724333336158,120704.07653471219,8.284724333336158e-06,,europe-west1,europe-west1-b
european_local_vol,jax,forward,1000,c2d-standard-4,c2d,4,39.522195333328604,25302.238187075396,3.9522195333328605e-05,,europe-west1,europe-west1-b
european_local_vol,jax,reverse,1000,c2d-standard-4,c2d,4,21.06767333333437,47466.08627245743,2.1067673333334368e-05,,europe-west1,europe-west1-b
european_local_vol,cpp,none,1000,c2d-standard-4,c2d,4,5.376058000005439,186009.897958502,5.376058000005439e-06,,europe-west1,europe-west1-b
european_local_vol,rust,none,1000,c2d-standard-4,c2d,4,4.2860053333365995,233317.48848327098,4.2860053333366e-06,,europe-west1,europe-west1-b
asian,cpu,none,1000,c2d-standard-4,c2d,4,7.654908333331416,130635.13715059734,7.654908333331416e-06,,europe-west1,europe-west1-b
asian,jax,none,1000,c2d-standard-4,c2d,4,60.91282300000481,16416.904532563218,6.091282300000481e-05,,europe-west1,europe-west1-b
asian,jax,forward,1000,c2d-standard-4,c2d,4,304.0034873333373,3289.4359494748437,0.0003040034873333373,,europe-west1,europe-west1-b
asian,jax,reverse,1000,c2d-standard-4,c2d,4,208.61277733333358,4793.57023468482,0.00020861277733333358,,europe-west1,europe-west1-b
european,cpu,none,1000,c2d-standard-4,c2d,4,0.06661899999945338,15010732.673984976,6.661899999945338e-08,,europe-west1,europe-west1-b
european,jax,forward,1000,c2d-standard-4,c2d,4,1.3186846666618142,758331.4080169379,1.3186846666618142e-06,,europe-west1,europe-west1-b
european,jax,reverse,1000,c2d-standard-4,c2d,4,1.7026176666661286,587330.9196644751,1.7026176666661287e-06,,europe-west1,europe-west1-b
european,rust,none,1000,c2d-standard-4,c2d,4,0.034576333329520516,28921516.647522077,3.4576333329520514e-08,,europe-west1,europe-west1-b
european_local_vol,cpu,none,1000,c2d-standard-4,c2d,4,12.44086400000318,80380.26940892084,1.244086400000318e-05,,europe-west1,europe-west1-b
european_local_vol,jax,forward,1000,c2d-standard-4,c2d,4,39.522195333328604,25302.238187075396,3.9522195333328605e-05,,europe-west1,europe-west1-b
european_local_vol,jax,reverse,1000,c2d-standard-4,c2d,4,21.06767333333437,47466.08627245743,2.1067673333334368e-05,,europe-west1,europe-west1-b
european_local_vol,cpp,none,1000,c2d-standard-4,c2d,4,5.376058000005439,186009.897958502,5.376058000005439e-06,,europe-west1,europe-west1-b
european_local_vol,rust,none,1000,c2d-standard-4,c2d,4,4.2860053333365995,233317.48848327098,4.2860053333366e-06,,europe-west1,europe-west1-b
asian,cpu,none,1000,c2d-standard-4,c2d,4,7.654908333331416,130635.13715059734,7.654908333331416e-06,,europe-west1,europe-west1-b
asian,jax,forward,1000,c2d-standard-4,c2d,4,304.0034873333373,3289.4359494748437,0.0003040034873333373,,europe-west1,europe-west1-b
asian,jax,reverse,1000,c2d-standard-4,c2d,4,208.61277733333358,4793.57023468482,0.00020861277733333358,,europe-west1,europe-west1-b
european,jax,none,5000,c2d-standard-4,c2d,4,0.4306982000031212,11609057.107653959,2.153491000015606e-06,,europe-west1,europe-west1-b
european,cpp,none,5000,c2d-standard-4,c2d,4,0.04665920000093138,107160002.74115701,2.3329600000465688e-07,,europe-west1,europe-west1-b
european_local_vol,jax,none,5000,c2d-standard-4,c2d,4,38.507229399996845,129845.74787404492,0.00019253614699998422,,europe-west1,europe-west1-b
asian,jax,none,5000,c2d-standard-4,c2d,4,69.26450539999678,72187.04545893188,0.0003463225269999839,,europe-west1,europe-west1-b
european,cpp,none,5000,c2d-standard-4,c2d,4,0.04665920000093138,107160002.74115701,2.3329600000465688e-07,,europe-west1,europe-west1-b
european,jax,none,25000,c2d-standard-4,c2d,4,0.6644617142857864,37624440.14832651,1.661154285714466e-05,,europe-west1,europe-west1-b
european_local_vol,jax,none,25000,c2d-standard-4,c2d,4,133.35369242857098,187471.37439325795,0.0033338423107142747,,europe-west1,europe-west1-b
asian,jax,none,25000,c2d-standard-4,c2d,4,119.80066200000091,208679.9820855732,0.0029950165500000226,,europe-west1,europe-west1-b
european,cpu,none,10000,c2d-standard-4,c2d,4,0.19745000000170876,50645733.09654828,1.9745000000170875e-06,,europe-west1,europe-west1-b
european,cpu,none,50000,c2d-standard-4,c2d,4,0.89722219999544,55727555.56009885,4.4861109999772e-05,,europe-west1,europe-west1-b
european,cpu,none,100000,c2d-standard-4,c2d,4,1.7017071999987365,58764516.010788605,0.00017017071999987367,,europe-west1,europe-west1-b
european,jax,none,10000,c2d-standard-4,c2d,4,0.46645039999759774,21438506.64518993,4.664503999975977e-06,,europe-west1,europe-west1-b
european,jax,none,50000,c2d-standard-4,c2d,4,0.9514196000054653,52553048.097509004,4.757098000027327e-05,,europe-west1,europe-west1-b
european,jax,none,100000,c2d-standard-4,c2d,4,1.9875391999988776,50313473.06259744,0.00019875391999988777,,europe-west1,europe-west1-b
european,jax,forward,10000,c2d-standard-4,c2d,4,1.7931020000048647,5576927.581349455,1.7931020000048646e-05,,europe-west1,europe-west1-b
european,jax,forward,50000,c2d-standard-4,c2d,4,2.1058209999978317,23743708.51086179,0.00010529104999989158,,europe-west1,europe-west1-b
european,jax,forward,100000,c2d-standard-4,c2d,4,4.093760000003499,24427421.245973025,0.0004093760000003499,,europe-west1,europe-west1-b
european,jax,reverse,10000,c2d-standard-4,c2d,4,1.9244860000014796,5196192.645720629,1.9244860000014796e-05,,europe-west1,europe-west1-b
european,jax,reverse,50000,c2d-standard-4,c2d,4,2.9815270000000282,16769930.30752347,0.00014907635000000141,,europe-west1,europe-west1-b
european,jax,reverse,100000,c2d-standard-4,c2d,4,3.847043600001143,25993986.655095432,0.0003847043600001143,,europe-west1,europe-west1-b
european,cpp,none,10000,c2d-standard-4,c2d,4,0.10292060000551828,97162278.48908608,1.029206000055183e-06,,europe-west1,europe-west1-b
european,cpp,none,50000,c2d-standard-4,c2d,4,0.4995526000016071,100089560.13808985,2.4977630000080358e-05,,europe-west1,europe-west1-b
european,cpp,none,100000,c2d-standard-4,c2d,4,1.015005400003588,98521643.3327808,0.0001015005400003588,,europe-west1,europe-west1-b
european,rust,none,10000,c2d-standard-4,c2d,4,0.43045540000150595,23231210.4807258,4.30455400001506e-06,,europe-west1,europe-west1-b
european,rust,none,50000,c2d-standard-4,c2d,4,0.2573135999995202,194315419.00658664,1.286567999997601e-05,,europe-west1,europe-west1-b
european,rust,none,100000,c2d-standard-4,c2d,4,0.4285812000034639,233328013.45274076,4.2858120000346386e-05,,europe-west1,europe-west1-b
european_local_vol,cpu,none,10000,c2d-standard-4,c2d,4,93.7089157999992,106713.43185042041,0.000937089157999992,,europe-west1,europe-west1-b
european_local_vol,cpu,none,50000,c2d-standard-4,c2d,4,547.7935179999946,91275.26770041205,0.02738967589999973,,europe-west1,europe-west1-b
european_local_vol,cpu,none,100000,c2d-standard-4,c2d,4,989.0713619999957,101104.93928141905,0.09890713619999957,,europe-west1,europe-west1-b
european_local_vol,jax,none,10000,c2d-standard-4,c2d,4,76.66052639999634,130445.2300238898,0.0007666052639999634,,europe-west1,europe-west1-b
european_local_vol,jax,none,50000,c2d-standard-4,c2d,4,277.08741479999617,180448.46979459672,0.01385437073999981,,europe-west1,europe-west1-b
european_local_vol,jax,none,100000,c2d-standard-4,c2d,4,553.3682641999974,180711.4835986658,0.05533682641999974,,europe-west1,europe-west1-b
european_local_vol,jax,forward,10000,c2d-standard-4,c2d,4,396.164840199998,25242.017931100716,0.00396164840199998,,europe-west1,europe-west1-b
european_local_vol,jax,forward,50000,c2d-standard-4,c2d,4,1407.1593667999991,35532.57802895793,0.07035796833999997,,europe-west1,europe-west1-b
european_local_vol,jax,forward,100000,c2d-standard-4,c2d,4,2624.8455566000075,38097.47958258205,0.26248455566000073,,europe-west1,europe-west1-b
european_local_vol,jax,reverse,10000,c2d-standard-4,c2d,4,159.2841662000012,62780.879220874645,0.001592841662000012,,europe-west1,europe-west1-b
european_local_vol,jax,reverse,50000,c2d-standard-4,c2d,4,567.2844961999942,88139.19706060973,0.028364224809999714,,europe-west1,europe-west1-b
european_local_vol,jax,reverse,100000,c2d-standard-4,c2d,4,1206.8939870000065,82857.31893367984,0.12068939870000066,,europe-west1,europe-west1-b
european_local_vol,cpp,none,10000,c2d-standard-4,c2d,4,53.52252280000016,186837.2318204696,0.0005352252280000016,,europe-west1,europe-west1-b
european_local_vol,cpp,none,50000,c2d-standard-4,c2d,4,267.85479199999713,186668.3049672695,0.013392739599999856,,europe-west1,europe-west1-b
european_local_vol,cpp,none,100000,c2d-standard-4,c2d,4,534.6423386000026,187040.92957145296,0.05346423386000026,,europe-west1,europe-west1-b
european_local_vol,rust,none,10000,c2d-standard-4,c2d,4,42.78775079999946,233711.74724145883,0.00042787750799999456,,europe-west1,europe-west1-b
european_local_vol,rust,none,50000,c2d-standard-4,c2d,4,213.11264599999618,234617.70541763576,0.01065563229999981,,europe-west1,europe-west1-b
european_local_vol,rust,none,100000,c2d-standard-4,c2d,4,426.10431719999724,234684.31546790403,0.042610431719999724,,europe-west1,europe-west1-b
asian,cpu,none,10000,c2d-standard-4,c2d,4,58.10490900000218,172102.49825878954,0.0005810490900000219,,europe-west1,europe-west1-b
asian,cpu,none,50000,c2d-standard-4,c2d,4,297.01444999999467,168341.9779744753,0.014850722499999733,,europe-west1,europe-west1-b
asian,cpu,none,100000,c2d-standard-4,c2d,4,593.0517373999976,168619.3525684803,0.05930517373999976,,europe-west1,europe-west1-b
asian,jax,none,10000,c2d-standard-4,c2d,4,77.2454496000023,129457.46386075408,0.000772454496000023,,europe-west1,europe-west1-b
asian,jax,none,50000,c2d-standard-4,c2d,4,199.5773283999995,250529.4584352204,0.009978866419999973,,europe-west1,europe-west1-b
asian,jax,none,100000,c2d-standard-4,c2d,4,343.80653459999735,290861.2546190993,0.03438065345999973,,europe-west1,europe-west1-b
asian,jax,forward,10000,c2d-standard-4,c2d,4,348.86289880000163,28664.555716292616,0.003488628988000016,,europe-west1,europe-west1-b
asian,jax,forward,50000,c2d-standard-4,c2d,4,542.2234058000015,92212.91346918071,0.027111170290000073,,europe-west1,europe-west1-b
asian,jax,forward,100000,c2d-standard-4,c2d,4,817.4320703999967,122334.32430791059,0.08174320703999968,,europe-west1,europe-west1-b
asian,jax,reverse,10000,c2d-standard-4,c2d,4,235.5780837999987,42448.77044033438,0.002355780837999987,,europe-west1,europe-west1-b
asian,jax,reverse,50000,c2d-standard-4,c2d,4,402.4691751999967,124233.11667323041,0.020123458759999834,,europe-west1,europe-west1-b
asian,jax,reverse,100000,c2d-standard-4,c2d,4,616.6042446000006,162178.57868440612,0.06166042446000006,,europe-west1,europe-west1-b
european,cpu,none,1000,c2d-standard-4,c2d,4,0.06950666666701484,14387109.150129352,6.950666666701484e-08,,europe-west1,europe-west1-b
european,jax,none,1000,c2d-standard-4,c2d,4,0.29549233334099273,3384182.5562560987,2.9549233334099275e-07,,europe-west1,europe-west1-b
european,jax,forward,1000,c2d-standard-4,c2d,4,1.3382969999990262,747218.293099908,1.3382969999990262e-06,,europe-west1,europe-west1-b
european,jax,reverse,1000,c2d-standard-4,c2d,4,1.7856886666673215,560008.0342483927,1.7856886666673214e-06,,europe-west1,europe-west1-b
european,cpp,none,1000,c2d-standard-4,c2d,4,0.017197333335161602,58148550.1566341,1.7197333335161602e-08,,europe-west1,europe-west1-b
european,rust,none,1000,c2d-standard-4,c2d,4,0.03421466666490384,29227231.98778855,3.4214666664903835e-08,,europe-west1,europe-west1-b
european_local_vol,cpu,none,1000,c2d-standard-4,c2d,4,12.427377666673086,80467.49900276495,1.2427377666673086e-05,,europe-west1,europe-west1-b
european_local_vol,jax,none,1000,c2d-standard-4,c2d,4,8.244489999995608,121293.13032104263,8.244489999995607e-06,,europe-west1,europe-west1-b
european_local_vol,jax,forward,1000,c2d-standard-4,c2d,4,38.29852266666952,26110.66773262983,3.829852266666952e-05,,europe-west1,europe-west1-b
european_local_vol,jax,reverse,1000,c2d-standard-4,c2d,4,21.373490333336537,46786.9301833349,2.1373490333336535e-05,,europe-west1,europe-west1-b
european_local_vol,cpp,none,1000,c2d-standard-4,c2d,4,5.302349333334178,188595.64640777613,5.3023493333341775e-06,,europe-west1,europe-west1-b
european_local_vol,rust,none,1000,c2d-standard-4,c2d,4,4.336464666669333,230602.5937870861,4.336464666669333e-06,,europe-west1,europe-west1-b
asian,cpu,none,1000,c2d-standard-4,c2d,4,7.5756500000020806,132001.87442658062,7.57565000000208e-06,,europe-west1,europe-west1-b
asian,jax,none,1000,c2d-standard-4,c2d,4,60.14512699999841,16626.450884375496,6.014512699999841e-05,,europe-west1,europe-west1-b
asian,jax,forward,1000,c2d-standard-4,c2d,4,302.336956999999,3307.567853836682,0.000302336956999999,,europe-west1,europe-west1-b
asian,jax,reverse,1000,c2d-standard-4,c2d,4,208.37303066666854,4799.085547686284,0.00020837303066666854,,europe-west1,europe-west1-b
european,cpu,none,1000,c2d-standard-4,c2d,4,0.06950666666701484,14387109.150129352,6.950666666701484e-08,,europe-west1,europe-west1-b
european,jax,forward,1000,c2d-standard-4,c2d,4,1.3382969999990262,747218.293099908,1.3382969999990262e-06,,europe-west1,europe-west1-b
european,jax,reverse,1000,c2d-standard-4,c2d,4,1.7856886666673215,560008.0342483927,1.7856886666673214e-06,,europe-west1,europe-west1-b
european,rust,none,1000,c2d-standard-4,c2d,4,0.03421466666490384,29227231.98778855,3.4214666664903835e-08,,europe-west1,europe-west1-b
european_local_vol,cpu,none,1000,c2d-standard-4,c2d,4,12.427377666673086,80467.49900276495,1.2427377666673086e-05,,europe-west1,europe-west1-b
european_local_vol,jax,forward,1000,c2d-standard-4,c2d,4,38.29852266666952,26110.66773262983,3.829852266666952e-05,,europe-west1,europe-west1-b
european_local_vol,jax,reverse,1000,c2d-standard-4,c2d,4,21.373490333336537,46786.9301833349,2.1373490333336535e-05,,europe-west1,europe-west1-b
european_local_vol,cpp,none,1000,c2d-standard-4,c2d,4,5.302349333334178,188595.64640777613,5.3023493333341775e-06,,europe-west1,europe-west1-b
european_local_vol,rust,none,1000,c2d-standard-4,c2d,4,4.336464666669333,230602.5937870861,4.336464666669333e-06,,europe-west1,europe-west1-b
asian,jax,forward,1000,c2d-standard-4,c2d,4,302.336956999999,3307.567853836682,0.000302336956999999,,europe-west1,europe-west1-b
asian,jax,reverse,1000,c2d-standard-4,c2d,4,208.37303066666854,4799.085547686284,0.00020837303066666854,,europe-west1,europe-west1-b
european,jax,none,5000,c2d-standard-4,c2d,4,0.4198633999976664,11908635.046607515,2.099316999988332e-06,,europe-west1,europe-west1-b
european,cpp,none,5000,c2d-standard-4,c2d,4,0.052657400001976384,94953415.85061806,2.632870000098819e-07,,europe-west1,europe-west1-b
european_local_vol,jax,none,5000,c2d-standard-4,c2d,4,38.430527400001324,130104.90196915247,0.00019215263700000663,,europe-west1,europe-west1-b
asian,cpu,none,5000,c2d-standard-4,c2d,4,28.950180800001135,172710.49305501414,0.00014475090400000568,,europe-west1,europe-west1-b
asian,jax,none,5000,c2d-standard-4,c2d,4,70.74560359999964,70675.7698792187,0.0003537280179999982,,europe-west1,europe-west1-b
european,cpp,none,5000,c2d-standard-4,c2d,4,0.052657400001976384,94953415.85061806,2.632870000098819e-07,,europe-west1,europe-west1-b
asian,cpu,none,5000,c2d-standard-4,c2d,4,28.950180800001135,172710.49305501414,0.00014475090400000568,,europe-west1,europe-west1-b
european,jax,none,25000,c2d-standard-4,c2d,4,0.6560570000004873,38106445.01923069,1.6401425000012184e-05,,europe-west1,europe-west1-b
european_local_vol,jax,none,25000,c2d-standard-4,c2d,4,133.7971451428562,186850.0256362519,0.003344928628571405,,europe-west1,europe-west1-b
asian,jax,none,25000,c2d-standard-4,c2d,4,121.12559257142712,206397.33906983887,0.003028139814285678,,europe-west1,europe-west1-b
european,cpu,none,10000,c2d-standard-4,c2d,4,0.19198640000297473,52087022.82997679,1.9198640000297473e-06,,europe-west1,europe-west1-b
european,cpu,none,50000,c2d-standard-4,c2d,4,0.8934068000030493,55965546.713803105,4.467034000015247e-05,,europe-west1,europe-west1-b
european,cpu,none,100000,c2d-standard-4,c2d,4,1.6990436000014597,58856641.465771735,0.00016990436000014598,,europe-west1,europe-west1-b
european,jax,none,10000,c2d-standard-4,c2d,4,0.46262079999905836,21615975.762482695,4.626207999990584e-06,,europe-west1,europe-west1-b
european,jax,none,50000,c2d-standard-4,c2d,4,0.9888551999949868,50563520.321532905,4.944275999974934e-05,,europe-west1,europe-west1-b
european,jax,none,100000,c2d-standard-4,c2d,4,1.4975765999992063,66774547.62584631,0.00014975765999992064,,europe-west1,europe-west1-b
european,jax,forward,10000,c2d-standard-4,c2d,4,1.483493199995678,6740846.537098474,1.483493199995678e-05,,europe-west1,europe-west1-b
european,jax,forward,50000,c2d-standard-4,c2d,4,2.1720059999978503,23020194.23521366,0.0001086002999998925,,europe-west1,europe-west1-b
european,jax,forward,100000,c2d-standard-4,c2d,4,2.9263606000029085,34172138.59423224,0.00029263606000029085,,europe-west1,europe-west1-b
european,jax,reverse,10000,c2d-standard-4,c2d,4,1.816787200002068,5504221.958404714,1.816787200002068e-05,,europe-west1,europe-west1-b
european,jax,reverse,50000,c2d-standard-4,c2d,4,3.0376788000040733,16459936.448821697,0.00015188394000020366,,europe-west1,europe-west1-b
european,jax,reverse,100000,c2d-standard-4,c2d,4,3.7141392000023643,26924138.976788037,0.00037141392000023644,,europe-west1,europe-west1-b
european,cpp,none,10000,c2d-standard-4,c2d,4,0.09446439999862832,105859985.35051519,9.446439999862832e-07,,europe-west1,europe-west1-b
european,cpp,none,50000,c2d-standard-4,c2d,4,0.4878351999991537,102493628.99619941,2.4391759999957685e-05,,europe-west1,europe-west1-b
european,cpp,none,100000,c2d-standard-4,c2d,4,0.9704346000006581,103046614.37250093,9.704346000006582e-05,,europe-west1,europe-west1-b
european,rust,none,10000,c2d-standard-4,c2d,4,0.3781451999998353,26444868.26754473,3.781451999998353e-06,,europe-west1,europe-west1-b
european,rust,none,50000,c2d-standard-4,c2d,4,0.27092080000272745,184555781.61402386,1.3546040000136372e-05,,europe-west1,europe-west1-b
european,rust,none,100000,c2d-standard-4,c2d,4,0.4295891999987589,232780526.14052892,4.295891999987589e-05,,europe-west1,europe-west1-b
european_local_vol,cpu,none,10000,c2d-standard-4,c2d,4,90.84935820000055,110072.32409925753,0.0009084935820000055,,europe-west1,europe-west1-b
european_local_vol,cpu,none,50000,c2d-standard-4,c2d,4,547.0591502000019,91397.79488510569,0.027352957510000095,,europe-west1,europe-west1-b
european_local_vol,cpu,none,100000,c2d-standard-4,c2d,4,987.262104399997,101290.2243024657,0.0987262104399997,,europe-west1,europe-west1-b
european_local_vol,jax,none,10000,c2d-standard-4,c2d,4,76.14870139999823,131322.00308277656,0.0007614870139999823,,europe-west1,europe-west1-b
european_local_vol,jax,none,50000,c2d-standard-4,c2d,4,274.0987067999953,182416.03757906114,0.013704935339999764,,europe-west1,europe-west1-b
european_local_vol,jax,none,100000,c2d-standard-4,c2d,4,547.7141614000004,182576.98457967956,0.05477141614000004,,europe-west1,europe-west1-b
european_local_vol,jax,forward,10000,c2d-standard-4,c2d,4,390.2587208,25624.027003165433,0.003902587208,,europe-west1,europe-west1-b
european_local_vol,jax,forward,50000,c2d-standard-4,c2d,4,1362.412789000001,36699.59677690604,0.06812063945000006,,europe-west1,europe-west1-b
european_local_vol,jax,forward,100000,c2d-standard-4,c2d,4,2300.567042399996,43467.54437361585,0.2300567042399996,,europe-west1,europe-west1-b
european_local_vol,jax,reverse,10000,c2d-standard-4,c2d,4,158.19165060000273,63214.46145906659,0.0015819165060000273,,europe-west1,europe-west1-b
european_local_vol,jax,reverse,50000,c2d-standard-4,c2d,4,568.4511496000027,87958.30571401444,0.028422557480000138,,europe-west1,europe-west1-b
european_local_vol,jax,reverse,100000,c2d-standard-4,c2d,4,1122.9466250000087,89051.42753334268,0.11229466250000086,,europe-west1,europe-west1-b
european_local_vol,cpp,none,10000,c2d-standard-4,c2d,4,52.73251980000282,189636.30105154705,0.0005273251980000282,,europe-west1,europe-west1-b
european_local_vol,cpp,none,50000,c2d-standard-4,c2d,4,263.7453906000019,189576.77283479183,0.013187269530000094,,europe-west1,europe-west1-b
european_local_vol,cpp,none,100000,c2d-standard-4,c2d,4,527.6359673999934,189524.60821191783,0.05276359673999935,,europe-west1,europe-west1-b
european_local_vol,rust,none,10000,c2d-standard-4,c2d,4,42.116323599998395,237437.62857782727,0.000421163235999984,,europe-west1,europe-west1-b
european_local_vol,rust,none,50000,c2d-standard-4,c2d,4,210.49388019999355,237536.59703785315,0.010524694009999678,,europe-west1,europe-west1-b
european_local_vol,rust,none,100000,c2d-standard-4,c2d,4,419.9971058000017,238096.87880949106,0.04199971058000017,,europe-west1,europe-west1-b
asian,cpu,none,10000,c2d-standard-4,c2d,4,56.249781000002486,177778.46992861285,0.0005624978100000249,,europe-west1,europe-west1-b
asian,cpu,none,50000,c2d-standard-4,c2d,4,287.4472706000006,173944.94613093013,0.014372363530000029,,europe-west1,europe-west1-b
asian,cpu,none,100000,c2d-standard-4,c2d,4,573.9534251999999,174230.1650437124,0.05739534251999999,,europe-west1,europe-west1-b
asian,jax,none,10000,c2d-standard-4,c2d,4,74.03842860000509,135064.9951530618,0.000740384286000051,,europe-west1,europe-west1-b
asian,jax,none,50000,c2d-standard-4,c2d,4,201.4486189999957,248202.24754184624,0.010072430949999786,,europe-west1,europe-west1-b
asian,jax,none,100000,c2d-standard-4,c2d,4,353.2213077999984,283108.6284766891,0.035322130779999836,,europe-west1,europe-west1-b
asian,jax,forward,10000,c2d-standard-4,c2d,4,345.73723000000314,28923.70023326649,0.0034573723000000316,,europe-west1,europe-west1-b
asian,jax,forward,50000,c2d-standard-4,c2d,4,542.6146235999965,92146.42920655763,0.02713073117999983,,europe-west1,europe-west1-b
asian,jax,forward,100000,c2d-standard-4,c2d,4,794.8229593999883,125814.18140649833,0.07948229593999884,,europe-west1,europe-west1-b
asian,jax,reverse,10000,c2d-standard-4,c2d,4,233.6233698000001,42803.9369886702,0.0023362336980000007,,europe-west1,europe-west1-b
asian,jax,reverse,50000,c2d-standard-4,c2d,4,406.8833724000001,122885.33617157953,0.020344168620000005,,europe-west1,europe-west1-b
asian,jax,reverse,100000,c2d-standard-4,c2d,4,616.8775423999989,162106.7280402915,0.06168775423999989,,europe-west1,europe-west1-b
european,cpu,none,1000,e2-standard-4,e2,4,0.11836599999052548,8448371.99939209,1.1836599999052548e-07,,europe-west2,europe-west2-b
european,jax,none,1000,e2-standard-4,e2,4,0.959232000004325,1042500.6671957267,9.59232000004325e-07,,europe-west2,europe-west2-b
european,jax,forward,1000,e2-standard-4,e2,4,2.639795666662318,378817.1988570507,2.639795666662318e-06,,europe-west2,europe-west2-b
european,jax,reverse,1000,e2-standard-4,e2,4,3.7285613333324363,268199.95987735054,3.7285613333324363e-06,,europe-west2,europe-west2-b
european_local_vol,cpu,none,1000,e2-standard-4,e2,4,20.547342999994573,48668.09299870373,2.0547342999994572e-05,,europe-west2,europe-west2-b
european_local_vol,jax,none,1000,e2-standard-4,e2,4,15.946201000000809,62710.86135186364,1.594620100000081e-05,,europe-west2,europe-west2-b
european_local_vol,jax,forward,1000,e2-standard-4,e2,4,70.08594800000385,14268.19538775369,7.008594800000386e-05,,europe-west2,europe-west2-b
european_local_vol,jax,reverse,1000,e2-standard-4,e2,4,42.68208866667086,23429.03150334509,4.268208866667086e-05,,europe-west2,europe-west2-b
asian,cpu,none,1000,e2-standard-4,e2,4,12.084496666659561,82750.65379917255,1.2084496666659561e-05,,europe-west2,europe-west2-b
asian,jax,none,1000,e2-standard-4,e2,4,110.78224133332999,9026.717531297496,0.00011078224133332999,,europe-west2,europe-west2-b
asian,jax,forward,1000,e2-standard-4,e2,4,534.6507313333385,1870.3799347775143,0.0005346507313333385,,europe-west2,europe-west2-b
asian,jax,reverse,1000,e2-standard-4,e2,4,377.80953166667547,2646.836345257312,0.0003778095316666755,,europe-west2,europe-west2-b
european,jax,none,1000,e2-standard-4,e2,4,0.959232000004325,1042500.6671957267,9.59232000004325e-07,,europe-west2,europe-west2-b
european,jax,forward,1000,e2-standard-4,e2,4,2.639795666662318,378817.1988570507,2.639795666662318e-06,,europe-west2,europe-west2-b
european,jax,reverse,1000,e2-standard-4,e2,4,3.7285613333324363,268199.95987735054,3.7285613333324363e-06,,europe-west2,europe-west2-b
european_local_vol,cpu,none,1000,e2-standard-4,e2,4,20.547342999994573,48668.09299870373,2.0547342999994572e-05,,europe-west2,europe-west2-b
european_local_vol,jax,forward,1000,e2-standard-4,e2,4,70.08594800000385,14268.19538775369,7.008594800000386e-05,,europe-west2,europe-west2-b
european_local_vol,jax,reverse,1000,e2-standard-4,e2,4,42.68208866667086,23429.03150334509,4.268208866667086e-05,,europe-west2,europe-west2-b
asian,jax,none,1000,e2-standard-4,e2,4,110.78224133332999,9026.717531297496,0.00011078224133332999,,europe-west2,europe-west2-b
asian,jax,forward,1000,e2-standard-4,e2,4,534.6507313333385,1870.3799347775143,0.0005346507313333385,,europe-west2,europe-west2-b
asian,jax,reverse,1000,e2-standard-4,e2,4,377.80953166667547,2646.836345257312,0.0003778095316666755,,europe-west2,europe-west2-b
european,cpu,none,5000,e2-standard-4,e2,4,0.2158220000012534,23167239.669593286,1.079110000006267e-06,,europe-west2,europe-west2-b
european_local_vol,jax,none,5000,e2-standard-4,e2,4,71.69582739999782,69739.06545641109,0.0003584791369999891,,europe-west2,europe-west2-b
asian,cpu,none,5000,e2-standard-4,e2,4,53.63534040000104,93222.11740824344,0.00026817670200000523,,europe-west2,europe-west2-b
european,cpu,none,25000,e2-standard-4,e2,4,0.7365802857058108,33940631.435776666,1.8414507142645272e-05,,europe-west2,europe-west2-b
european_local_vol,jax,none,25000,e2-standard-4,e2,4,275.6466224285735,90695.83287376606,0.006891165560714337,,europe-west2,europe-west2-b
asian,cpu,none,25000,e2-standard-4,e2,4,277.03695585714576,90240.66815436444,0.006925923896428644,,europe-west2,europe-west2-b
european,cpu,none,10000,e2-standard-4,e2,4,0.33370699999863973,29966407.657138634,3.3370699999863973e-06,,europe-west2,europe-west2-b
european,cpu,none,50000,e2-standard-4,e2,4,1.5432140000029904,32399913.427368537,7.716070000014952e-05,,europe-west2,europe-west2-b
european,cpu,none,100000,e2-standard-4,e2,4,3.029895600002419,33004437.512606096,0.0003029895600002419,,europe-west2,europe-west2-b
european,jax,none,10000,e2-standard-4,e2,4,1.1279158000093048,8865910.026189458,1.1279158000093049e-05,,europe-west2,europe-west2-b
european,jax,none,50000,e2-standard-4,e2,4,2.2702190000018163,22024306.9060562,0.00011351095000009082,,europe-west2,europe-west2-b
european,jax,none,100000,e2-standard-4,e2,4,3.8429236000013134,26021854.819066875,0.0003842923600001314,,europe-west2,europe-west2-b
european,jax,forward,10000,e2-standard-4,e2,4,3.423459800001183,2921021.5934174387,3.423459800001183e-05,,europe-west2,europe-west2-b
european,jax,forward,50000,e2-standard-4,e2,4,4.839118200010262,10332460.984295439,0.00024195591000051306,,europe-west2,europe-west2-b
european,jax,forward,100000,e2-standard-4,e2,4,6.685419200010756,14957925.151475783,0.0006685419200010756,,europe-west2,europe-west2-b
european,jax,reverse,10000,e2-standard-4,e2,4,4.5208853999952225,2211956.09161218,4.520885399995223e-05,,europe-west2,europe-west2-b
european,jax,reverse,50000,e2-standard-4,e2,4,5.418950600005701,9226878.724442957,0.00027094753000028504,,europe-west2,europe-west2-b
european,jax,reverse,100000,e2-standard-4,e2,4,6.904680199994573,14482929.998709947,0.0006904680199994572,,europe-west2,europe-west2-b
european_local_vol,cpu,none,10000,e2-standard-4,e2,4,149.60393679999697,66843.16077436408,0.0014960393679999697,,europe-west2,europe-west2-b
european_local_vol,cpu,none,50000,e2-standard-4,e2,4,926.6867396000009,53955.66577501931,0.04633433698000005,,europe-west2,europe-west2-b
european_local_vol,cpu,none,100000,e2-standard-4,e2,4,1815.8479861999979,55070.68915458542,0.1815847986199998,,europe-west2,europe-west2-b
european_local_vol,jax,none,10000,e2-standard-4,e2,4,141.198534199998,70822.26495238037,0.00141198534199998,,europe-west2,europe-west2-b
european_local_vol,jax,none,50000,e2-standard-4,e2,4,513.313384599985,97406.38272848468,0.02566566922999925,,europe-west2,europe-west2-b
european_local_vol,jax,none,100000,e2-standard-4,e2,4,1079.5051062000027,92635.04121070154,0.10795051062000027,,europe-west2,europe-west2-b
european_local_vol,jax,forward,10000,e2-standard-4,e2,4,704.2400982000004,14199.7026661212,0.007042400982000004,,europe-west2,europe-west2-b
european_local_vol,jax,forward,50000,e2-standard-4,e2,4,2757.8697042000044,18129.935552739924,0.13789348521000022,,europe-west2,europe-west2-b
european_local_vol,jax,forward,100000,e2-standard-4,e2,4,5189.079902999987,19271.23919255638,0.5189079902999987,,europe-west2,europe-west2-b
european_local_vol,jax,reverse,10000,e2-standard-4,e2,4,320.0406897999983,31246.02689192196,0.003200406897999983,,europe-west2,europe-west2-b
european_local_vol,jax,reverse,50000,e2-standard-4,e2,4,1356.8884759999946,36849.012195457835,0.06784442379999973,,europe-west2,europe-west2-b
european_local_vol,jax,reverse,100000,e2-standard-4,e2,4,2551.121820399976,39198.441720953,0.2551121820399976,,europe-west2,europe-west2-b
asian,cpu,none,10000,e2-standard-4,e2,4,103.88801260002083,96257.49641107289,0.0010388801260002084,,europe-west2,europe-west2-b
asian,cpu,none,50000,e2-standard-4,e2,4,568.3035502000052,87981.1501835653,0.028415177510000264,,europe-west2,europe-west2-b
asian,cpu,none,100000,e2-standard-4,e2,4,1124.8531351999986,88900.49453631119,0.11248531351999987,,europe-west2,europe-west2-b
asian,jax,none,10000,e2-standard-4,e2,4,147.8281145999972,67646.13096134414,0.001478281145999972,,europe-west2,europe-west2-b
asian,jax,none,50000,e2-standard-4,e2,4,429.16141420000713,116506.28026101599,0.021458070710000356,,europe-west2,europe-west2-b
asian,jax,none,100000,e2-standard-4,e2,4,753.6104275999946,132694.55455714386,0.07536104275999947,,europe-west2,europe-west2-b
asian,jax,forward,10000,e2-standard-4,e2,4,657.1298298000102,15217.692983201485,0.006571298298000102,,europe-west2,europe-west2-b
asian,jax,forward,50000,e2-standard-4,e2,4,1185.4358330000196,42178.57990125322,0.059271791650000974,,europe-west2,europe-west2-b
asian,jax,forward,100000,e2-standard-4,e2,4,1873.1367255999885,53386.38585924302,0.18731367255999884,,europe-west2,europe-west2-b
asian,jax,reverse,10000,e2-standard-4,e2,4,515.3447423999864,19404.48631226836,0.005153447423999865,,europe-west2,europe-west2-b
asian,jax,reverse,50000,e2-standard-4,e2,4,853.6722728000086,58570.48611407061,0.04268361364000043,,europe-west2,europe-west2-b
asian,jax,reverse,100000,e2-standard-4,e2,4,1320.9143895999887,75705.1333434886,0.13209143895999886,,europe-west2,europe-west2-b
european,cpu,none,1000,e2-standard-4,e2,4,0.11243300000292795,8894185.870464705,1.1243300000292795e-07,,europe-west2,europe-west2-b
european,jax,none,1000,e2-standard-4,e2,4,0.7660559999986086,1305387.5956872818,7.660559999986087e-07,,europe-west2,europe-west2-b
european,jax,forward,1000,e2-standard-4,e2,4,2.7810676666651566,359574.13477792987,2.7810676666651565e-06,,europe-west2,europe-west2-b
european,jax,reverse,1000,e2-standard-4,e2,4,3.8476433333300974,259899.34964541264,3.847643333330098e-06,,europe-west2,europe-west2-b
european_local_vol,cpu,none,1000,e2-standard-4,e2,4,20.56814600000223,48618.86919705313,2.0568146000002232e-05,,europe-west2,europe-west2-b
european_local_vol,jax,none,1000,e2-standard-4,e2,4,15.638611333334513,63944.29650338889,1.5638611333334512e-05,,europe-west2,europe-west2-b
european_local_vol,jax,forward,1000,e2-standard-4,e2,4,70.59921533333124,14164.463376519721,7.059921533333125e-05,,europe-west2,europe-west2-b
european_local_vol,jax,reverse,1000,e2-standard-4,e2,4,40.861664000000054,24472.816378696636,4.086166400000006e-05,,europe-west2,europe-west2-b
asian,cpu,none,1000,e2-standard-4,e2,4,12.058234333342929,82930.88128457095,1.2058234333342929e-05,,europe-west2,europe-west2-b
asian,jax,none,1000,e2-standard-4,e2,4,110.70567766666765,9032.960378156737,0.00011070567766666766,,europe-west2,europe-west2-b
asian,jax,forward,1000,e2-standard-4,e2,4,568.9221450000019,1757.7097477898255,0.0005689221450000018,,europe-west2,europe-west2-b
asian,jax,reverse,1000,e2-standard-4,e2,4,388.3388466666702,2575.070736763937,0.00038833884666667016,,europe-west2,europe-west2-b
european,jax,forward,1000,e2-standard-4,e2,4,2.7810676666651566,359574.13477792987,2.7810676666651565e-06,,europe-west2,europe-west2-b
european,jax,reverse,1000,e2-standard-4,e2,4,3.8476433333300974,259899.34964541264,3.847643333330098e-06,,europe-west2,europe-west2-b
european_local_vol,cpu,none,1000,e2-standard-4,e2,4,20.56814600000223,48618.86919705313,2.0568146000002232e-05,,europe-west2,europe-west2-b
european_local_vol,jax,forward,1000,e2-standard-4,e2,4,70.59921533333124,14164.463376519721,7.059921533333125e-05,,europe-west2,europe-west2-b
european_local_vol,jax,reverse,1000,e2-standard-4,e2,4,40.861664000000054,24472.816378696636,4.086166400000006e-05,,europe-west2,europe-west2-b
asian,jax,forward,1000,e2-standard-4,e2,4,568.9221450000019,1757.7097477898255,0.0005689221450000018,,europe-west2,europe-west2-b
asian,jax,reverse,1000,e2-standard-4,e2,4,388.3388466666702,2575.070736763937,0.00038833884666667016,,europe-west2,europe-west2-b
european,cpu,none,5000,e2-standard-4,e2,4,0.21715759999381135,23024752.530615978,1.0857879999690568e-06,,europe-west2,europe-west2-b
european,jax,none,5000,e2-standard-4,e2,4,0.940145199999165,5318327.424321733,4.700725999995825e-06,,europe-west2,europe-west2-b
european_local_vol,jax,none,5000,e2-standard-4,e2,4,71.6630414000008,69770.97123315708,0.00035831520700000394,,europe-west2,europe-west2-b
asian,cpu,none,5000,e2-standard-4,e2,4,54.0960057999996,92428.26574822713,0.000270480028999998,,europe-west2,europe-west2-b
asian,jax,none,5000,e2-standard-4,e2,4,135.12823060000017,37001.8905583153,0.0006756411530000008,,europe-west2,europe-west2-b
european,cpu,none,5000,e2-standard-4,e2,4,0.21715759999381135,23024752.530615978,1.0857879999690568e-06,,europe-west2,europe-west2-b
asian,cpu,none,5000,e2-standard-4,e2,4,54.0960057999996,92428.26574822713,0.000270480028999998,,europe-west2,europe-west2-b
european,jax,none,25000,e2-standard-4,e2,4,1.7235724285760463,14504757.436073693,4.308931071440116e-05,,europe-west2,europe-west2-b
european_local_vol,jax,none,25000,e2-standard-4,e2,4,269.87676685714183,92634.87291306423,0.0067469191714285455,,europe-west2,europe-west2-b
asian,jax,none,25000,e2-standard-4,e2,4,255.3689805714348,97897.55961768703,0.00638422451428587,,europe-west2,europe-west2-b
european,cpu,none,10000,e2-standard-4,e2,4,0.35362119999717834,28278847.535384737,3.5362119999717832e-06,,europe-west2,europe-west2-b
european,cpu,none,50000,e2-standard-4,e2,4,1.6887349999961998,29607960.988617226,8.443674999981e-05,,europe-west2,europe-west2-b
european,cpu,none,100000,e2-standard-4,e2,4,3.3728935999960186,29648133.578870688,0.00033728935999960185,,europe-west2,europe-west2-b
european,jax,none,10000,e2-standard-4,e2,4,1.0552462000021023,9476461.511996042,1.0552462000021024e-05,,europe-west2,europe-west2-b
european,jax,none,50000,e2-standard-4,e2,4,2.2392265999997107,22329138.105096847,0.00011196132999998554,,europe-west2,europe-west2-b
european,jax,none,100000,e2-standard-4,e2,4,3.5350023999995983,28288523.93424439,0.0003535002399999598,,europe-west2,europe-west2-b
european,jax,forward,10000,e2-standard-4,e2,4,3.2964295999988735,3033585.18562126,3.296429599998874e-05,,europe-west2,europe-west2-b
european,jax,forward,50000,e2-standard-4,e2,4,5.765850199998113,8671748.01038299,0.00028829250999990564,,europe-west2,europe-west2-b
european,jax,forward,100000,e2-standard-4,e2,4,7.511074800001438,13313673.83000644,0.0007511074800001439,,europe-west2,europe-west2-b
european,jax,reverse,10000,e2-standard-4,e2,4,4.465187799999626,2239547.4609154933,4.465187799999626e-05,,europe-west2,europe-west2-b
european,jax,reverse,50000,e2-standard-4,e2,4,6.232115599996746,8022957.725627893,0.0003116057799998373,,europe-west2,europe-west2-b
european,jax,reverse,100000,e2-standard-4,e2,4,7.137110000005009,14011273.470624639,0.0007137110000005009,,europe-west2,europe-west2-b
european_local_vol,cpu,none,10000,e2-standard-4,e2,4,151.77604360000316,65886.55075470549,0.0015177604360000316,,europe-west2,europe-west2-b
european_local_vol,cpu,none,50000,e2-standard-4,e2,4,970.4661018000024,51521.63471476328,0.04852330509000012,,europe-west2,europe-west2-b
european_local_vol,cpu,none,100000,e2-standard-4,e2,4,1877.700476800004,53256.630242977306,0.18777004768000038,,europe-west2,europe-west2-b
european_local_vol,jax,none,10000,e2-standard-4,e2,4,147.19900759999973,67935.24061775005,0.0014719900759999974,,europe-west2,europe-west2-b
european_local_vol,jax,none,50000,e2-standard-4,e2,4,520.4722449999963,96066.60197605801,0.026023612249999814,,europe-west2,europe-west2-b
european_local_vol,jax,none,100000,e2-standard-4,e2,4,1050.0758539999936,95231.21555369144,0.10500758539999935,,europe-west2,europe-west2-b
european_local_vol,jax,forward,10000,e2-standard-4,e2,4,690.6052094000074,14480.052950495296,0.006906052094000074,,europe-west2,europe-west2-b
european_local_vol,jax,forward,50000,e2-standard-4,e2,4,2782.3566409999953,17970.37779528857,0.13911783204999978,,europe-west2,europe-west2-b
european_local_vol,jax,forward,100000,e2-standard-4,e2,4,5192.899832200003,19257.063149942252,0.5192899832200003,,europe-west2,europe-west2-b
european_local_vol,jax,reverse,10000,e2-standard-4,e2,4,318.0809332000024,31438.539554686908,0.0031808093320000235,,europe-west2,europe-west2-b
european_local_vol,jax,reverse,50000,e2-standard-4,e2,4,1447.0608108000022,34552.79807650771,0.07235304054000011,,europe-west2,europe-west2-b
european_local_vol,jax,reverse,100000,e2-standard-4,e2,4,2771.921531599992,36076.057298158295,0.2771921531599992,,europe-west2,europe-west2-b
asian,cpu,none,10000,e2-standard-4,e2,4,107.60360660001425,92933.68796802648,0.0010760360660001425,,europe-west2,europe-west2-b
asian,cpu,none,50000,e2-standard-4,e2,4,539.9846455999977,92595.2254520924,0.026999232279999886,,europe-west2,europe-west2-b
asian,cpu,none,100000,e2-standard-4,e2,4,1082.0992391999994,92412.96581442053,0.10820992391999994,,europe-west2,europe-west2-b
asian,jax,none,10000,e2-standard-4,e2,4,146.75467359999175,68140.93040237296,0.0014675467359999174,,europe-west2,europe-west2-b
asian,jax,none,50000,e2-standard-4,e2,4,402.04105100000334,124365.40964071748,0.02010205255000017,,europe-west2,europe-west2-b
asian,jax,none,100000,e2-standard-4,e2,4,720.2587601999994,138838.9916593757,0.07202587601999993,,europe-west2,europe-west2-b
asian,jax,forward,10000,e2-standard-4,e2,4,665.0387072000058,15036.718752962102,0.006650387072000058,,europe-west2,europe-west2-b
asian,jax,forward,50000,e2-standard-4,e2,4,1110.7391622000137,45015.06897529951,0.055536958110000686,,europe-west2,europe-west2-b
asian,jax,forward,100000,e2-standard-4,e2,4,1785.4759580000064,56007.474954753576,0.17854759580000062,,europe-west2,europe-west2-b
asian,jax,reverse,10000,e2-standard-4,e2,4,451.4646319999997,22150.129359413488,0.004514646319999998,,europe-west2,europe-west2-b
asian,jax,reverse,50000,e2-standard-4,e2,4,823.2813338000142,60732.580646782466,0.04116406669000071,,europe-west2,europe-west2-b
asian,jax,reverse,100000,e2-standard-4,e2,4,1281.8474636000133,78012.40228627072,0.12818474636000132,,europe-west2,europe-west2-b
european,cpu,none,1000,e2-standard-4,e2,4,0.12755766667282842,7839591.504639949,1.275576666728284e-07,,europe-west2,europe-west2-b
european,jax,none,1000,e2-standard-4,e2,4,0.6549333333225604,1526872.9641944964,6.549333333225604e-07,,europe-west2,europe-west2-b
european,jax,forward,1000,e2-standard-4,e2,4,2.367483333330256,422389.45715969836,2.367483333330256e-06,,europe-west2,europe-west2-b
european,jax,reverse,1000,e2-standard-4,e2,4,3.1195786666652716,320556.1092866966,3.1195786666652716e-06,,europe-west2,europe-west2-b
european,cpp,none,1000,e2-standard-4,e2,4,0.02698666667318624,37055335.95942744,2.698666667318624e-08,,europe-west2,europe-west2-b
european,rust,none,1000,e2-standard-4,e2,4,0.06747966666390919,14819278.894494597,6.747966666390919e-08,,europe-west2,europe-west2-b
european_local_vol,cpu,none,1000,e2-standard-4,e2,4,20.33555400001319,49174.9573185639,2.0335554000013186e-05,,europe-west2,europe-west2-b
european_local_vol,jax,none,1000,e2-standard-4,e2,4,15.465179666657983,64661.389104708636,1.5465179666657984e-05,,europe-west2,europe-west2-b
european_local_vol,jax,forward,1000,e2-standard-4,e2,4,68.87178233333202,14519.734586802291,6.887178233333203e-05,,europe-west2,europe-west2-b
european_local_vol,jax,reverse,1000,e2-standard-4,e2,4,38.17729733334355,26193.57759321043,3.817729733334355e-05,,europe-west2,europe-west2-b
european_local_vol,cpp,none,1000,e2-standard-4,e2,4,8.215797666660288,121716.7267955004,8.215797666660288e-06,,europe-west2,europe-west2-b
european_local_vol,rust,none,1000,e2-standard-4,e2,4,6.36662933333317,157068.9838600141,6.36662933333317e-06,,europe-west2,europe-west2-b
asian,cpu,none,1000,e2-standard-4,e2,4,11.439554666670423,87415.99031940797,1.1439554666670423e-05,,europe-west2,europe-west2-b
asian,jax,none,1000,e2-standard-4,e2,4,104.58916233333564,9561.220089065295,0.00010458916233333564,,europe-west2,europe-west2-b
asian,jax,forward,1000,e2-standard-4,e2,4,484.4463879999997,2064.211902019591,0.00048444638799999967,,europe-west2,europe-west2-b
asian,jax,reverse,1000,e2-standard-4,e2,4,340.04302133334363,2940.804360809692,0.0003400430213333436,,europe-west2,europe-west2-b
european,cpu,none,1000,e2-standard-4,e2,4,0.12755766667282842,7839591.504639949,1.275576666728284e-07,,europe-west2,europe-west2-b
european,jax,forward,1000,e2-standard-4,e2,4,2.367483333330256,422389.45715969836,2.367483333330256e-06,,europe-west2,europe-west2-b
european,jax,reverse,1000,e2-standard-4,e2,4,3.1195786666652716,320556.1092866966,3.1195786666652716e-06,,europe-west2,europe-west2-b
european,rust,none,1000,e2-standard-4,e2,4,0.06747966666390919,14819278.894494597,6.747966666390919e-08,,europe-west2,europe-west2-b
european_local_vol,cpu,none,1000,e2-standard-4,e2,4,20.33555400001319,49174.9573185639,2.0335554000013186e-05,,europe-west2,europe-west2-b
european_local_vol,jax,forward,1000,e2-standard-4,e2,4,68.87178233333202,14519.734586802291,6.887178233333203e-05,,europe-west2,europe-west2-b
european_local_vol,jax,reverse,1000,e2-standard-4,e2,4,38.17729733334355,26193.57759321043,3.817729733334355e-05,,europe-west2,europe-west2-b
european_local_vol,cpp,none,1000,e2-standard-4,e2,4,8.215797666660288,121716.7267955004,8.215797666660288e-06,,europe-west2,europe-west2-b
european_local_vol,rust,none,1000,e2-standard-4,e2,4,6.36662933333317,157068.9838600141,6.36662933333317e-06,,europe-west2,europe-west2-b
asian,jax,forward,1000,e2-standard-4,e2,4,484.4463879999997,2064.211902019591,0.00048444638799999967,,europe-west2,europe-west2-b
asian,jax,reverse,1000,e2-standard-4,e2,4,340.04302133334363,2940.804360809692,0.0003400430213333436,,europe-west2,europe-west2-b
european,jax,none,5000,e2-standard-4,e2,4,0.8060075999992478,6203415.451671506,4.0300379999962385e-06,,europe-west2,europe-west2-b
european,cpp,none,5000,e2-standard-4,e2,4,0.08339460000001964,59955920.407302424,4.169730000000982e-07,,europe-west2,europe-west2-b
european_local_vol,jax,none,5000,e2-standard-4,e2,4,67.06587040000613,74553.5690535009,0.0003353293520000307,,europe-west2,europe-west2-b
asian,cpu,none,5000,e2-standard-4,e2,4,50.750306599996975,98521.57228150219,0.00025375153299998484,,europe-west2,europe-west2-b
asian,jax,none,5000,e2-standard-4,e2,4,119.5291434000012,41830.80257897966,0.000597645717000006,,europe-west2,europe-west2-b
european,cpp,none,5000,e2-standard-4,e2,4,0.08339460000001964,59955920.407302424,4.169730000000982e-07,,europe-west2,europe-west2-b
asian,cpu,none,5000,e2-standard-4,e2,4,50.750306599996975,98521.57228150219,0.00025375153299998484,,europe-west2,europe-west2-b
european,jax,none,25000,e2-standard-4,e2,4,1.2357991428554473,20229824.680275146,3.089497857138618e-05,,europe-west2,europe-west2-b
european_local_vol,jax,none,25000,e2-standard-4,e2,4,242.96567299999847,102895.19375850332,0.006074141824999962,,europe-west2,europe-west2-b
asian,jax,none,25000,e2-standard-4,e2,4,234.6247172857139,106553.13851505375,0.005865617932142847,,europe-west2,europe-west2-b
european,cpu,none,10000,e2-standard-4,e2,4,0.3314395999950648,30171409.813881326,3.314395999950648e-06,,europe-west2,europe-west2-b
european,cpu,none,50000,e2-standard-4,e2,4,1.451665999996976,34443184.58936433,7.258329999984881e-05,,europe-west2,europe-west2-b
european,cpu,none,100000,e2-standard-4,e2,4,2.8337614000065514,35288786.13413564,0.0002833761400006551,,europe-west2,europe-west2-b
european,jax,none,10000,e2-standard-4,e2,4,0.9260131999951682,10798982.131196596,9.260131999951682e-06,,europe-west2,europe-west2-b
european,jax,none,50000,e2-standard-4,e2,4,1.6861405999918588,29653517.624948606,8.430702999959294e-05,,europe-west2,europe-west2-b
european,jax,none,100000,e2-standard-4,e2,4,2.8105604000018047,35580092.85263387,0.0002810560400001805,,europe-west2,europe-west2-b
european,jax,forward,10000,e2-standard-4,e2,4,2.7065684000035617,3694715.4189736494,2.7065684000035616e-05,,europe-west2,europe-west2-b
european,jax,forward,50000,e2-standard-4,e2,4,3.974237799997127,12581028.744690653,0.00019871188999985633,,europe-west2,europe-west2-b
european,jax,forward,100000,e2-standard-4,e2,4,5.321213400003444,18792706.189895578,0.0005321213400003445,,europe-west2,europe-west2-b
european,jax,reverse,10000,e2-standard-4,e2,4,3.076043200002232,3250929.6358363056,3.076043200002232e-05,,europe-west2,europe-west2-b
european,jax,reverse,50000,e2-standard-4,e2,4,4.633302399997774,10791438.952921359,0.0002316651199998887,,europe-west2,europe-west2-b
european,jax,reverse,100000,e2-standard-4,e2,4,5.679555199998276,17607012.60549952,0.0005679555199998276,,europe-west2,europe-west2-b
european,cpp,none,10000,e2-standard-4,e2,4,0.15900960000294617,62889284.670955196,1.5900960000294616e-06,,europe-west2,europe-west2-b
european,cpp,none,50000,e2-standard-4,e2,4,0.7851704000074733,63680444.39719594,3.925852000037367e-05,,europe-west2,europe-west2-b
european,cpp,none,100000,e2-standard-4,e2,4,1.5615410000066277,64039304.76341996,0.00015615410000066276,,europe-west2,europe-west2-b
european,rust,none,10000,e2-standard-4,e2,4,0.22393819999706466,44655177.18786289,2.2393819999706465e-06,,europe-west2,europe-west2-b
european,rust,none,50000,e2-standard-4,e2,4,0.424813200004337,117698790.9026592,2.124066000021685e-05,,europe-west2,europe-west2-b
european,rust,none,100000,e2-standard-4,e2,4,0.6922854000094958,144449095.70334482,6.922854000094958e-05,,europe-west2,europe-west2-b
european_local_vol,cpu,none,10000,e2-standard-4,e2,4,146.84535099999607,68098.85319420339,0.0014684535099999607,,europe-west2,europe-west2-b
european_local_vol,cpu,none,50000,e2-standard-4,e2,4,892.6201830000082,56014.866067620096,0.04463100915000041,,europe-west2,europe-west2-b
european_local_vol,cpu,none,100000,e2-standard-4,e2,4,1735.7398942000032,57612.31872019032,0.17357398942000032,,europe-west2,europe-west2-b
european_local_vol,jax,none,10000,e2-standard-4,e2,4,137.96244819999401,72483.49192458324,0.0013796244819999403,,europe-west2,europe-west2-b
european_local_vol,jax,none,50000,e2-standard-4,e2,4,483.3384775999946,103447.17484168398,0.024166923879999726,,europe-west2,europe-west2-b
european_local_vol,jax,none,100000,e2-standard-4,e2,4,966.8408193999994,103429.64218459233,0.09668408193999994,,europe-west2,europe-west2-b
european_local_vol,jax,forward,10000,e2-standard-4,e2,4,667.4451516000033,14982.50451895252,0.006674451516000033,,europe-west2,europe-west2-b
european_local_vol,jax,forward,50000,e2-standard-4,e2,4,2658.1508788000065,18810.068457277324,0.13290754394000032,,europe-west2,europe-west2-b
european_local_vol,jax,forward,100000,e2-standard-4,e2,4,4225.315940799999,23666.869271097992,0.4225315940799999,,europe-west2,europe-west2-b
european_local_vol,jax,reverse,10000,e2-standard-4,e2,4,312.194283000008,32031.33607670754,0.0031219428300000803,,europe-west2,europe-west2-b
european_local_vol,jax,reverse,50000,e2-standard-4,e2,4,1198.3989342000086,41722.33350105365,0.059919946710000435,,europe-west2,europe-west2-b
european_local_vol,jax,reverse,100000,e2-standard-4,e2,4,2364.3716032000043,42294.53604698064,0.23643716032000045,,europe-west2,europe-west2-b
european_local_vol,cpp,none,10000,e2-standard-4,e2,4,81.50373180001225,122693.76848335302,0.0008150373180001224,,europe-west2,europe-west2-b
european_local_vol,cpp,none,50000,e2-standard-4,e2,4,407.85780559999694,122591.74475389854,0.02039289027999985,,europe-west2,europe-west2-b
european_local_vol,cpp,none,100000,e2-standard-4,e2,4,813.5903861999964,122911.97351417333,0.08135903861999963,,europe-west2,europe-west2-b
european_local_vol,rust,none,10000,e2-standard-4,e2,4,62.00816840000698,161269.07564002284,0.0006200816840000698,,europe-west2,europe-west2-b
european_local_vol,rust,none,50000,e2-standard-4,e2,4,309.61956540000983,161488.50262548172,0.015480978270000492,,europe-west2,europe-west2-b
european_local_vol,rust,none,100000,e2-standard-4,e2,4,617.4959048000005,161944.393837541,0.06174959048000005,,europe-west2,europe-west2-b
asian,cpu,none,10000,e2-standard-4,e2,4,82.76421079999636,120825.17193531239,0.0008276421079999636,,europe-west2,europe-west2-b
asian,cpu,none,50000,e2-standard-4,e2,4,519.8795914000129,96176.11621443379,0.025993979570000648,,europe-west2,europe-west2-b
asian,cpu,none,100000,e2-standard-4,e2,4,1040.0464761999956,96149.54935991774,0.10400464761999956,,europe-west2,europe-west2-b
asian,jax,none,10000,e2-standard-4,e2,4,133.66138599998294,74815.92327645978,0.0013366138599998293,,europe-west2,europe-west2-b
asian,jax,none,50000,e2-standard-4,e2,4,382.62305379998907,130676.91427222996,0.019131152689999455,,europe-west2,europe-west2-b
asian,jax,none,100000,e2-standard-4,e2,4,680.2295688000072,147009.19305288358,0.06802295688000072,,europe-west2,europe-west2-b
asian,jax,forward,10000,e2-standard-4,e2,4,592.4540439999987,16878.946310306597,0.005924540439999988,,europe-west2,europe-west2-b
asian,jax,forward,50000,e2-standard-4,e2,4,1044.6900696000057,47861.08478962011,0.052234503480000284,,europe-west2,europe-west2-b
asian,jax,forward,100000,e2-standard-4,e2,4,1662.1974069999965,60161.32595254386,0.16621974069999967,,europe-west2,europe-west2-b
asian,jax,reverse,10000,e2-standard-4,e2,4,405.2576083999952,24675.662572952493,0.0040525760839999515,,europe-west2,europe-west2-b
asian,jax,reverse,50000,e2-standard-4,e2,4,758.0556783999896,65958.2157679154,0.03790278391999948,,europe-west2,europe-west2-b
asian,jax,reverse,100000,e2-standard-4,e2,4,1235.0884643999848,80965.86024595473,0.12350884643999847,,europe-west2,europe-west2-b
european,cpu,none,1000,e2-standard-4,e2,4,0.1168986666660506,8554417.501242701,1.168986666660506e-07,,europe-west2,europe-west2-b
european,jax,none,1000,e2-standard-4,e2,4,0.7599806666670853,1315822.9463724724,7.599806666670853e-07,,europe-west2,europe-west2-b
european,jax,forward,1000,e2-standard-4,e2,4,2.7722486666637756,360718.00196893455,2.7722486666637757e-06,,europe-west2,europe-west2-b
european,jax,reverse,1000,e2-standard-4,e2,4,3.460119666669925,289007.34550675703,3.4601196666699252e-06,,europe-west2,europe-west2-b
european,cpp,none,1000,e2-standard-4,e2,4,0.03315999998676489,30156815.45232596,3.3159999986764886e-08,,europe-west2,europe-west2-b
european,rust,none,1000,e2-standard-4,e2,4,0.12882700000697392,7762347.954589224,1.288270000069739e-07,,europe-west2,europe-west2-b
european_local_vol,cpu,none,1000,e2-standard-4,e2,4,20.21873166665955,49459.08657806603,2.021873166665955e-05,,europe-west2,europe-west2-b
european_local_vol,jax,none,1000,e2-standard-4,e2,4,15.958677333325493,62661.83463160593,1.5958677333325494e-05,,europe-west2,europe-west2-b
european_local_vol,jax,forward,1000,e2-standard-4,e2,4,70.6870796666692,14146.856889768018,7.06870796666692e-05,,europe-west2,europe-west2-b
european_local_vol,jax,reverse,1000,e2-standard-4,e2,4,39.83723166667611,25102.145861116678,3.983723166667611e-05,,europe-west2,europe-west2-b
european_local_vol,cpp,none,1000,e2-standard-4,e2,4,8.307081333337388,120379.2234448062,8.307081333337389e-06,,europe-west2,europe-west2-b
european_local_vol,rust,none,1000,e2-standard-4,e2,4,6.706989666658576,149098.1870705938,6.7069896666585765e-06,,europe-west2,europe-west2-b
asian,cpu,none,1000,e2-standard-4,e2,4,12.041858666672548,83043.6585979566,1.2041858666672547e-05,,europe-west2,europe-west2-b
asian,jax,none,1000,e2-standard-4,e2,4,112.79551366666851,8865.600833692588,0.00011279551366666852,,europe-west2,europe-west2-b
asian,jax,forward,1000,e2-standard-4,e2,4,537.9161603333292,1859.0257622681058,0.0005379161603333292,,europe-west2,europe-west2-b
asian,jax,reverse,1000,e2-standard-4,e2,4,372.4331399999983,2685.0456970612354,0.0003724331399999983,,europe-west2,europe-west2-b
european,cpu,none,1000,e2-standard-4,e2,4,0.1168986666660506,8554417.501242701,1.168986666660506e-07,,europe-west2,europe-west2-b
european,jax,forward,1000,e2-standard-4,e2,4,2.7722486666637756,360718.00196893455,2.7722486666637757e-06,,europe-west2,europe-west2-b
european,jax,reverse,1000,e2-standard-4,e2,4,3.460119666669925,289007.34550675703,3.4601196666699252e-06,,europe-west2,europe-west2-b
european_local_vol,cpu,none,1000,e2-standard-4,e2,4,20.21873166665955,49459.08657806603,2.021873166665955e-05,,europe-west2,europe-west2-b
european_local_vol,jax,forward,1000,e2-standard-4,e2,4,70.6870796666692,14146.856889768018,7.06870796666692e-05,,europe-west2,europe-west2-b
european_local_vol,jax,reverse,1000,e2-standard-4,e2,4,39.83723166667611,25102.145861116678,3.983723166667611e-05,,europe-west2,europe-west2-b
european_local_vol,cpp,none,1000,e2-standard-4,e2,4,8.307081333337388,120379.2234448062,8.307081333337389e-06,,europe-west2,europe-west2-b
european_local_vol,rust,none,1000,e2-standard-4,e2,4,6.706989666658576,149098.1870705938,6.7069896666585765e-06,,europe-west2,europe-west2-b
asian,jax,forward,1000,e2-standard-4,e2,4,537.9161603333292,1859.0257622681058,0.0005379161603333292,,europe-west2,europe-west2-b
asian,jax,reverse,1000,e2-standard-4,e2,4,372.4331399999983,2685.0456970612354,0.0003724331399999983,,europe-west2,europe-west2-b
european,jax,none,5000,e2-standard-4,e2,4,0.9451004000027297,5290443.216387972,4.725502000013649e-06,,europe-west2,europe-west2-b
european,cpp,none,5000,e2-standard-4,e2,4,0.08566299999870353,58368257.00799264,4.2831499999351764e-07,,europe-west2,europe-west2-b
european,rust,none,5000,e2-standard-4,e2,4,0.18773339999711425,26633513.26975838,9.386669999855713e-07,,europe-west2,europe-west2-b
european_local_vol,jax,none,5000,e2-standard-4,e2,4,71.10282740000571,70320.69163538775,0.0003555141370000286,,europe-west2,europe-west2-b
asian,cpu,none,5000,e2-standard-4,e2,4,51.594901799995796,96908.7996209813,0.000257974508999979,,europe-west2,europe-west2-b
asian,jax,none,5000,e2-standard-4,e2,4,125.84063239999638,39732.79460410709,0.0006292031619999818,,europe-west2,europe-west2-b
european,rust,none,5000,e2-standard-4,e2,4,0.18773339999711425,26633513.26975838,9.386669999855713e-07,,europe-west2,europe-west2-b
asian,cpu,none,5000,e2-standard-4,e2,4,51.594901799995796,96908.7996209813,0.000257974508999979,,europe-west2,europe-west2-b
european,jax,none,25000,e2-standard-4,e2,4,1.6303744285681074,15333900.950566612,4.075936071420269e-05,,europe-west2,europe-west2-b
european,cpp,none,25000,e2-standard-4,e2,4,0.4022241428580336,62154399.34152296,1.005560357145084e-05,,europe-west2,europe-west2-b
european_local_vol,jax,none,25000,e2-standard-4,e2,4,258.02839099999835,96888.56293337178,0.006450709774999958,,europe-west2,europe-west2-b
asian,jax,none,25000,e2-standard-4,e2,4,241.6360699999903,103461.37478564771,0.006040901749999758,,europe-west2,europe-west2-b
european,cpu,none,10000,e2-standard-4,e2,4,0.3587999999922431,27870680.045195624,3.587999999922431e-06,,europe-west2,europe-west2-b
european,cpu,none,50000,e2-standard-4,e2,4,1.5322007999998277,32632798.520928603,7.66100399999914e-05,,europe-west2,europe-west2-b
european,cpu,none,100000,e2-standard-4,e2,4,3.0352341999957844,32946386.806045774,0.00030352341999957845,,europe-west2,europe-west2-b
european,jax,none,10000,e2-standard-4,e2,4,1.1173634000044785,8949639.839608062,1.1173634000044785e-05,,europe-west2,europe-west2-b
european,jax,none,50000,e2-standard-4,e2,4,2.39696699999854,20859694.772614915,0.000119848349999927,,europe-west2,europe-west2-b
european,jax,none,100000,e2-standard-4,e2,4,3.5881257999903937,27869702.89622168,0.0003588125799990394,,europe-west2,europe-west2-b
european,jax,forward,10000,e2-standard-4,e2,4,3.0726659999913863,3254502.7673128266,3.072665999991386e-05,,europe-west2,europe-west2-b
european,jax,forward,50000,e2-standard-4,e2,4,5.17980780000471,9652867.814893544,0.0002589903900002355,,europe-west2,europe-west2-b
european,jax,forward,100000,e2-standard-4,e2,4,7.141438399997924,14002781.288434705,0.0007141438399997924,,europe-west2,europe-west2-b
european,jax,reverse,10000,e2-standard-4,e2,4,4.358418200001779,2294410.389529834,4.3584182000017794e-05,,europe-west2,europe-west2-b
european,jax,reverse,50000,e2-standard-4,e2,4,6.1278852000100414,8159421.785499192,0.00030639426000050207,,europe-west2,europe-west2-b
european,jax,reverse,100000,e2-standard-4,e2,4,7.15651920000937,13973273.487461483,0.0007156519200009371,,europe-west2,europe-west2-b
european,cpp,none,10000,e2-standard-4,e2,4,0.18577019999383992,53829946.893159375,1.8577019999383992e-06,,europe-west2,europe-west2-b
european,cpp,none,50000,e2-standard-4,e2,4,0.8175562000019454,61157875.140425846,4.087781000009727e-05,,europe-west2,europe-west2-b
european,cpp,none,100000,e2-standard-4,e2,4,1.638710799988985,61023580.24409931,0.0001638710799988985,,europe-west2,europe-west2-b
european,rust,none,10000,e2-standard-4,e2,4,0.22860020000052828,43744493.66175923,2.286002000005283e-06,,europe-west2,europe-west2-b
european,rust,none,50000,e2-standard-4,e2,4,0.5894653999973798,84822620.63256343,2.947326999986899e-05,,europe-west2,europe-west2-b
european,rust,none,100000,e2-standard-4,e2,4,0.8471166000049379,118047503.73138371,8.471166000049379e-05,,europe-west2,europe-west2-b
european_local_vol,cpu,none,10000,e2-standard-4,e2,4,148.89064879999978,67163.38521321572,0.0014889064879999977,,europe-west2,europe-west2-b
european_local_vol,cpu,none,50000,e2-standard-4,e2,4,934.137197199999,53525.32813153247,0.04670685985999996,,europe-west2,europe-west2-b
european_local_vol,cpu,none,100000,e2-standard-4,e2,4,1810.9639131999984,55219.21186342063,0.18109639131999986,,europe-west2,europe-west2-b
european_local_vol,jax,none,10000,e2-standard-4,e2,4,140.41284560000236,71218.55523452074,0.0014041284560000235,,europe-west2,europe-west2-b
european_local_vol,jax,none,50000,e2-standard-4,e2,4,501.5243420000047,99696.05822243326,0.025076217100000235,,europe-west2,europe-west2-b
european_local_vol,jax,none,100000,e2-standard-4,e2,4,986.2929045999977,101389.75910057484,0.09862929045999977,,europe-west2,europe-west2-b
european_local_vol,jax,forward,10000,e2-standard-4,e2,4,698.1548223999937,14323.470495589732,0.006981548223999937,,europe-west2,europe-west2-b
european_local_vol,jax,forward,50000,e2-standard-4,e2,4,2661.4050059999954,18787.06919363181,0.13307025029999978,,europe-west2,europe-west2-b
european_local_vol,jax,forward,100000,e2-standard-4,e2,4,4751.9810919999945,21043.854776348115,0.47519810919999944,,europe-west2,europe-west2-b
european_local_vol,jax,reverse,10000,e2-standard-4,e2,4,305.7988986000055,32701.229617835586,0.003057988986000055,,europe-west2,europe-west2-b
european_local_vol,jax,reverse,50000,e2-standard-4,e2,4,1291.1244937999982,38725.93250310164,0.06455622468999991,,europe-west2,europe-west2-b
european_local_vol,jax,reverse,100000,e2-standard-4,e2,4,2502.853351400006,39954.39842452759,0.2502853351400006,,europe-west2,europe-west2-b
european_local_vol,cpp,none,10000,e2-standard-4,e2,4,82.44442539997863,121293.82855766248,0.0008244442539997862,,europe-west2,europe-west2-b
european_local_vol,cpp,none,50000,e2-standard-4,e2,4,415.949399800013,120206.92907368018,0.02079746999000065,,europe-west2,europe-west2-b
european_local_vol,cpp,none,100000,e2-standard-4,e2,4,829.593646800015,120540.94240683882,0.0829593646800015,,europe-west2,europe-west2-b
european_local_vol,rust,none,10000,e2-standard-4,e2,4,63.92176720000861,156441.23180622348,0.0006392176720000861,,europe-west2,europe-west2-b
european_local_vol,rust,none,50000,e2-standard-4,e2,4,317.02986419999206,157713.84858701666,0.015851493209999602,,europe-west2,europe-west2-b
european_local_vol,rust,none,100000,e2-standard-4,e2,4,631.2587020000137,158413.6577969864,0.06312587020000138,,europe-west2,europe-west2-b
asian,cpu,none,10000,e2-standard-4,e2,4,100.91289519998554,99095.36318606616,0.0010091289519998554,,europe-west2,europe-west2-b
asian,cpu,none,50000,e2-standard-4,e2,4,535.0541257999907,93448.48976772596,0.026752706289999536,,europe-west2,europe-west2-b
asian,cpu,none,100000,e2-standard-4,e2,4,1073.4641721999878,93156.34614526275,0.10734641721999878,,europe-west2,europe-west2-b
asian,jax,none,10000,e2-standard-4,e2,4,143.76304759999812,69558.90381389028,0.0014376304759999813,,europe-west2,europe-west2-b
asian,jax,none,50000,e2-standard-4,e2,4,391.20357780000177,127810.692021743,0.01956017889000009,,europe-west2,europe-west2-b
asian,jax,none,100000,e2-standard-4,e2,4,701.933285400014,142463.6814921984,0.0701933285400014,,europe-west2,europe-west2-b
asian,jax,forward,10000,e2-standard-4,e2,4,635.4629312000043,15736.559142979531,0.006354629312000043,,europe-west2,europe-west2-b
asian,jax,forward,50000,e2-standard-4,e2,4,1102.5296695999941,45350.253493078664,0.055126483479999704,,europe-west2,europe-west2-b
asian,jax,forward,100000,e2-standard-4,e2,4,1781.750145799981,56124.59201180611,0.1781750145799981,,europe-west2,europe-west2-b
asian,jax,reverse,10000,e2-standard-4,e2,4,440.92704180000055,22679.48901291449,0.004409270418000005,,europe-west2,europe-west2-b
asian,jax,reverse,50000,e2-standard-4,e2,4,827.3193293999839,60436.15593541453,0.041365966469999196,,europe-west2,europe-west2-b
asian,jax,reverse,100000,e2-standard-4,e2,4,1319.0158559999873,75814.0999936554,0.13190158559999873,,europe-west2,europe-west2-b
european,cpu,none,1000,e2-standard-8,e2,8,0.11725233333474232,8528614.924405057,1.1725233333474231e-07,,europe-west2,europe-west2-b
european,jax,none,1000,e2-standard-8,e2,8,0.581067333342844,1720970.9488349012,5.81067333342844e-07,,europe-west2,europe-west2-b
european,jax,forward,1000,e2-standard-8,e2,8,2.4027559999998025,416188.7432598575,2.4027559999998024e-06,,europe-west2,europe-west2-b
european,jax,reverse,1000,e2-standard-8,e2,8,2.9125800000050126,343338.2087353065,2.9125800000050125e-06,,europe-west2,europe-west2-b
european_local_vol,cpu,none,1000,e2-standard-8,e2,8,19.85026833333829,50377.15275216265,1.9850268333338288e-05,,europe-west2,europe-west2-b
european_local_vol,jax,none,1000,e2-standard-8,e2,8,14.256492999995393,70143.47778239172,1.4256492999995393e-05,,europe-west2,europe-west2-b
european_local_vol,jax,forward,1000,e2-standard-8,e2,8,67.85246799999338,14737.857435047132,6.785246799999337e-05,,europe-west2,europe-west2-b
european_local_vol,jax,reverse,1000,e2-standard-8,e2,8,38.08701500001158,26255.667449909,3.8087015000011585e-05,,europe-west2,europe-west2-b
asian,cpu,none,1000,e2-standard-8,e2,8,12.878465000009479,77649.00552971677,1.287846500000948e-05,,europe-west2,europe-west2-b
asian,jax,none,1000,e2-standard-8,e2,8,97.88641833333145,10215.921851330917,9.788641833333144e-05,,europe-west2,europe-west2-b
asian,jax,forward,1000,e2-standard-8,e2,8,433.4823733333432,2306.898876441767,0.00043348237333334325,,europe-west2,europe-west2-b
asian,jax,reverse,1000,e2-standard-8,e2,8,312.21724833333536,3202.8979991917704,0.0003122172483333354,,europe-west2,europe-west2-b
european,cpu,none,10000,e2-standard-8,e2,8,0.3336541999999554,29971149.771234225,3.3365419999995537e-06,,europe-west2,europe-west2-b
european,cpu,none,50000,e2-standard-8,e2,8,1.4541987999962203,34383194.37488875,7.270993999981102e-05,,europe-west2,europe-west2-b
european,cpu,none,100000,e2-standard-8,e2,8,2.8910949999954028,34588970.61499502,0.00028910949999954027,,europe-west2,europe-west2-b
european,jax,none,10000,e2-standard-8,e2,8,0.931111199992074,10739855.776716169,9.31111199992074e-06,,europe-west2,europe-west2-b
european,jax,none,50000,e2-standard-8,e2,8,1.704138799999555,29340333.0761632,8.520693999997776e-05,,europe-west2,europe-west2-b
european,jax,none,100000,e2-standard-8,e2,8,2.374599799986754,42112359.31231773,0.0002374599799986754,,europe-west2,europe-west2-b
european,jax,forward,10000,e2-standard-8,e2,8,2.570468999994091,3890340.6343445447,2.5704689999940912e-05,,europe-west2,europe-west2-b
european,jax,forward,50000,e2-standard-8,e2,8,3.8762023999936446,12899223.219118275,0.00019381011999968225,,europe-west2,europe-west2-b
european,jax,forward,100000,e2-standard-8,e2,8,4.663490000001502,21443168.099420775,0.00046634900000015023,,europe-west2,europe-west2-b
european,jax,reverse,10000,e2-standard-8,e2,8,3.36124859999245,2975084.913392738,3.3612485999924504e-05,,europe-west2,europe-west2-b
european,jax,reverse,50000,e2-standard-8,e2,8,4.2141695999987405,11864733.683242114,0.00021070847999993703,,europe-west2,europe-west2-b
european,jax,reverse,100000,e2-standard-8,e2,8,5.15179020000005,19410728.332842246,0.0005151790200000051,,europe-west2,europe-west2-b
european_local_vol,cpu,none,10000,e2-standard-8,e2,8,146.17425780000417,68411.49837532963,0.0014617425780000417,,europe-west2,europe-west2-b
european_local_vol,cpu,none,50000,e2-standard-8,e2,8,857.8078099999914,58288.11467687675,0.04289039049999957,,europe-west2,europe-west2-b
european_local_vol,cpu,none,100000,e2-standard-8,e2,8,1708.9577685999927,58515.19671075412,0.17089577685999927,,europe-west2,europe-west2-b
european_local_vol,jax,none,10000,e2-standard-8,e2,8,117.80194599999163,84888.24115011402,0.0011780194599999164,,europe-west2,europe-west2-b
european_local_vol,jax,none,50000,e2-standard-8,e2,8,303.07332120000865,164976.57993130732,0.015153666060000433,,europe-west2,europe-west2-b
european_local_vol,jax,none,100000,e2-standard-8,e2,8,591.5479638000022,169047.99968816937,0.05915479638000022,,europe-west2,europe-west2-b
european_local_vol,jax,forward,10000,e2-standard-8,e2,8,641.8219003999923,15580.646272381577,0.006418219003999922,,europe-west2,europe-west2-b
european_local_vol,jax,forward,50000,e2-standard-8,e2,8,1785.1716432000046,28008.511221012133,0.08925858216000024,,europe-west2,europe-west2-b
european_local_vol,jax,forward,100000,e2-standard-8,e2,8,3127.9614132000006,31969.703839056292,0.31279614132000005,,europe-west2,europe-west2-b
european_local_vol,jax,reverse,10000,e2-standard-8,e2,8,267.83013239999036,37337.09837049074,0.0026783013239999034,,europe-west2,europe-west2-b
european_local_vol,jax,reverse,50000,e2-standard-8,e2,8,820.8376066000028,60913.38846803736,0.04104188033000014,,europe-west2,europe-west2-b
european_local_vol,jax,reverse,100000,e2-standard-8,e2,8,1609.7008296000013,62123.34500992291,0.16097008296000012,,europe-west2,europe-west2-b
asian,cpu,none,10000,e2-standard-8,e2,8,107.52273580000065,93003.58594484294,0.0010752273580000066,,europe-west2,europe-west2-b
asian,cpu,none,50000,e2-standard-8,e2,8,557.6802683999858,89657.10790423452,0.02788401341999929,,europe-west2,europe-west2-b
asian,cpu,none,100000,e2-standard-8,e2,8,1110.6746487999999,90035.3673400599,0.11106746488,,europe-west2,europe-west2-b
asian,jax,none,10000,e2-standard-8,e2,8,112.75667499999145,88686.54560806052,0.0011275667499999146,,europe-west2,europe-west2-b
asian,jax,none,50000,e2-standard-8,e2,8,253.27243899998848,197415.87437392774,0.012663621949999425,,europe-west2,europe-west2-b
asian,jax,none,100000,e2-standard-8,e2,8,428.0440014000078,233620.8419529978,0.04280440014000078,,europe-west2,europe-west2-b
asian,jax,forward,10000,e2-standard-8,e2,8,484.9229986000182,20621.830741932612,0.004849229986000182,,europe-west2,europe-west2-b
asian,jax,forward,50000,e2-standard-8,e2,8,774.7464344000036,64537.244419488175,0.03873732172000018,,europe-west2,europe-west2-b
asian,jax,forward,100000,e2-standard-8,e2,8,1236.9576159999838,80843.51371987617,0.12369576159999839,,europe-west2,europe-west2-b
asian,jax,reverse,10000,e2-standard-8,e2,8,358.57480480000277,27888.18362622427,0.0035857480480000277,,europe-west2,europe-west2-b
asian,jax,reverse,50000,e2-standard-8,e2,8,569.341307000002,87820.7840977887,0.028467065350000098,,europe-west2,europe-west2-b
asian,jax,reverse,100000,e2-standard-8,e2,8,848.9897802000087,117787.04800950791,0.08489897802000088,,europe-west2,europe-west2-b
european,cpu,none,1000,e2-standard-8,e2,8,0.10402766666099221,9612827.357349304,1.0402766666099221e-07,,europe-west2,europe-west2-b
european,jax,none,1000,e2-standard-8,e2,8,0.8107199999993023,1233471.4821403944,8.107199999993023e-07,,europe-west2,europe-west2-b
european,jax,forward,1000,e2-standard-8,e2,8,2.3288983333316082,429387.57166331465,2.3288983333316084e-06,,europe-west2,europe-west2-b
european,jax,reverse,1000,e2-standard-8,e2,8,2.800312666659958,357102.9806442075,2.8003126666599578e-06,,europe-west2,europe-west2-b
european_local_vol,cpu,none,1000,e2-standard-8,e2,8,15.48808133333542,64565.77664320968,1.548808133333542e-05,,europe-west2,europe-west2-b
european_local_vol,jax,none,1000,e2-standard-8,e2,8,12.622932000004047,79220.89733190984,1.2622932000004045e-05,,europe-west2,europe-west2-b
european_local_vol,jax,forward,1000,e2-standard-8,e2,8,48.637948666666375,20560.077622791316,4.863794866666637e-05,,europe-west2,europe-west2-b
european_local_vol,jax,reverse,1000,e2-standard-8,e2,8,27.25086333333593,36696.085102621386,2.7250863333335927e-05,,europe-west2,europe-west2-b
asian,cpu,none,1000,e2-standard-8,e2,8,8.568199333330048,116710.63675071481,8.568199333330048e-06,,europe-west2,europe-west2-b
asian,jax,none,1000,e2-standard-8,e2,8,79.12953500000224,12637.506336919227,7.912953500000223e-05,,europe-west2,europe-west2-b
asian,jax,forward,1000,e2-standard-8,e2,8,340.1040296666669,2940.276835238005,0.00034010402966666695,,europe-west2,europe-west2-b
asian,jax,reverse,1000,e2-standard-8,e2,8,244.3574289999996,4092.3658596850014,0.0002443574289999996,,europe-west2,europe-west2-b
european,jax,none,1000,e2-standard-8,e2,8,0.8107199999993023,1233471.4821403944,8.107199999993023e-07,,europe-west2,europe-west2-b
european,jax,forward,1000,e2-standard-8,e2,8,2.3288983333316082,429387.57166331465,2.3288983333316084e-06,,europe-west2,europe-west2-b
european,jax,reverse,1000,e2-standard-8,e2,8,2.800312666659958,357102.9806442075,2.8003126666599578e-06,,europe-west2,europe-west2-b
european_local_vol,cpu,none,1000,e2-standard-8,e2,8,15.48808133333542,64565.77664320968,1.548808133333542e-05,,europe-west2,europe-west2-b
european_local_vol,jax,forward,1000,e2-standard-8,e2,8,48.637948666666375,20560.077622791316,4.863794866666637e-05,,europe-west2,europe-west2-b
european_local_vol,jax,reverse,1000,e2-standard-8,e2,8,27.25086333333593,36696.085102621386,2.7250863333335927e-05,,europe-west2,europe-west2-b
asian,jax,none,1000,e2-standard-8,e2,8,79.12953500000224,12637.506336919227,7.912953500000223e-05,,europe-west2,europe-west2-b
asian,jax,forward,1000,e2-standard-8,e2,8,340.1040296666669,2940.276835238005,0.00034010402966666695,,europe-west2,europe-west2-b
asian,jax,reverse,1000,e2-standard-8,e2,8,244.3574289999996,4092.3658596850014,0.0002443574289999996,,europe-west2,europe-west2-b
european,cpu,none,5000,e2-standard-8,e2,8,0.15207339998823954,32878859.81629049,7.603669999411977e-07,,europe-west2,europe-west2-b
european_local_vol,jax,none,5000,e2-standard-8,e2,8,44.548120600001084,112238.18048117339,0.00022274060300000542,,europe-west2,europe-west2-b
asian,cpu,none,5000,e2-standard-8,e2,8,32.96549460000051,151673.74433993545,0.00016482747300000257,,europe-west2,europe-west2-b
european,cpu,none,25000,e2-standard-8,e2,8,0.49526685713528557,50477837.63404761,1.2381671428382139e-05,,europe-west2,europe-west2-b
european_local_vol,jax,none,25000,e2-standard-8,e2,8,136.83202085713577,182705.77196329006,0.0034208005214283943,,europe-west2,europe-west2-b
asian,cpu,none,25000,e2-standard-8,e2,8,166.06800985713986,150540.73341100596,0.004151700246428496,,europe-west2,europe-west2-b
european,cpu,none,10000,e2-standard-8,e2,8,0.2180320000093161,45864827.17937146,2.180320000093161e-06,,europe-west2,europe-west2-b
european,cpu,none,50000,e2-standard-8,e2,8,1.0378901999956724,48174652.77175608,5.1894509999783624e-05,,europe-west2,europe-west2-b
european,cpu,none,100000,e2-standard-8,e2,8,1.9395933999931003,51557197.503536426,0.00019395933999931004,,europe-west2,europe-west2-b
european,jax,none,10000,e2-standard-8,e2,8,1.0904127999992852,9170838.786931477,1.0904127999992852e-05,,europe-west2,europe-west2-b
european,jax,none,50000,e2-standard-8,e2,8,2.1100368000077196,23696269.183464985,0.00010550184000038599,,europe-west2,europe-west2-b
european,jax,none,100000,e2-standard-8,e2,8,2.863145399999212,34926623.00700046,0.00028631453999992116,,europe-west2,europe-west2-b
european,jax,forward,10000,e2-standard-8,e2,8,2.676123800000596,3736747.90381438,2.676123800000596e-05,,europe-west2,europe-west2-b
european,jax,forward,50000,e2-standard-8,e2,8,3.838267199995471,13026711.636974882,0.00019191335999977355,,europe-west2,europe-west2-b
european,jax,forward,100000,e2-standard-8,e2,8,4.840193199999021,20660332.31897029,0.0004840193199999021,,europe-west2,europe-west2-b
european,jax,reverse,10000,e2-standard-8,e2,8,2.838879200004385,3522516.9144162787,2.838879200004385e-05,,europe-west2,europe-west2-b
european,jax,reverse,50000,e2-standard-8,e2,8,3.603817200001913,13874177.635861624,0.00018019086000009565,,europe-west2,europe-west2-b
european,jax,reverse,100000,e2-standard-8,e2,8,5.318841399997609,18801087.018696394,0.0005318841399997609,,europe-west2,europe-west2-b
european_local_vol,cpu,none,10000,e2-standard-8,e2,8,99.34870440000054,100655.5652677434,0.0009934870440000054,,europe-west2,europe-west2-b
european_local_vol,cpu,none,50000,e2-standard-8,e2,8,598.1530291999945,83590.64914687964,0.029907651459999726,,europe-west2,europe-west2-b
european_local_vol,cpu,none,100000,e2-standard-8,e2,8,1084.487744400002,92209.43299393899,0.10844877444000019,,europe-west2,europe-west2-b
european_local_vol,jax,none,10000,e2-standard-8,e2,8,82.78225999999904,120798.82815472924,0.0008278225999999904,,europe-west2,europe-west2-b
european_local_vol,jax,none,50000,e2-standard-8,e2,8,212.6967155999978,235076.50251652743,0.01063483577999989,,europe-west2,europe-west2-b
european_local_vol,jax,none,100000,e2-standard-8,e2,8,394.1426696000008,253715.23489574448,0.039414266960000076,,europe-west2,europe-west2-b
european_local_vol,jax,forward,10000,e2-standard-8,e2,8,459.87794399998734,21744.900207695708,0.004598779439999874,,europe-west2,europe-west2-b
european_local_vol,jax,forward,50000,e2-standard-8,e2,8,1565.0449519999995,31947.964137454383,0.07825224759999998,,europe-west2,europe-west2-b
european_local_vol,jax,forward,100000,e2-standard-8,e2,8,2982.0061676000023,33534.47121824119,0.2982006167600002,,europe-west2,europe-west2-b
european_local_vol,jax,reverse,10000,e2-standard-8,e2,8,175.17208239999604,57086.72217051994,0.0017517208239999605,,europe-west2,europe-west2-b
european_local_vol,jax,reverse,50000,e2-standard-8,e2,8,627.2173181999904,79717.18661004404,0.03136086590999952,,europe-west2,europe-west2-b
european_local_vol,jax,reverse,100000,e2-standard-8,e2,8,1145.5516524000018,87294.18685791583,0.11455516524000017,,europe-west2,europe-west2-b
asian,cpu,none,10000,e2-standard-8,e2,8,64.83982939999464,154226.19233481245,0.0006483982939999465,,europe-west2,europe-west2-b
asian,cpu,none,50000,e2-standard-8,e2,8,327.0427418000054,152885.2153232504,0.01635213709000027,,europe-west2,europe-west2-b
asian,cpu,none,100000,e2-standard-8,e2,8,647.5668585999927,154424.20913293035,0.06475668585999927,,europe-west2,europe-west2-b
asian,jax,none,10000,e2-standard-8,e2,8,84.43607880000172,118432.7853936272,0.0008443607880000173,,europe-west2,europe-west2-b
asian,jax,none,50000,e2-standard-8,e2,8,169.84388119999494,294387.99706374994,0.008492194059999748,,europe-west2,europe-west2-b
asian,jax,none,100000,e2-standard-8,e2,8,271.50314080000726,368319.86438661977,0.027150314080000723,,europe-west2,europe-west2-b
asian,jax,forward,10000,e2-standard-8,e2,8,365.44170679999866,27364.145399728186,0.0036544170679999864,,europe-west2,europe-west2-b
asian,jax,forward,50000,e2-standard-8,e2,8,564.4162381999934,88587.1040129132,0.028220811909999668,,europe-west2,europe-west2-b
asian,jax,forward,100000,e2-standard-8,e2,8,798.9198164000015,125169.00688558238,0.07989198164000015,,europe-west2,europe-west2-b
asian,jax,reverse,10000,e2-standard-8,e2,8,271.8685445999995,36782.48255866824,0.002718685445999995,,europe-west2,europe-west2-b
asian,jax,reverse,50000,e2-standard-8,e2,8,407.15309680000473,122803.92902073445,0.02035765484000024,,europe-west2,europe-west2-b
asian,jax,reverse,100000,e2-standard-8,e2,8,619.9131076000015,161312.9304317355,0.06199131076000015,,europe-west2,europe-west2-b
european,cpu,none,1000,e2-standard-8,e2,8,0.09270333333688541,10787098.62962515,9.270333333688541e-08,,europe-west2,europe-west2-b
european,jax,none,1000,e2-standard-8,e2,8,0.6921409999970743,1444792.318334309,6.921409999970743e-07,,europe-west2,europe-west2-b
european,jax,forward,1000,e2-standard-8,e2,8,2.008666666663809,497842.68171328714,2.008666666663809e-06,,europe-west2,europe-west2-b
european,jax,reverse,1000,e2-standard-8,e2,8,2.3630909999970604,423174.56246976694,2.36309099999706e-06,,europe-west2,europe-west2-b
european_local_vol,cpu,none,1000,e2-standard-8,e2,8,13.789345999995817,72519.75546920813,1.3789345999995818e-05,,europe-west2,europe-west2-b
european_local_vol,jax,none,1000,e2-standard-8,e2,8,11.100658333328775,90084.7472259898,1.1100658333328776e-05,,europe-west2,europe-west2-b
european_local_vol,jax,forward,1000,e2-standard-8,e2,8,46.19684366666851,21646.500510196332,4.619684366666851e-05,,europe-west2,europe-west2-b
european_local_vol,jax,reverse,1000,e2-standard-8,e2,8,28.690604333329855,34854.6161099263,2.8690604333329854e-05,,europe-west2,europe-west2-b
asian,cpu,none,1000,e2-standard-8,e2,8,8.11246033333172,123267.16666845116,8.11246033333172e-06,,europe-west2,europe-west2-b
asian,jax,none,1000,e2-standard-8,e2,8,74.39626666667228,13441.53470066497,7.439626666667228e-05,,europe-west2,europe-west2-b
asian,jax,forward,1000,e2-standard-8,e2,8,334.8435470000008,2986.469379384509,0.0003348435470000008,,europe-west2,europe-west2-b
asian,jax,reverse,1000,e2-standard-8,e2,8,242.7298189999997,4119.806969410714,0.0002427298189999997,,europe-west2,europe-west2-b
european,jax,forward,1000,e2-standard-8,e2,8,2.008666666663809,497842.68171328714,2.008666666663809e-06,,europe-west2,europe-west2-b
european,jax,reverse,1000,e2-standard-8,e2,8,2.3630909999970604,423174.56246976694,2.36309099999706e-06,,europe-west2,europe-west2-b
european_local_vol,cpu,none,1000,e2-standard-8,e2,8,13.789345999995817,72519.75546920813,1.3789345999995818e-05,,europe-west2,europe-west2-b
european_local_vol,jax,forward,1000,e2-standard-8,e2,8,46.19684366666851,21646.500510196332,4.619684366666851e-05,,europe-west2,europe-west2-b
european_local_vol,jax,reverse,1000,e2-standard-8,e2,8,28.690604333329855,34854.6161099263,2.8690604333329854e-05,,europe-west2,europe-west2-b
asian,cpu,none,1000,e2-standard-8,e2,8,8.11246033333172,123267.16666845116,8.11246033333172e-06,,europe-west2,europe-west2-b
asian,jax,forward,1000,e2-standard-8,e2,8,334.8435470000008,2986.469379384509,0.0003348435470000008,,europe-west2,europe-west2-b
asian,jax,reverse,1000,e2-standard-8,e2,8,242.7298189999997,4119.806969410714,0.0002427298189999997,,europe-west2,europe-west2-b
european,cpu,none,5000,e2-standard-8,e2,8,0.16551420000041617,30208888.421582125,8.275710000020808e-07,,europe-west2,europe-west2-b
european,jax,none,5000,e2-standard-8,e2,8,0.7024471999983462,7117972.710278825,3.5122359999917306e-06,,europe-west2,europe-west2-b
european_local_vol,jax,none,5000,e2-standard-8,e2,8,41.84760080000274,119481.16270502354,0.0002092380040000137,,europe-west2,europe-west2-b
asian,jax,none,5000,e2-standard-8,e2,8,80.82274079999934,61863.77683445302,0.0004041137039999967,,europe-west2,europe-west2-b
european,cpu,none,5000,e2-standard-8,e2,8,0.16551420000041617,30208888.421582125,8.275710000020808e-07,,europe-west2,europe-west2-b
european,jax,none,25000,e2-standard-8,e2,8,1.0911815714251816,22910944.11294698,2.727953928562954e-05,,europe-west2,europe-west2-b
european_local_vol,jax,none,25000,e2-standard-8,e2,8,135.8403082857121,184039.62944060503,0.0033960077071428026,,europe-west2,europe-west2-b
asian,jax,none,25000,e2-standard-8,e2,8,114.01396971428467,219271.37580288795,0.0028503492428571166,,europe-west2,europe-west2-b
european,cpu,none,10000,e2-standard-8,e2,8,0.22404819999906067,44633253.02342052,2.2404819999906067e-06,,europe-west2,europe-west2-b
european,cpu,none,50000,e2-standard-8,e2,8,1.008345799999688,49586163.79422165,5.041728999998441e-05,,europe-west2,europe-west2-b
european,cpu,none,100000,e2-standard-8,e2,8,2.3152259999989155,43192327.66047325,0.00023152259999989158,,europe-west2,europe-west2-b
european,jax,none,10000,e2-standard-8,e2,8,0.7923135999931219,12621265.115336668,7.92313599993122e-06,,europe-west2,europe-west2-b
european,jax,none,50000,e2-standard-8,e2,8,1.6778827999985424,29799459.175601203,8.389413999992712e-05,,europe-west2,europe-west2-b
european,jax,none,100000,e2-standard-8,e2,8,2.5525384000019358,39176687.80219885,0.0002552538400001936,,europe-west2,europe-west2-b
european,jax,forward,10000,e2-standard-8,e2,8,2.297736200003442,4352109.698226028,2.2977362000034417e-05,,europe-west2,europe-west2-b
european,jax,forward,50000,e2-standard-8,e2,8,3.8817481999984693,12880794.277181534,0.00019408740999992346,,europe-west2,europe-west2-b
european,jax,forward,100000,e2-standard-8,e2,8,4.940224599999965,20241994.665586807,0.0004940224599999964,,europe-west2,europe-west2-b
european,jax,reverse,10000,e2-standard-8,e2,8,2.479863999994336,4032479.200481494,2.4798639999943363e-05,,europe-west2,europe-west2-b
european,jax,reverse,50000,e2-standard-8,e2,8,4.081193200005373,12251319.050500764,0.00020405966000026866,,europe-west2,europe-west2-b
european,jax,reverse,100000,e2-standard-8,e2,8,5.48093280000046,18245069.525390204,0.000548093280000046,,europe-west2,europe-west2-b
european_local_vol,cpu,none,10000,e2-standard-8,e2,8,98.87093979999975,101141.95354295625,0.0009887093979999975,,europe-west2,europe-west2-b
european_local_vol,cpu,none,50000,e2-standard-8,e2,8,602.0974937999995,83043.02960046641,0.030104874689999974,,europe-west2,europe-west2-b
european_local_vol,cpu,none,100000,e2-standard-8,e2,8,1105.8294481999978,90429.85802446655,0.11058294481999978,,europe-west2,europe-west2-b
european_local_vol,jax,none,10000,e2-standard-8,e2,8,83.39405719999888,119912.62130366926,0.0008339405719999889,,europe-west2,europe-west2-b
european_local_vol,jax,none,50000,e2-standard-8,e2,8,213.4851464000036,234208.33178864737,0.010674257320000179,,europe-west2,europe-west2-b
european_local_vol,jax,none,100000,e2-standard-8,e2,8,409.91793540000003,243951.267715133,0.04099179354000001,,europe-west2,europe-west2-b
european_local_vol,jax,forward,10000,e2-standard-8,e2,8,464.3734565999978,21534.39189487052,0.004643734565999978,,europe-west2,europe-west2-b
european_local_vol,jax,forward,50000,e2-standard-8,e2,8,1531.3317543999915,32651.317950100933,0.07656658771999958,,europe-west2,europe-west2-b
european_local_vol,jax,forward,100000,e2-standard-8,e2,8,2882.836296000005,34688.06055298806,0.2882836296000005,,europe-west2,europe-west2-b
european_local_vol,jax,reverse,10000,e2-standard-8,e2,8,175.74033739999777,56902.13270297344,0.0017574033739999777,,europe-west2,europe-west2-b
european_local_vol,jax,reverse,50000,e2-standard-8,e2,8,631.6915384000083,79152.55620906911,0.03158457692000041,,europe-west2,europe-west2-b
european_local_vol,jax,reverse,100000,e2-standard-8,e2,8,1170.4619573999935,85436.35217511475,0.11704619573999936,,europe-west2,europe-west2-b
asian,cpu,none,10000,e2-standard-8,e2,8,56.982814799999915,175491.50625672523,0.0005698281479999991,,europe-west2,europe-west2-b
asian,cpu,none,50000,e2-standard-8,e2,8,327.30182659999514,152764.19480880693,0.016365091329999755,,europe-west2,europe-west2-b
asian,cpu,none,100000,e2-standard-8,e2,8,653.5686308000038,153006.11946077418,0.06535686308000038,,europe-west2,europe-west2-b
asian,jax,none,10000,e2-standard-8,e2,8,84.53792119999548,118290.11002461857,0.0008453792119999548,,europe-west2,europe-west2-b
asian,jax,none,50000,e2-standard-8,e2,8,159.6102672000029,313263.05554859125,0.007980513360000146,,europe-west2,europe-west2-b
asian,jax,none,100000,e2-standard-8,e2,8,279.38592760000347,357927.8343008381,0.02793859276000035,,europe-west2,europe-west2-b
asian,jax,forward,10000,e2-standard-8,e2,8,381.45303179999814,26215.547305554406,0.0038145303179999814,,europe-west2,europe-west2-b
asian,jax,forward,50000,e2-standard-8,e2,8,549.1049250000003,91057.27835167381,0.027455246250000016,,europe-west2,europe-west2-b
asian,jax,forward,100000,e2-standard-8,e2,8,789.985999999999,126584.52175101853,0.07899859999999989,,europe-west2,europe-west2-b
asian,jax,reverse,10000,e2-standard-8,e2,8,272.97523300000535,36633.360067504014,0.0027297523300000535,,europe-west2,europe-west2-b
asian,jax,reverse,50000,e2-standard-8,e2,8,407.21910939998907,122784.02178540136,0.020360955469999456,,europe-west2,europe-west2-b
asian,jax,reverse,100000,e2-standard-8,e2,8,613.6733419999928,162953.14323756495,0.061367334199999284,,europe-west2,europe-west2-b
european,cpu,none,1000,e2-standard-8,e2,8,0.0956219999939852,10457844.42976409,9.56219999939852e-08,,europe-west2,europe-west2-b
european,jax,none,1000,e2-standard-8,e2,8,0.9420206666561626,1061547.835834264,9.420206666561626e-07,,europe-west2,europe-west2-b
european,jax,forward,1000,e2-standard-8,e2,8,2.60726800000081,383543.2337602768,2.6072680000008097e-06,,europe-west2,europe-west2-b
european,jax,reverse,1000,e2-standard-8,e2,8,3.1120846666681246,321328.01871056575,3.1120846666681247e-06,,europe-west2,europe-west2-b
european,cpp,none,1000,e2-standard-8,e2,8,0.02913266666837444,34325728.27552276,2.913266666837444e-08,,europe-west2,europe-west2-b
european,rust,none,1000,e2-standard-8,e2,8,0.23619633332335374,4233765.9773532385,2.3619633332335374e-07,,europe-west2,europe-west2-b
european_local_vol,cpu,none,1000,e2-standard-8,e2,8,13.871711333327616,72089.1587181057,1.3871711333327615e-05,,europe-west2,europe-west2-b
european_local_vol,jax,none,1000,e2-standard-8,e2,8,11.518891333347861,86813.91038953044,1.1518891333347861e-05,,europe-west2,europe-west2-b
european_local_vol,jax,forward,1000,e2-standard-8,e2,8,46.2619899999955,21616.017815059346,4.62619899999955e-05,,europe-west2,europe-west2-b
european_local_vol,jax,reverse,1000,e2-standard-8,e2,8,28.615248333333437,34946.40299294961,2.8615248333333436e-05,,europe-west2,europe-west2-b
european_local_vol,cpp,none,1000,e2-standard-8,e2,8,3.030814666667917,329944.2922055679,3.030814666667917e-06,,europe-west2,europe-west2-b
european_local_vol,rust,none,1000,e2-standard-8,e2,8,2.5488553333445907,392332.9766573322,2.5488553333445907e-06,,europe-west2,europe-west2-b
asian,cpu,none,1000,e2-standard-8,e2,8,8.381994333319653,119303.34956501386,8.381994333319654e-06,,europe-west2,europe-west2-b
asian,jax,none,1000,e2-standard-8,e2,8,80.4152800000016,12435.447591552005,8.04152800000016e-05,,europe-west2,europe-west2-b
asian,jax,forward,1000,e2-standard-8,e2,8,360.4796909999948,2774.081383686091,0.0003604796909999948,,europe-west2,europe-west2-b
asian,jax,reverse,1000,e2-standard-8,e2,8,261.26418399999807,3827.5433880367136,0.00026126418399999806,,europe-west2,europe-west2-b
european,cpu,none,1000,e2-standard-8,e2,8,0.0956219999939852,10457844.42976409,9.56219999939852e-08,,europe-west2,europe-west2-b
european,jax,forward,1000,e2-standard-8,e2,8,2.60726800000081,383543.2337602768,2.6072680000008097e-06,,europe-west2,europe-west2-b
european,jax,reverse,1000,e2-standard-8,e2,8,3.1120846666681246,321328.01871056575,3.1120846666681247e-06,,europe-west2,europe-west2-b
european,rust,none,1000,e2-standard-8,e2,8,0.23619633332335374,4233765.9773532385,2.3619633332335374e-07,,europe-west2,europe-west2-b
european_local_vol,cpu,none,1000,e2-standard-8,e2,8,13.871711333327616,72089.1587181057,1.3871711333327615e-05,,europe-west2,europe-west2-b
european_local_vol,jax,forward,1000,e2-standard-8,e2,8,46.2619899999955,21616.017815059346,4.62619899999955e-05,,europe-west2,europe-west2-b
european_local_vol,jax,reverse,1000,e2-standard-8,e2,8,28.615248333333437,34946.40299294961,2.8615248333333436e-05,,europe-west2,europe-west2-b
european_local_vol,cpp,none,1000,e2-standard-8,e2,8,3.030814666667917,329944.2922055679,3.030814666667917e-06,,europe-west2,europe-west2-b
european_local_vol,rust,none,1000,e2-standard-8,e2,8,2.5488553333445907,392332.9766573322,2.5488553333445907e-06,,europe-west2,europe-west2-b
asian,jax,forward,1000,e2-standard-8,e2,8,360.4796909999948,2774.081383686091,0.0003604796909999948,,europe-west2,europe-west2-b
asian,jax,reverse,1000,e2-standard-8,e2,8,261.26418399999807,3827.5433880367136,0.00026126418399999806,,europe-west2,europe-west2-b
european,jax,none,5000,e2-standard-8,e2,8,0.9964882000076613,5017620.8809713535,4.982441000038306e-06,,europe-west2,europe-west2-b
european,cpp,none,5000,e2-standard-8,e2,8,0.03327700000568257,150253929.1145888,1.6638500002841284e-07,,europe-west2,europe-west2-b
european_local_vol,jax,none,5000,e2-standard-8,e2,8,45.34814320000464,110258.09762370794,0.0002267407160000232,,europe-west2,europe-west2-b
asian,cpu,none,5000,e2-standard-8,e2,8,34.510201600011214,144884.69403778782,0.00017255100800005608,,europe-west2,europe-west2-b
asian,jax,none,5000,e2-standard-8,e2,8,89.90147200000251,55616.44196437474,0.0004495073600000126,,europe-west2,europe-west2-b
european,cpp,none,5000,e2-standard-8,e2,8,0.03327700000568257,150253929.1145888,1.6638500002841284e-07,,europe-west2,europe-west2-b
asian,cpu,none,5000,e2-standard-8,e2,8,34.510201600011214,144884.69403778782,0.00017255100800005608,,europe-west2,europe-west2-b
european,jax,none,25000,e2-standard-8,e2,8,1.5608050000050102,16017375.649052732,3.902012500012526e-05,,europe-west2,europe-west2-b
european_local_vol,jax,none,25000,e2-standard-8,e2,8,145.68795657142783,171599.63382246363,0.0036421989142856955,,europe-west2,europe-west2-b
asian,jax,none,25000,e2-standard-8,e2,8,144.35094942856657,173189.02368821262,0.003608773735714164,,europe-west2,europe-west2-b
european,cpu,none,10000,e2-standard-8,e2,8,0.22564940000506795,44316537.069344774,2.2564940000506794e-06,,europe-west2,europe-west2-b
european,cpu,none,50000,e2-standard-8,e2,8,1.0484722000001057,47688436.56512301,5.2423610000005283e-05,,europe-west2,europe-west2-b
european,cpu,none,100000,e2-standard-8,e2,8,2.0794130000012956,48090494.76940738,0.00020794130000012956,,europe-west2,europe-west2-b
european,jax,none,10000,e2-standard-8,e2,8,0.9171187999982067,10903712.801459914,9.171187999982067e-06,,europe-west2,europe-west2-b
european,jax,none,50000,e2-standard-8,e2,8,2.052179800000431,24364336.887045424,0.00010260899000002155,,europe-west2,europe-west2-b
european,jax,none,100000,e2-standard-8,e2,8,3.5094233999927837,28494709.41585607,0.0003509423399992784,,europe-west2,europe-west2-b
european,jax,forward,10000,e2-standard-8,e2,8,3.157322800007023,3167240.2961071185,3.157322800007023e-05,,europe-west2,europe-west2-b
european,jax,forward,50000,e2-standard-8,e2,8,5.334377399998402,9373165.085772704,0.00026671886999992013,,europe-west2,europe-west2-b
european,jax,forward,100000,e2-standard-8,e2,8,5.616185800010953,17805678.722346574,0.0005616185800010953,,europe-west2,europe-west2-b
european,jax,reverse,10000,e2-standard-8,e2,8,3.791078000000425,2637772.158736612,3.791078000000425e-05,,europe-west2,europe-west2-b
european,jax,reverse,50000,e2-standard-8,e2,8,5.72830259999364,8728589.16357797,0.000286415129999682,,europe-west2,europe-west2-b
european,jax,reverse,100000,e2-standard-8,e2,8,7.853863199994749,12732587.448183062,0.000785386319999475,,europe-west2,europe-west2-b
european,cpp,none,10000,e2-standard-8,e2,8,0.06707260000098358,149092177.72761688,6.707260000098358e-07,,europe-west2,europe-west2-b
european,cpp,none,50000,e2-standard-8,e2,8,0.3451385999937884,144869336.55319884,1.725692999968942e-05,,europe-west2,europe-west2-b
european,cpp,none,100000,e2-standard-8,e2,8,0.5533639999953266,180712876.1553779,5.533639999953266e-05,,europe-west2,europe-west2-b
european,rust,none,10000,e2-standard-8,e2,8,0.2908577999960471,34381061.8114278,2.908577999960471e-06,,europe-west2,europe-west2-b
european,rust,none,50000,e2-standard-8,e2,8,0.3889895999975579,128538140.86626971,1.9449479999877894e-05,,europe-west2,europe-west2-b
european,rust,none,100000,e2-standard-8,e2,8,0.5296030000067731,188820682.6598813,5.296030000067731e-05,,europe-west2,europe-west2-b
european_local_vol,cpu,none,10000,e2-standard-8,e2,8,105.27812760000188,94986.49176203454,0.0010527812760000187,,europe-west2,europe-west2-b
european_local_vol,cpu,none,50000,e2-standard-8,e2,8,674.4430869999974,74135.23982046568,0.03372215434999987,,europe-west2,europe-west2-b
european_local_vol,cpu,none,100000,e2-standard-8,e2,8,1177.490802999995,84926.35334834155,0.11774908029999949,,europe-west2,europe-west2-b
european_local_vol,jax,none,10000,e2-standard-8,e2,8,86.86433199999328,115122.05032556715,0.0008686433199999328,,europe-west2,europe-west2-b
european_local_vol,jax,none,50000,e2-standard-8,e2,8,223.57197659999883,223641.62432332433,0.011178598829999942,,europe-west2,europe-west2-b
european_local_vol,jax,none,100000,e2-standard-8,e2,8,411.3388375999989,243108.5782793107,0.041133883759999885,,europe-west2,europe-west2-b
european_local_vol,jax,forward,10000,e2-standard-8,e2,8,463.03726919999804,21596.533724547204,0.0046303726919999805,,europe-west2,europe-west2-b
european_local_vol,jax,forward,50000,e2-standard-8,e2,8,1690.352564199992,29579.627977589364,0.08451762820999961,,europe-west2,europe-west2-b
european_local_vol,jax,forward,100000,e2-standard-8,e2,8,3197.654609799997,31272.921000762704,0.3197654609799997,,europe-west2,europe-west2-b
european_local_vol,jax,reverse,10000,e2-standard-8,e2,8,179.5297135999931,55701.08590648576,0.001795297135999931,,europe-west2,europe-west2-b
european_local_vol,jax,reverse,50000,e2-standard-8,e2,8,640.1567926000041,78105.86496618185,0.0320078396300002,,europe-west2,europe-west2-b
european_local_vol,jax,reverse,100000,e2-standard-8,e2,8,1262.9221967999968,79181.44146439176,0.12629221967999968,,europe-west2,europe-west2-b
european_local_vol,cpp,none,10000,e2-standard-8,e2,8,29.304585199997746,341243.5266273883,0.0002930458519999775,,europe-west2,europe-west2-b
european_local_vol,cpp,none,50000,e2-standard-8,e2,8,146.44596520000164,341422.8581286952,0.007322298260000082,,europe-west2,europe-west2-b
european_local_vol,cpp,none,100000,e2-standard-8,e2,8,293.7971839999932,340370.8593748887,0.02937971839999932,,europe-west2,europe-west2-b
european_local_vol,rust,none,10000,e2-standard-8,e2,8,23.652395199997045,422790.1620720953,0.00023652395199997046,,europe-west2,europe-west2-b
european_local_vol,rust,none,50000,e2-standard-8,e2,8,116.44392899999048,429391.213688814,0.005822196449999524,,europe-west2,europe-west2-b
european_local_vol,rust,none,100000,e2-standard-8,e2,8,235.84706520001646,424003.58009624714,0.023584706520001646,,europe-west2,europe-west2-b
asian,cpu,none,10000,e2-standard-8,e2,8,68.03729300000896,146978.2167847078,0.0006803729300000896,,europe-west2,europe-west2-b
asian,cpu,none,50000,e2-standard-8,e2,8,335.05504540000857,149229.2108011895,0.016752752270000427,,europe-west2,europe-west2-b
asian,cpu,none,100000,e2-standard-8,e2,8,663.0192746000034,150825.17783563616,0.06630192746000034,,europe-west2,europe-west2-b
asian,jax,none,10000,e2-standard-8,e2,8,90.59226319999425,110384.70225568484,0.0009059226319999425,,europe-west2,europe-west2-b
asian,jax,none,50000,e2-standard-8,e2,8,182.42891600000348,274079.3570247331,0.009121445800000174,,europe-west2,europe-west2-b
asian,jax,none,100000,e2-standard-8,e2,8,297.96408960002054,335610.91249028523,0.029796408960002053,,europe-west2,europe-west2-b
asian,jax,forward,10000,e2-standard-8,e2,8,393.01359700000376,25444.412295994694,0.003930135970000037,,europe-west2,europe-west2-b
asian,jax,forward,50000,e2-standard-8,e2,8,573.5526218000018,87175.95927481444,0.02867763109000009,,europe-west2,europe-west2-b
asian,jax,forward,100000,e2-standard-8,e2,8,832.9029339999806,120062.00953063557,0.08329029339999806,,europe-west2,europe-west2-b
asian,jax,reverse,10000,e2-standard-8,e2,8,274.0646577999996,36487.74008393874,0.002740646577999996,,europe-west2,europe-west2-b
asian,jax,reverse,50000,e2-standard-8,e2,8,425.82734399998117,117418.48123309387,0.021291367199999058,,europe-west2,europe-west2-b
asian,jax,reverse,100000,e2-standard-8,e2,8,622.1393583999998,160735.69152926948,0.06221393583999997,,europe-west2,europe-west2-b
european,cpu,none,1000,e2-standard-8,e2,8,0.08125299999524789,12307237.887320902,8.125299999524789e-08,,europe-west2,europe-west2-b
european,jax,none,1000,e2-standard-8,e2,8,0.8547869999944169,1169882.0875920337,8.547869999944169e-07,,europe-west2,europe-west2-b
european,jax,forward,1000,e2-standard-8,e2,8,2.183126999999748,458058.5554574312,2.183126999999748e-06,,europe-west2,europe-west2-b
european,jax,reverse,1000,e2-standard-8,e2,8,2.7576239999973495,362631.018587364,2.7576239999973495e-06,,europe-west2,europe-west2-b
european,cpp,none,1000,e2-standard-8,e2,8,0.04037466666773071,24768006.339956883,4.0374666667730705e-08,,europe-west2,europe-west2-b
european,rust,none,1000,e2-standard-8,e2,8,0.15351366666512453,6514078.008320946,1.5351366666512454e-07,,europe-west2,europe-west2-b
european_local_vol,cpu,none,1000,e2-standard-8,e2,8,13.762291666670498,72662.31701961374,1.3762291666670497e-05,,europe-west2,europe-west2-b
european_local_vol,jax,none,1000,e2-standard-8,e2,8,10.687334666660794,93568.69894974901,1.0687334666660794e-05,,europe-west2,europe-west2-b
european_local_vol,jax,forward,1000,e2-standard-8,e2,8,45.08008666666304,22182.74351143839,4.508008666666304e-05,,europe-west2,europe-west2-b
european_local_vol,jax,reverse,1000,e2-standard-8,e2,8,28.833856333330726,34681.4518474257,2.8833856333330726e-05,,europe-west2,europe-west2-b
european_local_vol,cpp,none,1000,e2-standard-8,e2,8,2.9930663333317398,334105.5254484946,2.99306633333174e-06,,europe-west2,europe-west2-b
european_local_vol,rust,none,1000,e2-standard-8,e2,8,2.5501519999977518,392133.48851397156,2.5501519999977517e-06,,europe-west2,europe-west2-b
asian,cpu,none,1000,e2-standard-8,e2,8,8.693660333330891,115026.34812704487,8.693660333330892e-06,,europe-west2,europe-west2-b
asian,jax,none,1000,e2-standard-8,e2,8,77.64145899999637,12879.716750300206,7.764145899999637e-05,,europe-west2,europe-west2-b
asian,jax,forward,1000,e2-standard-8,e2,8,348.1933926666632,2871.967191397375,0.00034819339266666324,,europe-west2,europe-west2-b
asian,jax,reverse,1000,e2-standard-8,e2,8,264.2220850000096,3784.6949849024304,0.0002642220850000096,,europe-west2,europe-west2-b
european,jax,forward,1000,e2-standard-8,e2,8,2.183126999999748,458058.5554574312,2.183126999999748e-06,,europe-west2,europe-west2-b
european,jax,reverse,1000,e2-standard-8,e2,8,2.7576239999973495,362631.018587364,2.7576239999973495e-06,,europe-west2,europe-west2-b
european,rust,none,1000,e2-standard-8,e2,8,0.15351366666512453,6514078.008320946,1.5351366666512454e-07,,europe-west2,europe-west2-b
european_local_vol,cpu,none,1000,e2-standard-8,e2,8,13.762291666670498,72662.31701961374,1.3762291666670497e-05,,europe-west2,europe-west2-b
european_local_vol,jax,forward,1000,e2-standard-8,e2,8,45.08008666666304,22182.74351143839,4.508008666666304e-05,,europe-west2,europe-west2-b
european_local_vol,jax,reverse,1000,e2-standard-8,e2,8,28.833856333330726,34681.4518474257,2.8833856333330726e-05,,europe-west2,europe-west2-b
european_local_vol,cpp,none,1000,e2-standard-8,e2,8,2.9930663333317398,334105.5254484946,2.99306633333174e-06,,europe-west2,europe-west2-b
european_local_vol,rust,none,1000,e2-standard-8,e2,8,2.5501519999977518,392133.48851397156,2.5501519999977517e-06,,europe-west2,europe-west2-b
asian,jax,forward,1000,e2-standard-8,e2,8,348.1933926666632,2871.967191397375,0.00034819339266666324,,europe-west2,europe-west2-b
asian,jax,reverse,1000,e2-standard-8,e2,8,264.2220850000096,3784.6949849024304,0.0002642220850000096,,europe-west2,europe-west2-b
european,cpu,none,5000,e2-standard-8,e2,8,0.16847379999376244,29678205.15822116,8.423689999688122e-07,,europe-west2,europe-west2-b
european,jax,none,5000,e2-standard-8,e2,8,0.7483118000038758,6681706.7430636585,3.7415590000193787e-06,,europe-west2,europe-west2-b
european,cpp,none,5000,e2-standard-8,e2,8,0.04875899999774447,102545171.15263426,2.4379499998872236e-07,,europe-west2,europe-west2-b
european_local_vol,jax,none,5000,e2-standard-8,e2,8,45.602285600000414,109643.62716065167,0.00022801142800000208,,europe-west2,europe-west2-b
asian,cpu,none,5000,e2-standard-8,e2,8,34.9752637999984,142958.1783454691,0.000174876318999992,,europe-west2,europe-west2-b
asian,jax,none,5000,e2-standard-8,e2,8,93.25797499999453,53614.71766892101,0.00046628987499997265,,europe-west2,europe-west2-b
european,cpu,none,5000,e2-standard-8,e2,8,0.16847379999376244,29678205.15822116,8.423689999688122e-07,,europe-west2,europe-west2-b
asian,cpu,none,5000,e2-standard-8,e2,8,34.9752637999984,142958.1783454691,0.000174876318999992,,europe-west2,europe-west2-b
european,jax,none,25000,e2-standard-8,e2,8,1.5959599999990002,15664552.996325511,3.989899999997501e-05,,europe-west2,europe-west2-b
european,cpp,none,25000,e2-standard-8,e2,8,0.1356694285651169,184271432.88217518,3.3917357141279225e-06,,europe-west2,europe-west2-b
european_local_vol,jax,none,25000,e2-standard-8,e2,8,150.2291434285772,166412.45120249016,0.00375572858571443,,europe-west2,europe-west2-b
asian,jax,none,25000,e2-standard-8,e2,8,128.3953787142918,194711.0577525578,0.003209884467857295,,europe-west2,europe-west2-b
european,cpu,none,10000,e2-standard-8,e2,8,0.23281340000380624,42952854.08759338,2.3281340000380626e-06,,europe-west2,europe-west2-b
european,cpu,none,50000,e2-standard-8,e2,8,1.0367657999950097,48226899.46007156,5.1838289999750485e-05,,europe-west2,europe-west2-b
european,cpu,none,100000,e2-standard-8,e2,8,2.121427799988851,47138064.279409155,0.00021214277999888508,,europe-west2,europe-west2-b
european,jax,none,10000,e2-standard-8,e2,8,0.9818614000039361,10184736.868115919,9.818614000039361e-06,,europe-west2,europe-west2-b
european,jax,none,50000,e2-standard-8,e2,8,2.0258628000078716,24680842.157625742,0.00010129314000039358,,europe-west2,europe-west2-b
european,jax,none,100000,e2-standard-8,e2,8,2.7452706000076432,36426281.62036981,0.00027452706000076434,,europe-west2,europe-west2-b
european,jax,forward,10000,e2-standard-8,e2,8,2.4243363999858047,4124840.100597653,2.4243363999858048e-05,,europe-west2,europe-west2-b
european,jax,forward,50000,e2-standard-8,e2,8,4.091633400003047,12220058.620100902,0.00020458167000015238,,europe-west2,europe-west2-b
european,jax,forward,100000,e2-standard-8,e2,8,5.716947000001937,17491853.606473193,0.0005716947000001937,,europe-west2,europe-west2-b
european,jax,reverse,10000,e2-standard-8,e2,8,2.9672039999979916,3370176.0984437773,2.9672039999979914e-05,,europe-west2,europe-west2-b
european,jax,reverse,50000,e2-standard-8,e2,8,4.675347799997098,10694391.548802217,0.0002337673899998549,,europe-west2,europe-west2-b
european,jax,reverse,100000,e2-standard-8,e2,8,6.19226979999894,16149167.143850405,0.0006192269799998939,,europe-west2,europe-west2-b
european,cpp,none,10000,e2-standard-8,e2,8,0.07255360000613109,137829135.96506524,7.255360000613109e-07,,europe-west2,europe-west2-b
european,cpp,none,50000,e2-standard-8,e2,8,0.31783140000243293,157316111.6227574,1.5891570000121648e-05,,europe-west2,europe-west2-b
european,cpp,none,100000,e2-standard-8,e2,8,0.5424004000019522,184365645.7473853,5.424004000019522e-05,,europe-west2,europe-west2-b
european,rust,none,10000,e2-standard-8,e2,8,0.24346239999886166,41074104.25612643,2.4346239999886165e-06,,europe-west2,europe-west2-b
european,rust,none,50000,e2-standard-8,e2,8,0.35603480000645504,140435710.21454498,1.7801740000322752e-05,,europe-west2,europe-west2-b
european,rust,none,100000,e2-standard-8,e2,8,0.4030256000078225,248123196.1395481,4.030256000078225e-05,,europe-west2,europe-west2-b
european_local_vol,cpu,none,10000,e2-standard-8,e2,8,99.21931459999769,100786.82805172524,0.0009921931459999768,,europe-west2,europe-west2-b
european_local_vol,cpu,none,50000,e2-standard-8,e2,8,617.9170746000011,80917.00659407528,0.030895853730000058,,europe-west2,europe-west2-b
european_local_vol,cpu,none,100000,e2-standard-8,e2,8,1134.4558016000008,88147.99118569726,0.11344558016000007,,europe-west2,europe-west2-b
european_local_vol,jax,none,10000,e2-standard-8,e2,8,87.54895959999658,114221.80281398102,0.0008754895959999658,,europe-west2,europe-west2-b
european_local_vol,jax,none,50000,e2-standard-8,e2,8,219.9321227999974,227342.86998843352,0.01099660613999987,,europe-west2,europe-west2-b
european_local_vol,jax,none,100000,e2-standard-8,e2,8,419.6805368000071,238276.47753808898,0.04196805368000071,,europe-west2,europe-west2-b
european_local_vol,jax,forward,10000,e2-standard-8,e2,8,471.5988808000077,21204.46083976338,0.0047159888080000765,,europe-west2,europe-west2-b
european_local_vol,jax,forward,50000,e2-standard-8,e2,8,1657.7641994000032,30161.104949724795,0.08288820997000017,,europe-west2,europe-west2-b
european_local_vol,jax,forward,100000,e2-standard-8,e2,8,3165.025361000005,31595.323447393963,0.3165025361000005,,europe-west2,europe-west2-b
european_local_vol,jax,reverse,10000,e2-standard-8,e2,8,177.7727746000039,56251.58308126997,0.001777727746000039,,europe-west2,europe-west2-b
european_local_vol,jax,reverse,50000,e2-standard-8,e2,8,673.6144844000023,74226.43241487851,0.03368072422000012,,europe-west2,europe-west2-b
european_local_vol,jax,reverse,100000,e2-standard-8,e2,8,1248.9093294000043,80069.86387718121,0.12489093294000043,,europe-west2,europe-west2-b
european_local_vol,cpp,none,10000,e2-standard-8,e2,8,28.984994599994707,345006.1018814827,0.00028984994599994706,,europe-west2,europe-west2-b
european_local_vol,cpp,none,50000,e2-standard-8,e2,8,145.00635480000028,344812.47438405297,0.0072503177400000144,,europe-west2,europe-west2-b
european_local_vol,cpp,none,100000,e2-standard-8,e2,8,289.4124341999998,345527.6559779548,0.02894124341999998,,europe-west2,europe-west2-b
european_local_vol,rust,none,10000,e2-standard-8,e2,8,23.07300039999518,433407.0050118878,0.00023073000399995183,,europe-west2,europe-west2-b
european_local_vol,rust,none,50000,e2-standard-8,e2,8,114.9648185999979,434915.66036360373,0.005748240929999895,,europe-west2,europe-west2-b
european_local_vol,rust,none,100000,e2-standard-8,e2,8,230.128179400009,434540.4385535068,0.023012817940000898,,europe-west2,europe-west2-b
asian,cpu,none,10000,e2-standard-8,e2,8,65.69634839999594,152215.4616435366,0.0006569634839999595,,europe-west2,europe-west2-b
asian,cpu,none,50000,e2-standard-8,e2,8,339.3929736000075,147321.8477967892,0.016969648680000376,,europe-west2,europe-west2-b
asian,cpu,none,100000,e2-standard-8,e2,8,669.8716987999944,149282.31806051757,0.06698716987999945,,europe-west2,europe-west2-b
asian,jax,none,10000,e2-standard-8,e2,8,92.20329599999104,108455.99272287372,0.0009220329599999104,,europe-west2,europe-west2-b
asian,jax,none,50000,e2-standard-8,e2,8,175.50957519999884,284884.7417186406,0.008775478759999941,,europe-west2,europe-west2-b
asian,jax,none,100000,e2-standard-8,e2,8,305.96029779999867,326839.79169535387,0.030596029779999867,,europe-west2,europe-west2-b
asian,jax,forward,10000,e2-standard-8,e2,8,401.3494433999995,24915.94336168952,0.004013494433999995,,europe-west2,europe-west2-b
asian,jax,forward,50000,e2-standard-8,e2,8,579.4290324000087,86291.84456446515,0.028971451620000435,,europe-west2,europe-west2-b
asian,jax,forward,100000,e2-standard-8,e2,8,867.4722417999931,115277.4638557902,0.0867472241799993,,europe-west2,europe-west2-b
asian,jax,reverse,10000,e2-standard-8,e2,8,280.36337380000305,35667.997086999996,0.0028036337380000307,,europe-west2,europe-west2-b
asian,jax,reverse,50000,e2-standard-8,e2,8,428.6919481999803,116633.86776901982,0.021434597409999014,,europe-west2,europe-west2-b
asian,jax,reverse,100000,e2-standard-8,e2,8,686.5712701999996,145651.30284416035,0.06865712701999997,,europe-west2,europe-west2-b
european,rust,none,100000,n2-standard-4,n2,4,0.5390985999895292,185494824.1415249,2.906639951610212e-08,955666275.8450537,europe-west1,europe-west1-b
european,rust,none,100000,n2-standard-4,n2,4,0.5590269999913744,178882236.46003318,3.01408724162016e-08,921598333.127425,europe-west1,europe-west1-b
european,rust,none,50000,n2-standard-4,n2,4,0.3089876000046843,161818791.43124837,1.6659581433585896e-08,833687745.6530055,europe-west1,europe-west1-b
european,rust,none,50000,n2-standard-4,n2,4,0.348988000001782,143271401.88128155,1.8816269666762744e-08,738131900.4702811,europe-west1,europe-west1-b
european,cpp,none,50000,n2-standard-4,n2,4,0.5323613999962618,93921159.57383668,2.8703152149798443e-08,483880265.70755637,europe-west1,europe-west1-b
european,cpp,none,100000,n2-standard-4,n2,4,1.0648173999982191,93912815.47443463,5.7411404816570645e-08,483837277.0450007,europe-west1,europe-west1-b
european,cpp,none,100000,n2-standard-4,n2,4,1.0661419999905775,93796135.97521138,5.74828228328253e-08,483236146.1886212,europe-west1,europe-west1-b
european,cpp,none,25000,n2-standard-4,n2,4,0.26896371428668836,92949341.01539253,1.4501626928623946e-08,478873472.51619023,europe-west1,europe-west1-b
european,cpp,none,50000,n2-standard-4,n2,4,0.5400150000014037,92590020.64733393,2.911580875007568e-08,477022259.90383273,europe-west1,europe-west1-b
european,cpp,none,10000,n2-standard-4,n2,4,0.11151580000046124,89673391.57284115,6.0125602166915355e-09,461995834.99660563,europe-west1,europe-west1-b
european,cpp,none,10000,n2-standard-4,n2,4,0.11159219999399284,89611997.9760083,6.016679449676114e-09,461679536.1978789,europe-west1,europe-west1-b
european,cpp,none,5000,n2-standard-4,n2,4,0.05769460000237814,86663223.2443574,3.110700516794888e-09,446487497.3949377,europe-west1,europe-west1-b
european,cpp,none,5000,n2-standard-4,n2,4,0.05954439999982242,83970952.76826891,3.2104355666570917e-09,432616964.2878357,europe-west1,europe-west1-b
european,cpp,none,5000,n2-standard-4,n2,4,0.05954439999982242,83970952.76826891,3.2104355666570917e-09,432616964.2878357,europe-west1,europe-west1-b
european,rust,none,10000,n2-standard-4,n2,4,0.13964719998966757,71609026.17982955,7.529311532776242e-09,368928522.3072105,europe-west1,europe-west1-b
european,rust,none,10000,n2-standard-4,n2,4,0.1559818000089308,64110043.60398101,8.410018717148185e-09,330293887.7072695,europe-west1,europe-west1-b
european,cpp,none,1000,n2-standard-4,n2,4,0.019909999996533163,50226017.085591435,1.073480833146413e-09,258763611.98140875,europe-west1,europe-west1-b
european,cpu,none,100000,n2-standard-4,n2,4,1.9959388000046372,50101736.58619576,1.0761436696691667e-07,258123320.8974537,europe-west1,europe-west1-b
european,cpu,none,100000,n2-standard-4,n2,4,1.9978792000017618,50053076.28204539,1.0771898686676166e-07,257872623.81270164,europe-west1,europe-west1-b
european,cpu,none,100000,n2-standard-4,n2,4,2.047365200007789,48843264.50387041,1.1038710703375328e-07,251639693.47692126,europe-west1,europe-west1-b
european,cpp,none,1000,n2-standard-4,n2,4,0.02154166668333346,46421663.40702359,1.161454862009729e-09,239163644.54932296,europe-west1,europe-west1-b
european,cpu,none,50000,n2-standard-4,n2,4,1.1701179999874967,42730733.14019123,6.308886216599252e-08,220148032.66456068,europe-west1,europe-west1-b
european,cpu,none,50000,n2-standard-4,n2,4,1.183714399999758,42239918.68309639,6.382193473332028e-08,217619364.67334563,europe-west1,europe-west1-b
european,cpu,none,50000,n2-standard-4,n2,4,1.1857904000009967,42165967.94843167,6.393386573338706e-08,217238371.7075305,europe-west1,europe-west1-b
european,jax,none,100000,n2-standard-4,n2,4,2.4657103999970786,40556263.21733423,1.3294288573317582e-07,208945199.47106767,europe-west1,europe-west1-b
european,jax,none,100000,n2-standard-4,n2,4,2.6348545999979933,37952758.379941024,1.4206257718322513e-07,195531985.47110265,europe-west1,europe-west1-b
european,jax,none,100000,n2-standard-4,n2,4,2.645591600003172,37798729.02525095,1.4264148043350435e-07,194738428.77512082,europe-west1,europe-west1-b
european,cpu,none,10000,n2-standard-4,n2,4,0.2832776000019521,35301061.57328037,1.5273383933438586e-08,181870487.23998132,europe-west1,europe-west1-b
european,cpu,none,10000,n2-standard-4,n2,4,0.2961694000020998,33764460.47407025,1.596846681677988e-08,173953943.70979008,europe-west1,europe-west1-b
european,cpu,none,10000,n2-standard-4,n2,4,0.3018773999997393,33126030.6336567,1.6276223149985942e-08,170664763.69735548,europe-west1,europe-west1-b
european,jax,none,50000,n2-standard-4,n2,4,1.561597400007031,32018495.93229015,8.419612648371241e-08,164958763.17511672,europe-west1,europe-west1-b
european,jax,none,50000,n2-standard-4,n2,4,1.5828780000049392,31588031.421148047,8.534350550026629e-08,162741017.11049998,europe-west1,europe-west1-b
european,jax,none,50000,n2-standard-4,n2,4,1.668796400008432,29961713.72358387,8.997593923378796e-08,154362255.14468762,europe-west1,europe-west1-b
european,cpu,none,5000,n2-standard-4,n2,4,0.18431999999677373,27126736.111585926,9.937919999826051e-09,139756497.22609958,europe-west1,europe-west1-b
european,cpu,none,5000,n2-standard-4,n2,4,0.18431999999677373,27126736.111585926,9.937919999826051e-09,139756497.22609958,europe-west1,europe-west1-b
european,jax,none,25000,n2-standard-4,n2,4,1.1607920000033443,21537019.55210578,6.258603533351365e-08,110958369.66566606,europe-west1,europe-west1-b
european,jax,forward,100000,n2-standard-4,n2,4,4.7828100000003815,20908210.863486532,2.5787317250002053e-07,107718757.66865808,europe-west1,europe-west1-b
european,jax,none,25000,n2-standard-4,n2,4,1.2047505714280402,20751183.35106202,6.495613497616184e-08,106909754.51345707,europe-west1,europe-west1-b
european,rust,none,1000,n2-standard-4,n2,4,0.04990866668208582,20036600.183489557,2.690908945275794e-09,103228233.81499,europe-west1,europe-west1-b
european,rust,none,1000,n2-standard-4,n2,4,0.04990866668208582,20036600.183489557,2.690908945275794e-09,103228233.81499,europe-west1,europe-west1-b
european,jax,forward,100000,n2-standard-4,n2,4,5.112509600002113,19559865.471931566,2.7564947593344726e-07,100772104.44065721,europe-west1,europe-west1-b
european,jax,forward,100000,n2-standard-4,n2,4,5.132695000003196,19482942.19702081,2.7673780541683895e-07,100375796.99650083,europe-west1,europe-west1-b
european,jax,reverse,100000,n2-standard-4,n2,4,5.207850800007918,19201778.975666497,2.807899556337602e-07,98927248.7154379,europe-west1,europe-west1-b
european,jax,reverse,100000,n2-standard-4,n2,4,5.457482799994295,18323465.90265104,2.942492809663591e-07,94402194.24343659,europe-west1,europe-west1-b
european,jax,reverse,100000,n2-standard-4,n2,4,5.701658599986104,17538756.178815007,3.074144261825841e-07,90359382.68323034,europe-west1,europe-west1-b
european,jax,forward,50000,n2-standard-4,n2,4,3.445695599998544,14510858.126881879,1.8578042109992146e-07,74759701.83864956,europe-west1,europe-west1-b
european,jax,forward,50000,n2-standard-4,n2,4,3.4614239999996244,14444922.089869784,1.8662844399997974e-07,74420000.46300764,europe-west1,europe-west1-b
european,jax,forward,50000,n2-standard-4,n2,4,3.689484000005905,13552030.582032604,1.9892467900031837e-07,69819838.13514994,europe-west1,europe-west1-b
european,jax,reverse,50000,n2-standard-4,n2,4,4.0104186000121445,12467526.457175465,2.1622840285065478e-07,64232490.76339756,europe-west1,europe-west1-b
european,jax,reverse,50000,n2-standard-4,n2,4,4.013647800002218,12457495.647717863,2.1640251055011958e-07,64180812.1984434,europe-west1,europe-west1-b
european,jax,reverse,50000,n2-standard-4,n2,4,4.1219028000000435,12130320.006575475,2.2223925930000234e-07,62495208.689209044,europe-west1,europe-west1-b
european,jax,none,10000,n2-standard-4,n2,4,0.8511893999951781,11748266.60207076,4.589329514974002e-08,60526875.84786584,europe-west1,europe-west1-b
european,jax,none,10000,n2-standard-4,n2,4,0.888036200001352,11260802.206019051,4.7879951783406225e-08,58015467.31591474,europe-west1,europe-west1-b
european,rust,none,1000,n2-standard-4,n2,4,0.09448366666238901,10583839.888149353,5.094244360880474e-09,54527768.6148859,europe-west1,europe-west1-b
european,rust,none,1000,n2-standard-4,n2,4,0.09448366666238901,10583839.888149353,5.094244360880474e-09,54527768.6148859,europe-west1,europe-west1-b
european,jax,none,10000,n2-standard-4,n2,4,0.9463169999946786,10567283.47906276,5.102225824971309e-08,54442470.26822648,europe-west1,europe-west1-b
european,cpu,none,1000,n2-standard-4,n2,4,0.10573933333546393,9457218.694839358,5.701112389003763e-09,48723434.800821014,europe-west2,europe-west2-b
european,cpu,none,1000,n2-standard-4,n2,4,0.10653633333390644,9386469.091871198,5.744083972253122e-09,48358934.012731574,europe-west1,europe-west1-b
european,cpu,none,1000,n2-standard-4,n2,4,0.10653633333390644,9386469.091871198,5.744083972253122e-09,48358934.012731574,europe-west1,europe-west1-b
european,cpu,none,1000,n2-standard-4,n2,4,0.11230600000544655,8904243.762145411,6.055165166960327e-09,45874517.06411856,europe-west1,europe-west1-b
european,cpu,none,1000,n2-standard-4,n2,4,0.11230600000544655,8904243.762145411,6.055165166960327e-09,45874517.06411856,europe-west1,europe-west1-b
european,cpu,none,1000,n2-standard-4,n2,4,0.12394600000220635,8068029.625661168,6.682755166785626e-09,41566355.61906836,europe-west1,europe-west1-b
european,jax,none,5000,n2-standard-4,n2,4,0.7704707999948823,6489538.60423161,4.154121729972407e-08,33433995.900214374,europe-west1,europe-west1-b
european,jax,none,5000,n2-standard-4,n2,4,0.865957200005596,5773957.419567259,4.668952570030171e-08,29747333.43414353,europe-west1,europe-west1-b
european,jax,none,5000,n2-standard-4,n2,4,0.865957200005596,5773957.419567259,4.668952570030171e-08,29747333.43414353,europe-west1,europe-west1-b
european,jax,none,5000,n2-standard-4,n2,4,0.8769681999922341,5701461.0108374255,4.728320211624796e-08,29373833.131568395,europe-west1,europe-west1-b
european,jax,forward,10000,n2-standard-4,n2,4,2.396105999997644,4173438.06993924,1.2919004849987297e-07,21501484.131577745,europe-west1,europe-west1-b
european,jax,forward,10000,n2-standard-4,n2,4,2.5883691999922576,3863436.4834931246,1.3955623936624921e-07,19904361.069001157,europe-west1,europe-west1-b
european,jax,forward,10000,n2-standard-4,n2,4,2.7139298000008694,3684693.686622549,1.463260483833802e-07,18983481.126339767,europe-west1,europe-west1-b
european,jax,reverse,10000,n2-standard-4,n2,4,2.8441274000101657,3516016.8985272096,1.5334586898388142e-07,18114461.09493668,europe-west1,europe-west1-b
european,jax,reverse,10000,n2-standard-4,n2,4,2.8483601999994335,3510791.9286338817,1.5357408744996944e-07,18087542.136186924,europe-west1,europe-west1-b
european,jax,reverse,10000,n2-standard-4,n2,4,2.9489829999988615,3390999.541199071,1.589993334166053e-07,17470373.731061675,europe-west1,europe-west1-b
european,jax,none,1000,n2-standard-4,n2,4,0.4743533333358603,2108133.177788722,2.5575550555691802e-08,10861067.37655189,europe-west1,europe-west1-b
european,jax,none,1000,n2-standard-4,n2,4,0.5603300000037356,1784662.60952177,3.0211125833534745e-08,9194552.341688665,europe-west1,europe-west1-b
european,jax,none,1000,n2-standard-4,n2,4,0.5664740000052385,1765306.086406,3.054238983361578e-08,9094827.85371458,europe-west1,europe-west1-b
european,jax,none,1000,n2-standard-4,n2,4,0.599604666665717,1667765.538852128,3.232868494439324e-08,8592300.560804369,europe-west2,europe-west2-b
european,jax,forward,1000,n2-standard-4,n2,4,1.8645646666660316,536318.2183367595,1.0053111161107688e-07,2763102.6189426044,europe-west1,europe-west1-b
european,jax,forward,1000,n2-standard-4,n2,4,1.8645646666660316,536318.2183367595,1.0053111161107688e-07,2763102.6189426044,europe-west1,europe-west1-b
european,jax,forward,1000,n2-standard-4,n2,4,1.8943123333296323,527896.0509338501,1.0213500663868934e-07,2719711.7513335915,europe-west2,europe-west2-b
european,jax,forward,1000,n2-standard-4,n2,4,2.1716203333331427,460485.6496554974,1.170865296388786e-07,2372414.475298802,europe-west1,europe-west1-b
european,jax,forward,1000,n2-standard-4,n2,4,2.1716203333331427,460485.6496554974,1.170865296388786e-07,2372414.475298802,europe-west1,europe-west1-b
european,jax,reverse,1000,n2-standard-4,n2,4,2.349646333328792,425595.96557805344,1.2668509813864403e-07,2192663.3981352574,europe-west1,europe-west1-b
european,jax,reverse,1000,n2-standard-4,n2,4,2.349646333328792,425595.96557805344,1.2668509813864403e-07,2192663.3981352574,europe-west1,europe-west1-b
european,jax,forward,1000,n2-standard-4,n2,4,2.3513596666665157,425285.8523416299,1.2677747536110298e-07,2191065.699853838,europe-west1,europe-west1-b
european,jax,forward,1000,n2-standard-4,n2,4,2.3513596666665157,425285.8523416299,1.2677747536110298e-07,2191065.699853838,europe-west1,europe-west1-b
european,jax,reverse,1000,n2-standard-4,n2,4,2.4331229999935053,410994.4297935901,1.3118588174964982e-07,2117436.5264996914,europe-west2,europe-west2-b
european,jax,reverse,1000,n2-standard-4,n2,4,2.6843119999947853,372534.93632705236,1.4472915533305217e-07,1919293.8502166532,europe-west1,europe-west1-b
european,jax,reverse,1000,n2-standard-4,n2,4,2.6843119999947853,372534.93632705236,1.4472915533305217e-07,1919293.8502166532,europe-west1,europe-west1-b
european,jax,reverse,1000,n2-standard-4,n2,4,2.9160996666680226,342923.8072451119,1.5722637369451756e-07,1766737.8013658521,europe-west1,europe-west1-b
european,jax,reverse,1000,n2-standard-4,n2,4,2.9160996666680226,342923.8072451119,1.5722637369451756e-07,1766737.8013658521,europe-west1,europe-west1-b
european_local_vol,rust,none,50000,n2-standard-4,n2,4,243.99509520000038,204922.15205807926,1.315540221620002e-05,1055755.5489854675,europe-west1,europe-west1-b
european_local_vol,rust,none,100000,n2-standard-4,n2,4,488.0896415999928,204880.39793713475,2.631616650959961e-05,1055540.4324427345,europe-west1,europe-west1-b
european_local_vol,rust,none,50000,n2-standard-4,n2,4,244.16872880000255,204776.4275373476,1.3164763961133471e-05,1055004.7786571232,europe-west1,europe-west1-b
european_local_vol,rust,none,100000,n2-standard-4,n2,4,488.92943299998706,204528.4927651362,2.6361445262582634e-05,1053727.422798229,europe-west1,europe-west1-b
european_local_vol,rust,none,10000,n2-standard-4,n2,4,49.18102439999075,203330.45360482327,2.6516768988995014e-06,1047555.1447955861,europe-west1,europe-west1-b
european_local_vol,rust,none,10000,n2-standard-4,n2,4,49.244943599990165,203066.53371823533,2.6551232090994696e-06,1046195.43389096,europe-west1,europe-west1-b
european_local_vol,rust,none,1000,n2-standard-4,n2,4,4.96564233333648,201383.81560157333,2.6773088247239186e-07,1037526.0978957926,europe-west1,europe-west1-b
european_local_vol,rust,none,1000,n2-standard-4,n2,4,4.96564233333648,201383.81560157333,2.6773088247239186e-07,1037526.0978957926,europe-west1,europe-west1-b
european_local_vol,rust,none,1000,n2-standard-4,n2,4,5.018223333337346,199273.7137378369,2.7056587472243856e-07,1026654.8878816945,europe-west1,europe-west1-b
european_local_vol,rust,none,1000,n2-standard-4,n2,4,5.018223333337346,199273.7137378369,2.7056587472243856e-07,1026654.8878816945,europe-west1,europe-west1-b
asian,cpu,none,10000,n2-standard-4,n2,4,59.850330799986295,167083.45411521586,3.2269303356325943e-06,860811.2010057489,europe-west1,europe-west1-b
european_local_vol,cpp,none,50000,n2-standard-4,n2,4,300.1070003999871,166607.24319445813,1.6180769104899306e-05,858357.7701929837,europe-west1,europe-west1-b
european_local_vol,cpp,none,100000,n2-standard-4,n2,4,601.3344149999853,166296.8183851617,3.24219472087492e-05,856758.4666932597,europe-west1,europe-west1-b
european_local_vol,cpp,none,100000,n2-standard-4,n2,4,601.8136615999879,166164.39004415253,3.244778658793268e-05,856076.19806364,europe-west1,europe-west1-b
european_local_vol,cpp,none,50000,n2-standard-4,n2,4,301.26760800000056,165965.4030910615,1.624334519800003e-05,855051.0205618831,europe-west1,europe-west1-b
european_local_vol,cpp,none,10000,n2-standard-4,n2,4,60.3510263999965,165697.26476102782,3.2539261733998113e-06,853669.5763061711,europe-west1,europe-west1-b
european_local_vol,cpp,none,10000,n2-standard-4,n2,4,60.54408700000522,165168.89584938556,3.264335357416948e-06,850947.4283842637,europe-west1,europe-west1-b
european_local_vol,cpp,none,1000,n2-standard-4,n2,4,6.108446666682236,163707.7402106784,3.2934708277861727e-07,843419.5786227635,europe-west1,europe-west1-b
european_local_vol,cpp,none,1000,n2-standard-4,n2,4,6.108446666682236,163707.7402106784,3.2934708277861727e-07,843419.5786227635,europe-west1,europe-west1-b
european_local_vol,cpp,none,1000,n2-standard-4,n2,4,6.112308333333279,163604.31206431976,3.295552909722193e-07,842886.7185178762,europe-west1,europe-west1-b
european_local_vol,cpp,none,1000,n2-standard-4,n2,4,6.112308333333279,163604.31206431976,3.295552909722193e-07,842886.7185178762,europe-west1,europe-west1-b
asian,jax,none,100000,n2-standard-4,n2,4,632.1193620000145,158197.97021183115,3.4081768934500777e-05,815033.3344246839,europe-west1,europe-west1-b
asian,jax,none,100000,n2-standard-4,n2,4,633.9438537999854,157742.67610700874,3.4180139450715875e-05,812687.6667027756,europe-west1,europe-west1-b
asian,jax,none,100000,n2-standard-4,n2,4,634.5903174,157581.98204112716,3.421499461315e-05,811859.7735246118,europe-west1,europe-west1-b
asian,cpu,none,5000,n2-standard-4,n2,4,33.792627599996194,147961.26714930456,1.8219858380997948e-06,762294.0090123883,europe-west1,europe-west1-b
asian,cpu,none,5000,n2-standard-4,n2,4,33.792627599996194,147961.26714930456,1.8219858380997948e-06,762294.0090123883,europe-west1,europe-west1-b
asian,jax,none,50000,n2-standard-4,n2,4,343.1767863999994,145697.5004763903,1.8502948400066634e-05,750631.1204347775,europe-west1,europe-west1-b
asian,jax,none,50000,n2-standard-4,n2,4,346.8165031999888,144168.45662955064,1.869918979753273e-05,742753.5117442074,europe-west1,europe-west1-b
asian,jax,none,50000,n2-standard-4,n2,4,346.96997360000523,144104.68860236625,1.8707464409933614e-05,742424.9799194552,europe-west1,europe-west1-b
asian,cpu,none,5000,n2-standard-4,n2,4,36.293907199996056,137764.1699596494,1.956846496533121e-06,709758.7324041701,europe-west1,europe-west1-b
asian,cpu,none,5000,n2-standard-4,n2,4,36.293907199996056,137764.1699596494,1.956846496533121e-06,709758.7324041701,europe-west1,europe-west1-b
asian,cpu,none,10000,n2-standard-4,n2,4,72.84260600000607,137282.29327763434,3.92743050683366e-06,707276.1116828148,europe-west1,europe-west1-b
asian,cpu,none,1000,n2-standard-4,n2,4,7.358503666665683,135897.19395398823,3.9674598936105813e-07,700140.1028026184,europe-west2,europe-west2-b
asian,cpu,none,10000,n2-standard-4,n2,4,73.7765139999965,135544.49048650463,3.9777837131664775e-06,698322.9803529347,europe-west1,europe-west1-b
asian,cpu,none,5000,n2-standard-4,n2,4,37.11288840000293,134724.0868484816,2.001003232900158e-06,694096.2743352993,europe-west1,europe-west1-b
asian,cpu,none,5000,n2-standard-4,n2,4,37.11288840000293,134724.0868484816,2.001003232900158e-06,694096.2743352993,europe-west1,europe-west1-b
european_local_vol,cpu,none,10000,n2-standard-4,n2,4,75.08456680000677,133183.16168268948,4.048309559967032e-06,686157.4532853657,europe-west1,europe-west1-b
european_local_vol,cpu,none,10000,n2-standard-4,n2,4,75.36376119999204,132689.76814284924,4.063362791366238e-06,683615.497902366,europe-west1,europe-west1-b
asian,cpu,none,1000,n2-standard-4,n2,4,7.608822333333857,131426.3832418654,4.1024233747225047e-07,677106.5597210994,europe-west1,europe-west1-b
asian,cpu,none,1000,n2-standard-4,n2,4,7.637344333318197,130935.56560458629,4.1178014863807273e-07,674577.8753456274,europe-west1,europe-west1-b
european_local_vol,cpu,none,10000,n2-standard-4,n2,4,76.73185400000193,130323.97210159614,4.137125794833437e-06,671426.9557011651,europe-west1,europe-west1-b
asian,cpu,none,50000,n2-standard-4,n2,4,393.10865859998785,127191.29662030179,2.119510850951601e-05,655287.4632679124,europe-west1,europe-west1-b
asian,cpu,none,100000,n2-standard-4,n2,4,790.1544892000061,126557.52940319969,4.2602496209366995e-05,652022.3050139088,europe-west1,europe-west1-b
asian,cpu,none,50000,n2-standard-4,n2,4,395.3031297999928,126485.21155220286,2.1313427081716276e-05,651649.7246378303,europe-west1,europe-west1-b
asian,cpu,none,100000,n2-standard-4,n2,4,792.253576600001,126222.21338419878,4.2715672005016724e-05,650294.7624121524,europe-west1,europe-west1-b
asian,cpu,none,100000,n2-standard-4,n2,4,794.355383200002,125888.23858303492,4.282899441086678e-05,648574.1297425808,europe-west1,europe-west1-b
asian,cpu,none,50000,n2-standard-4,n2,4,397.92211899999756,125652.7285430954,2.1454634249416535e-05,647360.7858995127,europe-west1,europe-west1-b
asian,cpu,none,1000,n2-standard-4,n2,4,8.099538000000924,123463.83213460889,4.367000905000498e-07,636083.6276898964,europe-west1,europe-west1-b
asian,jax,none,25000,n2-standard-4,n2,4,202.53043699999498,123438.23659453526,1.0919766061583062e-05,635951.7598894141,europe-west1,europe-west1-b
asian,jax,none,25000,n2-standard-4,n2,4,202.95825414285673,123178.04026045272,1.0942832535869025e-05,634611.2326659079,europe-west1,europe-west1-b
asian,jax,none,25000,n2-standard-4,n2,4,206.40680042857136,121120.04036733006,1.1128766656440473e-05,624008.4511454408,europe-west1,europe-west1-b
european_local_vol,jax,none,25000,n2-standard-4,n2,4,210.86686485714625,118558.21926757666,1.1369238463547801e-05,610809.9910745835,europe-west1,europe-west1-b
european_local_vol,jax,none,50000,n2-standard-4,n2,4,422.18572759999233,118431.28919643021,2.2762847146432918e-05,610156.0494406503,europe-west1,europe-west1-b
european_local_vol,jax,none,50000,n2-standard-4,n2,4,422.33599920000415,118389.1500954473,2.2770949290200223e-05,609938.9494871062,europe-west1,europe-west1-b
european_local_vol,jax,none,100000,n2-standard-4,n2,4,851.7035842000041,117411.74025224856,4.592101824811689e-05,604903.3500888643,europe-west1,europe-west1-b
european_local_vol,jax,none,100000,n2-standard-4,n2,4,853.2629920000034,117197.16070845319,4.6005096318666846e-05,603797.8398168634,europe-west1,europe-west1-b
european_local_vol,jax,none,50000,n2-standard-4,n2,4,429.3024722000041,116467.99922620972,2.3146558292783553e-05,600041.2118815545,europe-west1,europe-west1-b
european_local_vol,jax,none,100000,n2-standard-4,n2,4,861.1901832000001,116118.36961311055,4.6432504044200006e-05,598239.9258789828,europe-west1,europe-west1-b
european_local_vol,jax,none,25000,n2-standard-4,n2,4,215.42701300000593,116048.58486340016,1.1615106450916986e-05,597880.3959989705,europe-west1,europe-west1-b
european_local_vol,jax,none,25000,n2-standard-4,n2,4,221.00940028571716,113117.36047281441,1.1916090165404916e-05,582778.7762638559,europe-west1,europe-west1-b
european_local_vol,cpu,none,100000,n2-standard-4,n2,4,998.2808390000002,100172.21216042992,5.3823975236083346e-05,516085.5855766611,europe-west1,europe-west1-b
european_local_vol,cpu,none,100000,n2-standard-4,n2,4,1007.6672735999979,99239.1066177424,5.433006050159988e-05,511278.24120423704,europe-west1,europe-west1-b
european_local_vol,cpu,none,100000,n2-standard-4,n2,4,1018.3682149999925,98196.30908256573,5.490701959208292e-05,505905.76549492904,europe-west1,europe-west1-b
european_local_vol,cpu,none,50000,n2-standard-4,n2,4,530.3542577999963,94276.60712560109,2.8594933733049797e-05,485711.5256342148,europe-west1,europe-west1-b
european_local_vol,cpu,none,50000,n2-standard-4,n2,4,531.6868795999881,94040.31191745271,2.8666784258432687e-05,484494.1366174792,europe-west1,europe-west1-b
european_local_vol,cpu,none,50000,n2-standard-4,n2,4,532.2246726000003,93945.28772171013,2.8695780264350014e-05,484004.57352761534,europe-west1,europe-west1-b
asian,jax,none,10000,n2-standard-4,n2,4,111.99525819998826,89289.49457970042,6.038411004616033e-06,460018.0040170037,europe-west1,europe-west1-b
european_local_vol,jax,none,5000,n2-standard-4,n2,4,56.53485299999943,88441.01885256606,3.048170824249969e-06,455646.671059073,europe-west1,europe-west1-b
asian,jax,reverse,100000,n2-standard-4,n2,4,1130.826642799991,88430.8842886778,6.0970403157632855e-05,455594.4579530026,europe-west1,europe-west1-b
asian,jax,reverse,100000,n2-standard-4,n2,4,1134.4303308000008,88149.9703287023,6.116470200230004e-05,454147.1938624539,europe-west1,europe-west1-b
european_local_vol,jax,none,5000,n2-standard-4,n2,4,56.9014052,87871.2921486867,3.067934097033333e-06,452711.44847339875,europe-west1,europe-west1-b
asian,jax,none,10000,n2-standard-4,n2,4,114.02576880001334,87699.47447176371,6.147889367800719e-06,451826.2466345374,europe-west1,europe-west1-b
european_local_vol,jax,none,5000,n2-standard-4,n2,4,57.350099399999976,87183.80704323595,3.092126192649999e-06,449169.5365442347,europe-west1,europe-west1-b
european_local_vol,jax,none,10000,n2-standard-4,n2,4,114.81224839999982,87098.72108035484,6.190293726233323e-06,448731.1750662279,europe-west1,europe-west1-b
asian,jax,reverse,100000,n2-standard-4,n2,4,1148.4046317999969,87077.32207877035,6.191814973121649e-05,448620.927762856,europe-west1,europe-west1-b
european_local_vol,jax,none,10000,n2-standard-4,n2,4,115.12066999999888,86865.37352501594,6.206922790833273e-06,447528.97230817075,europe-west1,europe-west1-b
asian,jax,none,10000,n2-standard-4,n2,4,115.5113703999973,86571.56404059278,6.2279880540665205e-06,446015.27068826783,europe-west1,europe-west1-b
european_local_vol,jax,none,10000,n2-standard-4,n2,4,116.9850092000047,85481.03785591359,6.307441746033587e-06,440396.89776359394,europe-west1,europe-west1-b
european_local_vol,jax,none,1000,n2-standard-4,n2,4,12.904658333331062,77491.39684056024,6.95776161805433e-07,399234.39897248964,europe-west1,europe-west1-b
european_local_vol,jax,none,1000,n2-standard-4,n2,4,12.98768600000244,76996.00991275984,7.002527368334649e-07,396682.1736875829,europe-west2,europe-west2-b
european_local_vol,jax,none,1000,n2-standard-4,n2,4,13.02979799999567,76747.16062369749,7.025232754997666e-07,395400.10625294945,europe-west1,europe-west1-b
european_local_vol,jax,none,1000,n2-standard-4,n2,4,13.057748333343019,76582.8820154617,7.040302643060777e-07,394553.74557167286,europe-west1,europe-west1-b
european_local_vol,cpu,none,1000,n2-standard-4,n2,4,13.123544999999126,76198.92338541656,7.075778012499529e-07,392575.5970397556,europe-west2,europe-west2-b
european_local_vol,cpu,none,1000,n2-standard-4,n2,4,13.143269333340868,76084.57033314188,7.086412715559618e-07,391986.45199970057,europe-west1,europe-west1-b
european_local_vol,cpu,none,1000,n2-standard-4,n2,4,13.143269333340868,76084.57033314188,7.086412715559618e-07,391986.45199970057,europe-west1,europe-west1-b
european_local_vol,cpu,none,1000,n2-standard-4,n2,4,13.167559999999412,75944.21441786061,7.099509433333016e-07,391263.3406381278,europe-west1,europe-west1-b
european_local_vol,cpu,none,1000,n2-standard-4,n2,4,13.167559999999412,75944.21441786061,7.099509433333016e-07,391263.3406381278,europe-west1,europe-west1-b
asian,jax,reverse,50000,n2-standard-4,n2,4,675.7665218000056,73990.05187001199,3.643507830038364e-05,381195.52740861406,europe-west1,europe-west1-b
european_local_vol,cpu,none,1000,n2-standard-4,n2,4,13.678057666666632,73109.79558428064,7.374752758611093e-07,376660.4615367369,europe-west1,europe-west1-b
european_local_vol,cpu,none,1000,n2-standard-4,n2,4,13.678057666666632,73109.79558428064,7.374752758611093e-07,376660.4615367369,europe-west1,europe-west1-b
asian,jax,reverse,50000,n2-standard-4,n2,4,700.9606587999883,71330.67936451333,3.7793462186966036e-05,367494.48410362354,europe-west1,europe-west1-b
asian,jax,reverse,50000,n2-standard-4,n2,4,702.3506012000098,71189.51690875167,3.7868403248033866e-05,366767.21745879273,europe-west1,europe-west1-b
asian,jax,forward,100000,n2-standard-4,n2,4,1525.4032873999904,65556.43404338493,8.224466057898281e-05,337745.6674053835,europe-west1,europe-west1-b
asian,jax,forward,100000,n2-standard-4,n2,4,1552.0855740000115,64429.43718771995,8.368328053150062e-05,331939.398185059,europe-west1,europe-west1-b
asian,jax,forward,100000,n2-standard-4,n2,4,1574.120090600013,63527.554598380506,8.487130821818403e-05,327292.9139535317,europe-west1,europe-west1-b
asian,jax,forward,50000,n2-standard-4,n2,4,944.7836037999991,52922.171594527885,5.093958263821662e-05,272654.1555617099,europe-west1,europe-west1-b
asian,jax,forward,50000,n2-standard-4,n2,4,951.3960551999958,52554.34866133574,5.129610397619977e-05,270759.13787396054,europe-west1,europe-west1-b
asian,jax,forward,50000,n2-standard-4,n2,4,954.1426033999983,52403.06828542155,5.1444188699983235e-05,269979.7438713114,europe-west1,europe-west1-b
asian,jax,none,5000,n2-standard-4,n2,4,97.54421599998864,51258.80554517535,5.259258979332721e-06,264084.5210982759,europe-west1,europe-west1-b
asian,jax,none,5000,n2-standard-4,n2,4,97.56657800000141,51247.05716336518,5.260464663833409e-06,264023.9936288778,europe-west1,europe-west1-b
asian,jax,none,5000,n2-standard-4,n2,4,99.25801999999635,50373.763248553456,5.3516615783331365e-06,259524.79777719453,europe-west1,europe-west1-b
european_local_vol,jax,reverse,100000,n2-standard-4,n2,4,2132.482323599999,46893.70640652379,0.00011497633861409994,241595.60230048318,europe-west1,europe-west1-b
european_local_vol,jax,reverse,100000,n2-standard-4,n2,4,2169.6904062000044,46089.52489914909,0.00011698247440095024,237452.47243250432,europe-west1,europe-west1-b
european_local_vol,jax,reverse,100000,n2-standard-4,n2,4,2177.448837799994,45925.3040824766,0.00011740078317138302,236606.40949240906,europe-west1,europe-west1-b
european_local_vol,jax,reverse,50000,n2-standard-4,n2,4,1156.0407396000073,43251.07090715515,6.23298632101004e-05,222828.80426148968,europe-west1,europe-west1-b
european_local_vol,jax,reverse,50000,n2-standard-4,n2,4,1156.830668200007,43221.537407716256,6.237245352711704e-05,222676.64815928004,europe-west1,europe-west1-b
european_local_vol,jax,reverse,50000,n2-standard-4,n2,4,1162.4468552000053,43012.71905578619,6.267525960953361e-05,221600.81945278822,europe-west1,europe-west1-b
european_local_vol,jax,reverse,10000,n2-standard-4,n2,4,274.131146000002,36478.89028997795,1.4780237621833442e-05,187938.64137031403,europe-west1,europe-west1-b
european_local_vol,jax,reverse,10000,n2-standard-4,n2,4,275.3067910000084,36323.114165388295,1.4843624481417119e-05,187136.0853446074,europe-west1,europe-west1-b
european_local_vol,jax,reverse,10000,n2-standard-4,n2,4,277.0405930000038,36095.79336989024,1.4937105305916872e-05,185964.932353891,europe-west1,europe-west1-b
european_local_vol,jax,reverse,1000,n2-standard-4,n2,4,33.091469333333144,30219.26859538681,1.7841817215555453e-06,155689.17359807732,europe-west1,europe-west1-b
european_local_vol,jax,reverse,1000,n2-standard-4,n2,4,33.091469333333144,30219.26859538681,1.7841817215555453e-06,155689.17359807732,europe-west1,europe-west1-b
asian,jax,reverse,10000,n2-standard-4,n2,4,347.099834800008,28810.15488169794,1.87144660929671e-05,148429.44297629027,europe-west1,europe-west1-b
european_local_vol,jax,reverse,1000,n2-standard-4,n2,4,35.11339733334277,28479.158268471678,1.8931973395560641e-06,146724.15388187367,europe-west1,europe-west1-b
european_local_vol,jax,reverse,1000,n2-standard-4,n2,4,35.11339733334277,28479.158268471678,1.8931973395560641e-06,146724.15388187367,europe-west1,europe-west1-b
european_local_vol,jax,reverse,1000,n2-standard-4,n2,4,35.25985399999835,28360.86615673584,1.9010937948332443e-06,146114.71487241547,europe-west1,europe-west1-b
european_local_vol,jax,reverse,1000,n2-standard-4,n2,4,35.25985399999835,28360.86615673584,1.9010937948332443e-06,146114.71487241547,europe-west1,europe-west1-b
asian,jax,reverse,10000,n2-standard-4,n2,4,354.0028376000123,28248.361136864663,1.9086652993933997e-05,145535.09086483598,europe-west1,europe-west1-b
asian,jax,reverse,10000,n2-standard-4,n2,4,355.16163899999356,28156.193974541777,1.9149131702749654e-05,145060.2471640483,europe-west1,europe-west1-b
european_local_vol,jax,reverse,1000,n2-standard-4,n2,4,35.81157666666002,27923.93111613495,1.9308408419440856e-06,143863.63274670247,europe-west2,europe-west2-b
european_local_vol,jax,forward,100000,n2-standard-4,n2,4,3748.256858199994,26679.068106347033,0.00020209351560461635,137450.11904351896,europe-west1,europe-west1-b
european_local_vol,jax,forward,100000,n2-standard-4,n2,4,3758.1331764000024,26608.955911400717,0.00020262601376090013,137088.90217104956,europe-west1,europe-west1-b
european_local_vol,jax,forward,100000,n2-standard-4,n2,4,3768.469080400007,26535.974653501846,0.00020318329125156706,136712.90393354892,europe-west1,europe-west1-b
asian,jax,forward,10000,n2-standard-4,n2,4,494.843076199993,20208.426632523915,2.6680289191782953e-05,104113.4808476245,europe-west1,europe-west1-b
asian,jax,forward,10000,n2-standard-4,n2,4,495.14727139999195,20196.011525471495,2.66966903829829e-05,104049.5184207702,europe-west1,europe-west1-b
asian,jax,forward,10000,n2-standard-4,n2,4,497.8158047999841,20087.75113923486,2.684056880879914e-05,103491.76269569738,europe-west1,europe-west1-b
european_local_vol,jax,forward,50000,n2-standard-4,n2,4,2542.902284200005,19662.572294133573,0.00013710481482311695,101301.24829538162,europe-west1,europe-west1-b
european_local_vol,jax,forward,50000,n2-standard-4,n2,4,2547.8493150000018,19624.39446698596,0.0001373715422337501,101104.55675933004,europe-west1,europe-west1-b
european_local_vol,jax,forward,50000,n2-standard-4,n2,4,2555.836110000001,19563.069714982616,0.00013780216359750007,100788.61264802996,europe-west1,europe-west1-b
european_local_vol,jax,forward,10000,n2-standard-4,n2,4,640.2963631999967,15617.76791925413,3.452264558253315e-05,80462.4828400522,europe-west1,europe-west1-b
european_local_vol,jax,forward,1000,n2-standard-4,n2,4,64.03898199999958,15615.488703427649,3.452768446166644e-06,80450.7403576901,europe-west2,europe-west2-b
european_local_vol,jax,forward,1000,n2-standard-4,n2,4,64.32942399998846,15544.98607045167,3.4684281106660447e-06,80087.51195492875,europe-west1,europe-west1-b
european_local_vol,jax,forward,1000,n2-standard-4,n2,4,64.32942399998846,15544.98607045167,3.4684281106660447e-06,80087.51195492875,europe-west1,europe-west1-b
european_local_vol,jax,forward,1000,n2-standard-4,n2,4,64.62825766666924,15473.107834001386,3.4845402258612495e-06,79717.19646574646,europe-west1,europe-west1-b
european_local_vol,jax,forward,1000,n2-standard-4,n2,4,64.62825766666924,15473.107834001386,3.4845402258612495e-06,79717.19646574646,europe-west1,europe-west1-b
european_local_vol,jax,forward,10000,n2-standard-4,n2,4,646.5268576000085,15467.261541339978,3.485857307226712e-05,79687.0764623389,europe-west1,europe-west1-b
european_local_vol,jax,forward,10000,n2-standard-4,n2,4,651.3625176000062,15352.433905539647,3.511929574060033e-05,79095.48637578386,europe-west1,europe-west1-b
european_local_vol,jax,forward,1000,n2-standard-4,n2,4,65.43513633333002,15282.30941410357,3.5280444339720436e-06,78734.20615200192,europe-west1,europe-west1-b
european_local_vol,jax,forward,1000,n2-standard-4,n2,4,65.43513633333002,15282.30941410357,3.5280444339720436e-06,78734.20615200192,europe-west1,europe-west1-b
asian,jax,none,1000,n2-standard-4,n2,4,80.95687233334085,12352.2558515167,4.364924699972627e-06,63638.61850343483,europe-west1,europe-west1-b
asian,jax,none,1000,n2-standard-4,n2,4,82.2216743333352,12162.24320543384,4.4331186078056565e-06,62659.6764834304,europe-west2,europe-west2-b
asian,jax,none,1000,n2-standard-4,n2,4,84.75636799999602,11798.52350445275,4.569780841333118e-06,60785.79858038512,europe-west1,europe-west1-b
asian,jax,none,1000,n2-standard-4,n2,4,85.7806803333337,11657.636616008602,4.625008347972242e-06,60059.95165383103,europe-west1,europe-west1-b
asian,jax,reverse,1000,n2-standard-4,n2,4,280.7995166666662,3561.2596911521337,1.5139773940277752e-05,18347.5512166519,europe-west2,europe-west2-b
asian,jax,reverse,1000,n2-standard-4,n2,4,284.70754399999976,3512.376194710179,1.535048174733332e-05,18095.704248893246,europe-west1,europe-west1-b
asian,jax,reverse,1000,n2-standard-4,n2,4,284.70754399999976,3512.376194710179,1.535048174733332e-05,18095.704248893246,europe-west1,europe-west1-b
asian,jax,reverse,1000,n2-standard-4,n2,4,289.51418666666956,3454.062170540002,1.5609639897777936e-05,17795.271357753747,europe-west1,europe-west1-b
asian,jax,reverse,1000,n2-standard-4,n2,4,289.51418666666956,3454.062170540002,1.5609639897777936e-05,17795.271357753747,europe-west1,europe-west1-b
asian,jax,reverse,1000,n2-standard-4,n2,4,291.65108766667913,3428.754571088298,1.5724854476695116e-05,17664.88702260844,europe-west1,europe-west1-b
asian,jax,reverse,1000,n2-standard-4,n2,4,291.65108766667913,3428.754571088298,1.5724854476695116e-05,17664.88702260844,europe-west1,europe-west1-b
asian,jax,forward,1000,n2-standard-4,n2,4,398.78358333333114,2507.6257945255743,2.1501081534722102e-05,12919.246751806153,europe-west1,europe-west1-b
asian,jax,forward,1000,n2-standard-4,n2,4,398.78358333333114,2507.6257945255743,2.1501081534722102e-05,12919.246751806153,europe-west1,europe-west1-b
asian,jax,forward,1000,n2-standard-4,n2,4,400.8839140000002,2494.4877184570682,2.1614324363166677e-05,12851.559600500093,europe-west1,europe-west1-b
asian,jax,forward,1000,n2-standard-4,n2,4,400.8839140000002,2494.4877184570682,2.1614324363166677e-05,12851.559600500093,europe-west1,europe-west1-b
asian,jax,forward,1000,n2-standard-4,n2,4,403.9623636666647,2475.4781384167864,2.1780304107694337e-05,12753.6225575311,europe-west1,europe-west1-b
asian,jax,forward,1000,n2-standard-4,n2,4,403.9623636666647,2475.4781384167864,2.1780304107694337e-05,12753.6225575311,europe-west1,europe-west1-b
asian,jax,forward,1000,n2-standard-4,n2,4,413.1752873333359,2420.2802797187474,2.2277034242055694e-05,12469.244099529868,europe-west2,europe-west2-b
european,cpu,none,1000,n2d-standard-4,n2d,4,0.07032999999504834,14218683.350922879,7.032999999504833e-08,,europe-west4,europe-west4-a
european,jax,none,1000,n2d-standard-4,n2d,4,0.35943299999511663,2782159.6793104312,3.5943299999511666e-07,,europe-west4,europe-west4-a
european,jax,forward,1000,n2d-standard-4,n2d,4,1.6015723333377234,624386.4102696946,1.6015723333377234e-06,,europe-west4,europe-west4-a
european,jax,reverse,1000,n2d-standard-4,n2d,4,2.2131519999959437,451844.2474813446,2.2131519999959438e-06,,europe-west4,europe-west4-a
european_local_vol,cpu,none,1000,n2d-standard-4,n2d,4,13.382855000003246,74722.47140088998,1.3382855000003246e-05,,europe-west4,europe-west4-a
european_local_vol,jax,none,1000,n2d-standard-4,n2d,4,9.55040066666868,104707.64891467268,9.55040066666868e-06,,europe-west4,europe-west4-a
european_local_vol,jax,forward,1000,n2d-standard-4,n2d,4,43.92040433333477,22768.460700190288,4.392040433333477e-05,,europe-west4,europe-west4-a
european_local_vol,jax,reverse,1000,n2d-standard-4,n2d,4,25.161147999999873,39743.814550910196,2.5161147999999875e-05,,europe-west4,europe-west4-a
asian,cpu,none,1000,n2d-standard-4,n2d,4,8.42781900000015,118654.6602389043,8.42781900000015e-06,,europe-west4,europe-west4-a
asian,jax,none,1000,n2d-standard-4,n2d,4,73.71444000000338,13565.863079200686,7.371444000000338e-05,,europe-west4,europe-west4-a
asian,jax,forward,1000,n2d-standard-4,n2d,4,354.2050416666645,2823.22350719412,0.0003542050416666645,,europe-west4,europe-west4-a
asian,jax,reverse,1000,n2d-standard-4,n2d,4,245.38649666666856,4075.203866488194,0.00024538649666666857,,europe-west4,europe-west4-a
european,jax,forward,1000,n2d-standard-4,n2d,4,1.6015723333377234,624386.4102696946,1.6015723333377234e-06,,europe-west4,europe-west4-a
european,jax,reverse,1000,n2d-standard-4,n2d,4,2.2131519999959437,451844.2474813446,2.2131519999959438e-06,,europe-west4,europe-west4-a
european_local_vol,cpu,none,1000,n2d-standard-4,n2d,4,13.382855000003246,74722.47140088998,1.3382855000003246e-05,,europe-west4,europe-west4-a
european_local_vol,jax,forward,1000,n2d-standard-4,n2d,4,43.92040433333477,22768.460700190288,4.392040433333477e-05,,europe-west4,europe-west4-a
european_local_vol,jax,reverse,1000,n2d-standard-4,n2d,4,25.161147999999873,39743.814550910196,2.5161147999999875e-05,,europe-west4,europe-west4-a
asian,jax,forward,1000,n2d-standard-4,n2d,4,354.2050416666645,2823.22350719412,0.0003542050416666645,,europe-west4,europe-west4-a
asian,jax,reverse,1000,n2d-standard-4,n2d,4,245.38649666666856,4075.203866488194,0.00024538649666666857,,europe-west4,europe-west4-a
european,cpu,none,5000,n2d-standard-4,n2d,4,0.14655159999961143,34117675.958592445,7.327579999980571e-07,,europe-west4,europe-west4-a
european,jax,none,5000,n2d-standard-4,n2d,4,0.7297880000010082,6851304.762469501,3.648940000005041e-06,,europe-west4,europe-west4-a
european_local_vol,jax,none,5000,n2d-standard-4,n2d,4,44.43309679999459,112528.73106068558,0.00022216548399997294,,europe-west4,europe-west4-a
asian,cpu,none,5000,n2d-standard-4,n2d,4,32.55394120000119,153591.23398551255,0.00016276970600000593,,europe-west4,europe-west4-a
asian,jax,none,5000,n2d-standard-4,n2d,4,86.15306199999964,58036.2425191576,0.0004307653099999982,,europe-west4,europe-west4-a
european,jax,none,5000,n2d-standard-4,n2d,4,0.7297880000010082,6851304.762469501,3.648940000005041e-06,,europe-west4,europe-west4-a
asian,cpu,none,5000,n2d-standard-4,n2d,4,32.55394120000119,153591.23398551255,0.00016276970600000593,,europe-west4,europe-west4-a
european,cpu,none,25000,n2d-standard-4,n2d,4,0.4851271428581835,51532882.39596236,1.2128178571454588e-05,,europe-west4,europe-west4-a
european_local_vol,jax,none,25000,n2d-standard-4,n2d,4,153.12492457142721,163265.38654612307,0.0038281231142856804,,europe-west4,europe-west4-a
asian,jax,none,25000,n2d-standard-4,n2d,4,138.31968171428497,180740.72821856505,0.003457992042857124,,europe-west4,europe-west4-a
european,cpu,none,10000,n2d-standard-4,n2d,4,0.20756940000126178,48176658.02348136,2.075694000012618e-06,,europe-west4,europe-west4-a
european,cpu,none,50000,n2d-standard-4,n2d,4,0.9898808000002647,50511132.249445215,4.9494040000013234e-05,,europe-west4,europe-west4-a
european,cpu,none,100000,n2d-standard-4,n2d,4,1.8591596000021582,53787743.666484535,0.00018591596000021583,,europe-west4,europe-west4-a
european,jax,none,10000,n2d-standard-4,n2d,4,0.7852899999988949,12734149.167841272,7.852899999988949e-06,,europe-west4,europe-west4-a
european,jax,none,50000,n2d-standard-4,n2d,4,1.1617924000006496,43036948.769825004,5.808962000003248e-05,,europe-west4,europe-west4-a
european,jax,none,100000,n2d-standard-4,n2d,4,2.375900199999137,42089309.9802914,0.0002375900199999137,,europe-west4,europe-west4-a
european,jax,forward,10000,n2d-standard-4,n2d,4,1.7091361999973742,5850908.780713535,1.7091361999973742e-05,,europe-west4,europe-west4-a
european,jax,forward,50000,n2d-standard-4,n2d,4,3.0198758000011594,16556972.309914468,0.00015099379000005797,,europe-west4,europe-west4-a
european,jax,forward,100000,n2d-standard-4,n2d,4,3.4386162000004106,29081465.968777806,0.00034386162000004105,,europe-west4,europe-west4-a
european,jax,reverse,10000,n2d-standard-4,n2d,4,2.163906600000587,4621271.546561801,2.163906600000587e-05,,europe-west4,europe-west4-a
european,jax,reverse,50000,n2d-standard-4,n2d,4,2.824929999999881,17699553.61725852,0.00014124649999999405,,europe-west4,europe-west4-a
european,jax,reverse,100000,n2d-standard-4,n2d,4,3.4744495999973424,28781537.081463635,0.00034744495999973425,,europe-west4,europe-west4-a
european_local_vol,cpu,none,10000,n2d-standard-4,n2d,4,97.61845559999927,102439.64564422052,0.0009761845559999926,,europe-west4,europe-west4-a
european_local_vol,cpu,none,50000,n2d-standard-4,n2d,4,590.5936991999937,84660.5713330992,0.029529684959999684,,europe-west4,europe-west4-a
european_local_vol,cpu,none,100000,n2d-standard-4,n2d,4,1073.457731800005,93156.90505327779,0.10734577318000049,,europe-west4,europe-west4-a
european_local_vol,jax,none,10000,n2d-standard-4,n2d,4,88.76387640000019,112658.44176223897,0.0008876387640000019,,europe-west4,europe-west4-a
european_local_vol,jax,none,50000,n2d-standard-4,n2d,4,298.2246105999991,167658.86591118295,0.014911230529999955,,europe-west4,europe-west4-a
european_local_vol,jax,none,100000,n2d-standard-4,n2d,4,598.5918717999994,167058.73352288327,0.05985918717999993,,europe-west4,europe-west4-a
european_local_vol,jax,forward,10000,n2d-standard-4,n2d,4,465.2951146000021,21491.73650489894,0.004652951146000021,,europe-west4,europe-west4-a
european_local_vol,jax,forward,50000,n2d-standard-4,n2d,4,1566.670359599999,31914.818387683008,0.07833351797999996,,europe-west4,europe-west4-a
european_local_vol,jax,forward,100000,n2d-standard-4,n2d,4,3159.8762335999936,31646.809117606383,0.31598762335999936,,europe-west4,europe-west4-a
european_local_vol,jax,reverse,10000,n2d-standard-4,n2d,4,179.51212039999973,55706.54492697985,0.0017951212039999974,,europe-west4,europe-west4-a
european_local_vol,jax,reverse,50000,n2d-standard-4,n2d,4,697.4506590000033,71689.65912468909,0.03487253295000017,,europe-west4,europe-west4-a
european_local_vol,jax,reverse,100000,n2d-standard-4,n2d,4,1368.4690730000057,73074.35876557772,0.13684690730000057,,europe-west4,europe-west4-a
asian,cpu,none,10000,n2d-standard-4,n2d,4,62.73256819999914,159406.8326378536,0.0006273256819999914,,europe-west4,europe-west4-a
asian,cpu,none,50000,n2d-standard-4,n2d,4,321.8219260000012,155365.42404509697,0.01609109630000006,,europe-west4,europe-west4-a
asian,cpu,none,100000,n2d-standard-4,n2d,4,638.3922084000005,156643.51582646903,0.06383922084000006,,europe-west4,europe-west4-a
asian,jax,none,10000,n2d-standard-4,n2d,4,90.6976383999961,110256.4540423627,0.0009069763839999609,,europe-west4,europe-west4-a
asian,jax,none,50000,n2d-standard-4,n2d,4,222.4900325999954,224729.16838433253,0.01112450162999977,,europe-west4,europe-west4-a
asian,jax,none,100000,n2d-standard-4,n2d,4,384.21524919999683,260270.7732403059,0.03842152491999968,,europe-west4,europe-west4-a
asian,jax,forward,10000,n2d-standard-4,n2d,4,412.434670600004,24246.264227622145,0.00412434670600004,,europe-west4,europe-west4-a
asian,jax,forward,50000,n2d-standard-4,n2d,4,654.3370767999988,76413.21540959038,0.03271685383999994,,europe-west4,europe-west4-a
asian,jax,forward,100000,n2d-standard-4,n2d,4,968.4983117999991,103252.63222621974,0.0968498311799999,,europe-west4,europe-west4-a
asian,jax,reverse,10000,n2d-standard-4,n2d,4,288.4250246000022,34671.05537693321,0.0028842502460000217,,europe-west4,europe-west4-a
asian,jax,reverse,50000,n2d-standard-4,n2d,4,471.75644999999236,105986.8921770986,0.023587822499999616,,europe-west4,europe-west4-a
asian,jax,reverse,100000,n2d-standard-4,n2d,4,722.7710360000003,138356.40198509552,0.07227710360000004,,europe-west4,europe-west4-a
european,cpu,none,1000,n2d-standard-4,n2d,4,0.09352600000056555,10692213.929751653,9.352600000056554e-08,,europe-west4,europe-west4-a
european,jax,none,1000,n2d-standard-4,n2d,4,0.5015286666605334,1993903.9709506053,5.015286666605334e-07,,europe-west4,europe-west4-a
european,jax,forward,1000,n2d-standard-4,n2d,4,1.9882839999970279,502946.25918706524,1.988283999997028e-06,,europe-west4,europe-west4-a
european,jax,reverse,1000,n2d-standard-4,n2d,4,2.476334333332867,403822.6933009133,2.4763343333328673e-06,,europe-west4,europe-west4-a
european,cpp,none,1000,n2d-standard-4,n2d,4,0.020028999998089603,49927604.97755163,2.0028999998089603e-08,,europe-west4,europe-west4-a
european,rust,none,1000,n2d-standard-4,n2d,4,0.08970866666402344,11147194.99449475,8.970866666402344e-08,,europe-west4,europe-west4-a
european_local_vol,cpu,none,1000,n2d-standard-4,n2d,4,13.483675999997521,74163.75178402268,1.348367599999752e-05,,europe-west4,europe-west4-a
european_local_vol,jax,none,1000,n2d-standard-4,n2d,4,10.449900999996467,95694.68648557896,1.0449900999996467e-05,,europe-west4,europe-west4-a
european_local_vol,jax,forward,1000,n2d-standard-4,n2d,4,44.878535333329715,22282.367117657137,4.4878535333329714e-05,,europe-west4,europe-west4-a
european_local_vol,jax,reverse,1000,n2d-standard-4,n2d,4,25.64375266666256,38995.85263509509,2.564375266666256e-05,,europe-west4,europe-west4-a
european_local_vol,cpp,none,1000,n2d-standard-4,n2d,4,5.856070333337016,170762.97637807933,5.856070333337015e-06,,europe-west4,europe-west4-a
european_local_vol,rust,none,1000,n2d-standard-4,n2d,4,4.7240073333322625,211684.68409099846,4.7240073333322625e-06,,europe-west4,europe-west4-a
asian,cpu,none,1000,n2d-standard-4,n2d,4,9.227759999996957,108368.6615170236,9.227759999996956e-06,,europe-west4,europe-west4-a
asian,jax,none,1000,n2d-standard-4,n2d,4,86.38425600000232,11576.183511958165,8.638425600000232e-05,,europe-west4,europe-west4-a
asian,jax,forward,1000,n2d-standard-4,n2d,4,394.01213399999807,2537.992903538359,0.0003940121339999981,,europe-west4,europe-west4-a
asian,jax,reverse,1000,n2d-standard-4,n2d,4,276.61438866667254,3615.1409361608653,0.00027661438866667253,,europe-west4,europe-west4-a
european,cpu,none,1000,n2d-standard-4,n2d,4,0.09352600000056555,10692213.929751653,9.352600000056554e-08,,europe-west4,europe-west4-a
european,jax,forward,1000,n2d-standard-4,n2d,4,1.9882839999970279,502946.25918706524,1.988283999997028e-06,,europe-west4,europe-west4-a
european,jax,reverse,1000,n2d-standard-4,n2d,4,2.476334333332867,403822.6933009133,2.4763343333328673e-06,,europe-west4,europe-west4-a
european,rust,none,1000,n2d-standard-4,n2d,4,0.08970866666402344,11147194.99449475,8.970866666402344e-08,,europe-west4,europe-west4-a
european_local_vol,cpu,none,1000,n2d-standard-4,n2d,4,13.483675999997521,74163.75178402268,1.348367599999752e-05,,europe-west4,europe-west4-a
european_local_vol,jax,forward,1000,n2d-standard-4,n2d,4,44.878535333329715,22282.367117657137,4.4878535333329714e-05,,europe-west4,europe-west4-a
european_local_vol,jax,reverse,1000,n2d-standard-4,n2d,4,25.64375266666256,38995.85263509509,2.564375266666256e-05,,europe-west4,europe-west4-a
european_local_vol,cpp,none,1000,n2d-standard-4,n2d,4,5.856070333337016,170762.97637807933,5.856070333337015e-06,,europe-west4,europe-west4-a
european_local_vol,rust,none,1000,n2d-standard-4,n2d,4,4.7240073333322625,211684.68409099846,4.7240073333322625e-06,,europe-west4,europe-west4-a
asian,jax,forward,1000,n2d-standard-4,n2d,4,394.01213399999807,2537.992903538359,0.0003940121339999981,,europe-west4,europe-west4-a
asian,jax,reverse,1000,n2d-standard-4,n2d,4,276.61438866667254,3615.1409361608653,0.00027661438866667253,,europe-west4,europe-west4-a
european,jax,none,5000,n2d-standard-4,n2d,4,0.6794727999931638,7358646.2917283885,3.397363999965819e-06,,europe-west4,europe-west4-a
european,cpp,none,5000,n2d-standard-4,n2d,4,0.06142260000387977,81403261.98637266,3.0711300001939883e-07,,europe-west4,europe-west4-a
european_local_vol,jax,none,5000,n2d-standard-4,n2d,4,43.17119800000455,115817.95807472085,0.00021585599000002276,,europe-west4,europe-west4-a
asian,cpu,none,5000,n2d-standard-4,n2d,4,37.94467140000393,131770.80774507596,0.00018972335700001965,,europe-west4,europe-west4-a
asian,jax,none,5000,n2d-standard-4,n2d,4,89.92369760000543,55602.695768147525,0.00044961848800002715,,europe-west4,europe-west4-a
european,cpp,none,5000,n2d-standard-4,n2d,4,0.06142260000387977,81403261.98637266,3.0711300001939883e-07,,europe-west4,europe-west4-a
asian,cpu,none,5000,n2d-standard-4,n2d,4,37.94467140000393,131770.80774507596,0.00018972335700001965,,europe-west4,europe-west4-a
european,jax,none,25000,n2d-standard-4,n2d,4,0.862860714294454,28973390.010509472,2.157151785736135e-05,,europe-west4,europe-west4-a
european_local_vol,jax,none,25000,n2d-standard-4,n2d,4,168.56784171428427,148308.24044347674,0.004214196042857107,,europe-west4,europe-west4-a
asian,jax,none,25000,n2d-standard-4,n2d,4,163.9959161428562,152442.82045549597,0.004099897903571405,,europe-west4,europe-west4-a
european,cpu,none,10000,n2d-standard-4,n2d,4,0.22893680000493077,43680177.23574638,2.289368000049308e-06,,europe-west4,europe-west4-a
european,cpu,none,50000,n2d-standard-4,n2d,4,1.0775058000035642,46403462.51485107,5.387529000017821e-05,,europe-west4,europe-west4-a
european,cpu,none,100000,n2d-standard-4,n2d,4,2.007949400012876,49802051.78445171,0.00020079494000128763,,europe-west4,europe-west4-a
european,jax,none,10000,n2d-standard-4,n2d,4,0.8196116000021902,12200901.01210534,8.196116000021902e-06,,europe-west4,europe-west4-a
european,jax,none,50000,n2d-standard-4,n2d,4,1.1557949999996708,43260266.74281705,5.7789749999983544e-05,,europe-west4,europe-west4-a
european,jax,none,100000,n2d-standard-4,n2d,4,2.6646672000083527,37528138.59820338,0.00026646672000083524,,europe-west4,europe-west4-a
european,jax,forward,10000,n2d-standard-4,n2d,4,1.8839133999961177,5308099.618602749,1.8839133999961176e-05,,europe-west4,europe-west4-a
european,jax,forward,50000,n2d-standard-4,n2d,4,3.583078200011869,13954481.931160301,0.00017915391000059342,,europe-west4,europe-west4-a
european,jax,forward,100000,n2d-standard-4,n2d,4,4.639061799997535,21556082.740706995,0.0004639061799997535,,europe-west4,europe-west4-a
european,jax,reverse,10000,n2d-standard-4,n2d,4,2.26541099999622,4414210.048426835,2.2654109999962203e-05,,europe-west4,europe-west4-a
european,jax,reverse,50000,n2d-standard-4,n2d,4,4.073327200001131,12274977.566247592,0.00020366636000005656,,europe-west4,europe-west4-a
european,jax,reverse,100000,n2d-standard-4,n2d,4,4.742451399999936,21086141.230672676,0.0004742451399999936,,europe-west4,europe-west4-a
european,cpp,none,10000,n2d-standard-4,n2d,4,0.09714920000760685,102934455.4480839,9.714920000760686e-07,,europe-west4,europe-west4-a
european,cpp,none,50000,n2d-standard-4,n2d,4,0.5359096000006502,93299317.64599726,2.6795480000032512e-05,,europe-west4,europe-west4-a
european,cpp,none,100000,n2d-standard-4,n2d,4,1.071471600005225,93329585.21673591,0.00010714716000052248,,europe-west4,europe-west4-a
european,rust,none,10000,n2d-standard-4,n2d,4,0.24778920000017024,40356883.99653064,2.4778920000017023e-06,,europe-west4,europe-west4-a
european,rust,none,50000,n2d-standard-4,n2d,4,0.2986591999956545,167414899.66064164,1.4932959999782724e-05,,europe-west4,europe-west4-a
european,rust,none,100000,n2d-standard-4,n2d,4,0.5548498000052859,180228955.6543903,5.5484980000528596e-05,,europe-west4,europe-west4-a
european_local_vol,cpu,none,10000,n2d-standard-4,n2d,4,98.77228000000287,101242.98031795672,0.0009877228000000286,,europe-west4,europe-west4-a
european_local_vol,cpu,none,50000,n2d-standard-4,n2d,4,602.6364146000049,82968.76655418692,0.03013182073000024,,europe-west4,europe-west4-a
european_local_vol,cpu,none,100000,n2d-standard-4,n2d,4,1097.1130409999944,91148.31039548323,0.10971130409999945,,europe-west4,europe-west4-a
european_local_vol,jax,none,10000,n2d-standard-4,n2d,4,91.9006338000031,108813.1777389294,0.0009190063380000311,,europe-west4,europe-west4-a
european_local_vol,jax,none,50000,n2d-standard-4,n2d,4,344.3444432000035,145203.44668654577,0.017217222160000174,,europe-west4,europe-west4-a
european_local_vol,jax,none,100000,n2d-standard-4,n2d,4,677.2394727999881,147658.2568150652,0.06772394727999881,,europe-west4,europe-west4-a
european_local_vol,jax,forward,10000,n2d-standard-4,n2d,4,464.98886239999706,21505.89144949822,0.004649888623999971,,europe-west4,europe-west4-a
european_local_vol,jax,forward,50000,n2d-standard-4,n2d,4,1639.6454613999992,30494.397220059916,0.08198227306999996,,europe-west4,europe-west4-a
european_local_vol,jax,forward,100000,n2d-standard-4,n2d,4,3263.5268264000047,30641.69694915913,0.32635268264000045,,europe-west4,europe-west4-a
european_local_vol,jax,reverse,10000,n2d-standard-4,n2d,4,193.43511839999792,51696.920821385385,0.0019343511839999793,,europe-west4,europe-west4-a
european_local_vol,jax,reverse,50000,n2d-standard-4,n2d,4,767.371840200002,65157.46002220824,0.038368592010000105,,europe-west4,europe-west4-a
european_local_vol,jax,reverse,100000,n2d-standard-4,n2d,4,1541.5164058000016,64871.187633000205,0.15415164058000017,,europe-west4,europe-west4-a
european_local_vol,cpp,none,10000,n2d-standard-4,n2d,4,57.7081354000029,173285.79290745023,0.0005770813540000291,,europe-west4,europe-west4-a
european_local_vol,cpp,none,50000,n2d-standard-4,n2d,4,286.7542743999934,174365.31715044298,0.01433771371999967,,europe-west4,europe-west4-a
european_local_vol,cpp,none,100000,n2d-standard-4,n2d,4,574.2579019999937,174137.78661421206,0.05742579019999937,,europe-west4,europe-west4-a
european_local_vol,rust,none,10000,n2d-standard-4,n2d,4,45.76866939999604,218490.0747846706,0.0004576866939999604,,europe-west4,europe-west4-a
european_local_vol,rust,none,50000,n2d-standard-4,n2d,4,229.9233720000018,217463.75570726933,0.011496168600000089,,europe-west4,europe-west4-a
european_local_vol,rust,none,100000,n2d-standard-4,n2d,4,456.9926136000049,218821.91751906014,0.04569926136000049,,europe-west4,europe-west4-a
asian,cpu,none,10000,n2d-standard-4,n2d,4,67.59144780000383,147947.71121916155,0.0006759144780000383,,europe-west4,europe-west4-a
asian,cpu,none,50000,n2d-standard-4,n2d,4,335.14483780001,149189.229135125,0.0167572418900005,,europe-west4,europe-west4-a
asian,cpu,none,100000,n2d-standard-4,n2d,4,671.8013645999974,148853.52318321323,0.06718013645999973,,europe-west4,europe-west4-a
asian,jax,none,10000,n2d-standard-4,n2d,4,92.0956235999995,108582.79263554554,0.0009209562359999951,,europe-west4,europe-west4-a
asian,jax,none,50000,n2d-standard-4,n2d,4,257.7282157999946,194002.81744394495,0.01288641078999973,,europe-west4,europe-west4-a
asian,jax,none,100000,n2d-standard-4,n2d,4,502.7630091999924,198900.87013187827,0.05027630091999924,,europe-west4,europe-west4-a
asian,jax,forward,10000,n2d-standard-4,n2d,4,490.50081039999895,20387.32615313131,0.004905008103999989,,europe-west4,europe-west4-a
asian,jax,forward,50000,n2d-standard-4,n2d,4,787.7475101999835,63472.1142911726,0.03938737550999917,,europe-west4,europe-west4-a
asian,jax,forward,100000,n2d-standard-4,n2d,4,1141.4439689999995,87608.3300765156,0.11414439689999994,,europe-west4,europe-west4-a
asian,jax,reverse,10000,n2d-standard-4,n2d,4,328.6814371999867,30424.596184041526,0.0032868143719998674,,europe-west4,europe-west4-a
asian,jax,reverse,50000,n2d-standard-4,n2d,4,525.7112386000131,95109.24691880603,0.026285561930000655,,europe-west4,europe-west4-a
asian,jax,reverse,100000,n2d-standard-4,n2d,4,890.2204137999888,112331.73093969018,0.08902204137999888,,europe-west4,europe-west4-a
european,cpu,none,1000,n2d-standard-4,n2d,4,0.0829959999938031,12048773.435763953,8.299599999380309e-08,,europe-west4,europe-west4-a
european,jax,none,1000,n2d-standard-4,n2d,4,0.4278039999974226,2337519.0507943467,4.278039999974226e-07,,europe-west4,europe-west4-a
european,jax,forward,1000,n2d-standard-4,n2d,4,1.5789996666626394,633312.3566223365,1.5789996666626393e-06,,europe-west4,europe-west4-a
european,jax,reverse,1000,n2d-standard-4,n2d,4,2.155256000008876,463982.0049200103,2.155256000008876e-06,,europe-west4,europe-west4-a
european,cpp,none,1000,n2d-standard-4,n2d,4,0.018546333327170334,53919013.659427896,1.8546333327170334e-08,,europe-west4,europe-west4-a
european,rust,none,1000,n2d-standard-4,n2d,4,0.04048300001121182,24701726.64385171,4.0483000011211824e-08,,europe-west4,europe-west4-a
european_local_vol,cpu,none,1000,n2d-standard-4,n2d,4,13.509800999997879,74020.33531065017,1.3509800999997879e-05,,europe-west4,europe-west4-a
european_local_vol,jax,none,1000,n2d-standard-4,n2d,4,9.357850666665021,106862.14555253029,9.35785066666502e-06,,europe-west4,europe-west4-a
european_local_vol,jax,forward,1000,n2d-standard-4,n2d,4,42.662681999994824,23439.689047212767,4.266268199999483e-05,,europe-west4,europe-west4-a
european_local_vol,jax,reverse,1000,n2d-standard-4,n2d,4,23.052522666660025,43379.20037906573,2.3052522666660026e-05,,europe-west4,europe-west4-a
european_local_vol,cpp,none,1000,n2d-standard-4,n2d,4,5.850377666651714,170929.1360282933,5.850377666651714e-06,,europe-west4,europe-west4-a
european_local_vol,rust,none,1000,n2d-standard-4,n2d,4,4.676927666669902,213815.5796435541,4.676927666669902e-06,,europe-west4,europe-west4-a
asian,cpu,none,1000,n2d-standard-4,n2d,4,8.436041999999588,118539.00205807993,8.436041999999588e-06,,europe-west4,europe-west4-a
asian,jax,none,1000,n2d-standard-4,n2d,4,70.4067239999991,14203.188888606901,7.04067239999991e-05,,europe-west4,europe-west4-a
asian,jax,forward,1000,n2d-standard-4,n2d,4,345.60257533333544,2893.4969568311085,0.0003456025753333354,,europe-west4,europe-west4-a
asian,jax,reverse,1000,n2d-standard-4,n2d,4,241.4404966666742,4141.807251915039,0.00024144049666667417,,europe-west4,europe-west4-a
european,cpu,none,1000,n2d-standard-4,n2d,4,0.0829959999938031,12048773.435763953,8.299599999380309e-08,,europe-west4,europe-west4-a
european,jax,forward,1000,n2d-standard-4,n2d,4,1.5789996666626394,633312.3566223365,1.5789996666626393e-06,,europe-west4,europe-west4-a
european,jax,reverse,1000,n2d-standard-4,n2d,4,2.155256000008876,463982.0049200103,2.155256000008876e-06,,europe-west4,europe-west4-a
european,rust,none,1000,n2d-standard-4,n2d,4,0.04048300001121182,24701726.64385171,4.0483000011211824e-08,,europe-west4,europe-west4-a
european_local_vol,cpu,none,1000,n2d-standard-4,n2d,4,13.509800999997879,74020.33531065017,1.3509800999997879e-05,,europe-west4,europe-west4-a
european_local_vol,jax,forward,1000,n2d-standard-4,n2d,4,42.662681999994824,23439.689047212767,4.266268199999483e-05,,europe-west4,europe-west4-a
european_local_vol,jax,reverse,1000,n2d-standard-4,n2d,4,23.052522666660025,43379.20037906573,2.3052522666660026e-05,,europe-west4,europe-west4-a
european_local_vol,cpp,none,1000,n2d-standard-4,n2d,4,5.850377666651714,170929.1360282933,5.850377666651714e-06,,europe-west4,europe-west4-a
european_local_vol,rust,none,1000,n2d-standard-4,n2d,4,4.676927666669902,213815.5796435541,4.676927666669902e-06,,europe-west4,europe-west4-a
asian,jax,forward,1000,n2d-standard-4,n2d,4,345.60257533333544,2893.4969568311085,0.0003456025753333354,,europe-west4,europe-west4-a
asian,jax,reverse,1000,n2d-standard-4,n2d,4,241.4404966666742,4141.807251915039,0.00024144049666667417,,europe-west4,europe-west4-a
european,jax,none,5000,n2d-standard-4,n2d,4,0.515394799998603,9701300.828051724,2.576973999993015e-06,,europe-west4,europe-west4-a
european,cpp,none,5000,n2d-standard-4,n2d,4,0.05244579999725829,95336518.84920023,2.6222899998629147e-07,,europe-west4,europe-west4-a
european_local_vol,jax,none,5000,n2d-standard-4,n2d,4,43.53241499999854,114856.9405120338,0.00021766207499999268,,europe-west4,europe-west4-a
asian,cpu,none,5000,n2d-standard-4,n2d,4,31.76177160000293,157421.94934742048,0.00015880885800001465,,europe-west4,europe-west4-a
asian,jax,none,5000,n2d-standard-4,n2d,4,82.32088700000304,60737.92669410639,0.0004116044350000152,,europe-west4,europe-west4-a
european,cpp,none,5000,n2d-standard-4,n2d,4,0.05244579999725829,95336518.84920023,2.6222899998629147e-07,,europe-west4,europe-west4-a
asian,cpu,none,5000,n2d-standard-4,n2d,4,31.76177160000293,157421.94934742048,0.00015880885800001465,,europe-west4,europe-west4-a
european,jax,none,25000,n2d-standard-4,n2d,4,0.7982044285727495,31320297.28863057,1.995511071431874e-05,,europe-west4,europe-west4-a
european_local_vol,jax,none,25000,n2d-standard-4,n2d,4,154.58944185714276,161718.67690099226,0.003864736046428569,,europe-west4,europe-west4-a
asian,jax,none,25000,n2d-standard-4,n2d,4,145.62162928571152,171677.79348869718,0.003640540732142788,,europe-west4,europe-west4-a
european,cpu,none,10000,n2d-standard-4,n2d,4,0.2200908000020263,45435792.863254316,2.200908000020263e-06,,europe-west4,europe-west4-a
european,cpu,none,50000,n2d-standard-4,n2d,4,0.9685091999983797,51625735.71844609,4.842545999991898e-05,,europe-west4,europe-west4-a
european,cpu,none,100000,n2d-standard-4,n2d,4,1.85330979999776,53957519.67648413,0.000185330979999776,,europe-west4,europe-west4-a
european,jax,none,10000,n2d-standard-4,n2d,4,0.6071481999924799,16470443.295597121,6.0714819999248e-06,,europe-west4,europe-west4-a
european,jax,none,50000,n2d-standard-4,n2d,4,1.0613180000007105,47111233.39090313,5.306590000003553e-05,,europe-west4,europe-west4-a
european,jax,none,100000,n2d-standard-4,n2d,4,2.338677799997413,42759203.5123909,0.0002338677799997413,,europe-west4,europe-west4-a
european,jax,forward,10000,n2d-standard-4,n2d,4,2.0566550000012285,4862264.210572034,2.0566550000012286e-05,,europe-west4,europe-west4-a
european,jax,forward,50000,n2d-standard-4,n2d,4,3.036164400003827,16468146.454762785,0.00015180822000019132,,europe-west4,europe-west4-a
european,jax,forward,100000,n2d-standard-4,n2d,4,3.91863720000174,25519075.866465922,0.000391863720000174,,europe-west4,europe-west4-a
european,jax,reverse,10000,n2d-standard-4,n2d,4,2.193288199998733,4559364.337074251,2.193288199998733e-05,,europe-west4,europe-west4-a
european,jax,reverse,50000,n2d-standard-4,n2d,4,2.9567382000038833,16910526.60662832,0.00014783691000019416,,europe-west4,europe-west4-a
european,jax,reverse,100000,n2d-standard-4,n2d,4,3.6920582000050217,27085163.500365183,0.0003692058200005022,,europe-west4,europe-west4-a
european,cpp,none,10000,n2d-standard-4,n2d,4,0.09523479999984374,105003633.12587844,9.523479999984375e-07,,europe-west4,europe-west4-a
european,cpp,none,50000,n2d-standard-4,n2d,4,0.5299887999967723,94341616.27623925,2.6499439999838615e-05,,europe-west4,europe-west4-a
european,cpp,none,100000,n2d-standard-4,n2d,4,1.0576131999982863,94552526.38692674,0.00010576131999982863,,europe-west4,europe-west4-a
european,rust,none,10000,n2d-standard-4,n2d,4,0.13723840000352538,72865903.41874519,1.372384000035254e-06,,europe-west4,europe-west4-a
european,rust,none,50000,n2d-standard-4,n2d,4,0.28127219999873887,177763746.2935341,1.4063609999936943e-05,,europe-west4,europe-west4-a
european,rust,none,100000,n2d-standard-4,n2d,4,0.4787952000015139,208857565.82289007,4.7879520000151384e-05,,europe-west4,europe-west4-a
european_local_vol,cpu,none,10000,n2d-standard-4,n2d,4,98.79672600000617,101217.9290232692,0.0009879672600000618,,europe-west4,europe-west4-a
european_local_vol,cpu,none,50000,n2d-standard-4,n2d,4,590.5973560000064,84660.04714047426,0.029529867800000317,,europe-west4,europe-west4-a
european_local_vol,cpu,none,100000,n2d-standard-4,n2d,4,1055.2208006,94766.89612556902,0.10552208006000001,,europe-west4,europe-west4-a
european_local_vol,jax,none,10000,n2d-standard-4,n2d,4,88.79568659999677,112618.08295990319,0.0008879568659999677,,europe-west4,europe-west4-a
european_local_vol,jax,none,50000,n2d-standard-4,n2d,4,299.42778160000216,166985.17329562193,0.014971389080000109,,europe-west4,europe-west4-a
european_local_vol,jax,none,100000,n2d-standard-4,n2d,4,586.2274491999983,170582.25461203852,0.05862274491999983,,europe-west4,europe-west4-a
european_local_vol,jax,forward,10000,n2d-standard-4,n2d,4,455.56755860000635,21950.641153489414,0.004555675586000063,,europe-west4,europe-west4-a
european_local_vol,jax,forward,50000,n2d-standard-4,n2d,4,1576.298414400003,31719.882189332682,0.07881492072000015,,europe-west4,europe-west4-a
european_local_vol,jax,forward,100000,n2d-standard-4,n2d,4,3148.280025200006,31763.37530320135,0.31482800252000065,,europe-west4,europe-west4-a
european_local_vol,jax,reverse,10000,n2d-standard-4,n2d,4,177.7868853999962,56247.1184390309,0.001777868853999962,,europe-west4,europe-west4-a
european_local_vol,jax,reverse,50000,n2d-standard-4,n2d,4,664.5089196000072,75243.5347746677,0.03322544598000036,,europe-west4,europe-west4-a
european_local_vol,jax,reverse,100000,n2d-standard-4,n2d,4,1328.1166917999997,75294.58865882468,0.13281166917999995,,europe-west4,europe-west4-a
european_local_vol,cpp,none,10000,n2d-standard-4,n2d,4,57.3741009999992,174294.66999404732,0.0005737410099999919,,europe-west4,europe-west4-a
european_local_vol,cpp,none,50000,n2d-standard-4,n2d,4,286.9653443999937,174237.0672129185,0.014348267219999685,,europe-west4,europe-west4-a
european_local_vol,cpp,none,100000,n2d-standard-4,n2d,4,572.513013400004,174668.5187226162,0.0572513013400004,,europe-west4,europe-west4-a
european_local_vol,rust,none,10000,n2d-standard-4,n2d,4,45.60910659999422,219254.45915227087,0.0004560910659999422,,europe-west4,europe-west4-a
european_local_vol,rust,none,50000,n2d-standard-4,n2d,4,228.3534320000058,218958.8286984832,0.01141767160000029,,europe-west4,europe-west4-a
european_local_vol,rust,none,100000,n2d-standard-4,n2d,4,456.75873020001063,218933.96532609433,0.04567587302000106,,europe-west4,europe-west4-a
asian,cpu,none,10000,n2d-standard-4,n2d,4,61.80639300000621,161795.5605336651,0.0006180639300000621,,europe-west4,europe-west4-a
asian,cpu,none,50000,n2d-standard-4,n2d,4,319.2202899999984,156631.64769382376,0.01596101449999992,,europe-west4,europe-west4-a
asian,cpu,none,100000,n2d-standard-4,n2d,4,633.6610825999969,157813.06876175274,0.06336610825999969,,europe-west4,europe-west4-a
asian,jax,none,10000,n2d-standard-4,n2d,4,85.98665820001088,116297.11177679812,0.0008598665820001087,,europe-west4,europe-west4-a
asian,jax,none,50000,n2d-standard-4,n2d,4,233.0774826000038,214520.93716752363,0.011653874130000191,,europe-west4,europe-west4-a
asian,jax,none,100000,n2d-standard-4,n2d,4,381.8879436000202,261856.9181768605,0.03818879436000202,,europe-west4,europe-west4-a
asian,jax,forward,10000,n2d-standard-4,n2d,4,406.48679840001023,24601.044952410313,0.0040648679840001025,,europe-west4,europe-west4-a
asian,jax,forward,50000,n2d-standard-4,n2d,4,638.6036547999879,78295.82499909135,0.031930182739999396,,europe-west4,europe-west4-a
asian,jax,forward,100000,n2d-standard-4,n2d,4,914.9367305999931,109297.17504556019,0.09149367305999932,,europe-west4,europe-west4-a
asian,jax,reverse,10000,n2d-standard-4,n2d,4,271.89656639999384,36778.69173709516,0.002718965663999938,,europe-west4,europe-west4-a
asian,jax,reverse,50000,n2d-standard-4,n2d,4,467.33473240000194,106989.69396780018,0.0233667366200001,,europe-west4,europe-west4-a
asian,jax,reverse,100000,n2d-standard-4,n2d,4,706.9184457999995,141459.03334978456,0.07069184457999995,,europe-west4,europe-west4-a
european,rust,none,100000,t2d-standard-4,t2d,4,0.30942820000063875,323176749.88832164,1.4618763404474623e-08,1900145519.0987866,europe-west1,europe-west1-b
european,rust,none,100000,t2d-standard-4,t2d,4,0.35553879999383753,281263254.53574485,1.6797233084153302e-08,1653711515.3794968,europe-west1,europe-west1-b
european,rust,none,50000,t2d-standard-4,t2d,4,0.19225839999990058,260066660.28649908,9.08314129777308e-09,1529084314.948842,europe-west1,europe-west1-b
european,rust,none,50000,t2d-standard-4,t2d,4,0.21319839999875967,234523336.01139072,1.0072439964385847e-08,1378900141.1770384,europe-west1,europe-west1-b
european,cpp,none,10000,t2d-standard-4,t2d,4,0.06595299999503368,151623125.57052764,3.115912844209814e-09,891481218.0769498,europe-west1,europe-west1-b
european,cpp,none,10000,t2d-standard-4,t2d,4,0.06637099999977636,150668213.52749988,3.1356610222116563e-09,885866730.5238703,europe-west1,europe-west1-b
european,cpp,none,50000,t2d-standard-4,t2d,4,0.3395991999980197,147232384.52944404,1.604417553768422e-08,865665478.1834668,europe-west1,europe-west1-b
european,cpp,none,50000,t2d-standard-4,t2d,4,0.34543079999878046,144746791.54312968,1.6319686239942384e-08,851051220.2676957,europe-west1,europe-west1-b
european,cpp,none,100000,t2d-standard-4,t2d,4,0.6982683999922301,143211406.96201164,3.2989302630744026e-08,842023794.4614983,europe-west1,europe-west1-b
european,cpp,none,100000,t2d-standard-4,t2d,4,0.7003676000010728,142782161.82451448,3.3088478168939575e-08,839500010.7273899,europe-west1,europe-west1-b
european,cpp,none,5000,t2d-standard-4,t2d,4,0.036044000006540955,138719343.00001785,1.7028787558645795e-09,815612317.7329365,europe-west1,europe-west1-b
european,cpp,none,5000,t2d-standard-4,t2d,4,0.036044000006540955,138719343.00001785,1.7028787558645795e-09,815612317.7329365,europe-west1,europe-west1-b
european,cpp,none,5000,t2d-standard-4,t2d,4,0.036143399998422865,138337843.15305638,1.7075748532588224e-09,813369256.5443108,europe-west1,europe-west1-b
european,cpp,none,5000,t2d-standard-4,t2d,4,0.036143399998422865,138337843.15305638,1.7075748532588224e-09,813369256.5443108,europe-west1,europe-west1-b
european,rust,none,10000,t2d-standard-4,t2d,4,0.09886359999597971,101149462.49586956,4.670755857587842e-09,594716971.4009264,europe-west1,europe-west1-b
european,rust,none,10000,t2d-standard-4,t2d,4,0.11164959999518942,89565927.6919117,5.2748233242171716e-09,526610581.44350713,europe-west1,europe-west1-b
european,cpp,none,1000,t2d-standard-4,t2d,4,0.014052333331922759,71162559.01276515,6.638946814148397e-10,418406391.1851196,europe-west1,europe-west1-b
european,cpp,none,1000,t2d-standard-4,t2d,4,0.014336999991352664,69749598.98187543,6.773435995914615e-10,410098771.0599449,europe-west1,europe-west1-b
european,jax,none,100000,t2d-standard-4,t2d,4,1.6269829999970398,61463457.2089456,7.68659079554157e-08,361379687.2586171,europe-west1,europe-west1-b
european,jax,none,100000,t2d-standard-4,t2d,4,1.6954995999981293,58979665.934518844,8.010293665768939e-08,346776022.6629753,europe-west1,europe-west1-b
european,cpu,none,100000,t2d-standard-4,t2d,4,1.8652588000009018,53611863.40466624,8.812311575115372e-08,315215565.64361614,europe-west1,europe-west1-b
european,cpu,none,100000,t2d-standard-4,t2d,4,1.8715095999993991,53432800.98591646,8.841843132441606e-08,314162752.7393959,europe-west1,europe-west1-b
european,cpu,none,100000,t2d-standard-4,t2d,4,1.882163599998421,53130344.24854667,8.892177363548095e-08,312384432.31741923,europe-west1,europe-west1-b
european,cpu,none,100000,t2d-standard-4,t2d,4,1.895605799995792,52753584.10499798,8.955684290646787e-08,310169238.62298906,europe-west2,europe-west2-b
european,cpu,none,50000,t2d-standard-4,t2d,4,0.9768524000151046,51184805.40072059,4.6150848942935836e-08,300945469.1952057,europe-west1,europe-west1-b
european,cpu,none,50000,t2d-standard-4,t2d,4,0.9795067999959883,51046097.89355703,4.627625459536603e-08,300129926.467292,europe-west1,europe-west1-b
european,cpu,none,25000,t2d-standard-4,t2d,4,0.4968479999994153,50317199.626504324,2.3473307733305714e-08,295844306.3646773,europe-west1,europe-west1-b
european,jax,none,100000,t2d-standard-4,t2d,4,2.0037784000010106,49905718.117307566,9.466739729782553e-08,293424965.41220343,europe-west1,europe-west1-b
european,cpu,none,50000,t2d-standard-4,t2d,4,1.0234914000079698,48852388.98891643,4.83542825870432e-08,287231826.1342687,europe-west2,europe-west2-b
european,jax,none,100000,t2d-standard-4,t2d,4,2.1047312000007423,47512005.33349091,9.943685624892396e-08,279350925.0558026,europe-west2,europe-west2-b
european,cpu,none,10000,t2d-standard-4,t2d,4,0.21064720000367743,47472741.15120174,9.951909937951516e-09,279120067.9162849,europe-west1,europe-west1-b
european,cpu,none,50000,t2d-standard-4,t2d,4,1.0649368000002823,46951143.01617405,5.031234748445778e-08,276053286.7837138,europe-west1,europe-west1-b
european,cpu,none,10000,t2d-standard-4,t2d,4,0.2163556000027711,46220204.14480568,1.0221600124575364e-08,271755668.7723758,europe-west1,europe-west1-b
european,cpu,none,10000,t2d-standard-4,t2d,4,0.22381599999619084,44679558.20928884,1.0574062577597816e-08,262697308.38010842,europe-west1,europe-west1-b
european,jax,none,50000,t2d-standard-4,t2d,4,1.1322766000006368,44158821.263260126,5.3493778924474534e-08,259635590.68238547,europe-west1,europe-west1-b
european,jax,none,50000,t2d-standard-4,t2d,4,1.145520199997918,43648291.841637425,5.4119465448790536e-08,256633889.00304222,europe-west1,europe-west1-b
european,jax,none,50000,t2d-standard-4,t2d,4,1.1753738000010117,42539658.44734413,5.552988219560336e-08,250115583.53330272,europe-west1,europe-west1-b
european,cpu,none,10000,t2d-standard-4,t2d,4,0.23731679999627886,42137766.90127627,1.121190037315753e-08,247752627.5945218,europe-west2,europe-west2-b
european,jax,none,50000,t2d-standard-4,t2d,4,1.2274321999996118,40735447.546525024,5.798935238220389e-08,239507570.2406222,europe-west2,europe-west2-b
european,jax,none,25000,t2d-standard-4,t2d,4,0.6747069999976573,37053120.836284205,3.18761573776671e-08,217857013.3836089,europe-west1,europe-west1-b
european,jax,forward,100000,t2d-standard-4,t2d,4,2.7190228000051775,36777918.8904961,1.284587216180224e-07,216238939.85475126,europe-west1,europe-west1-b
european,rust,none,1000,t2d-standard-4,t2d,4,0.030480000001868273,32808398.94812024,1.4400106667549322e-09,192899805.66862792,europe-west1,europe-west1-b
european,rust,none,1000,t2d-standard-4,t2d,4,0.030480000001868273,32808398.94812024,1.4400106667549322e-09,192899805.66862792,europe-west1,europe-west1-b
european,rust,none,1000,t2d-standard-4,t2d,4,0.030544333327497952,32739296.98441761,1.44305005898357e-09,192493514.7249389,europe-west1,europe-west1-b
european,rust,none,1000,t2d-standard-4,t2d,4,0.030544333327497952,32739296.98441761,1.44305005898357e-09,192493514.7249389,europe-west1,europe-west1-b
european,jax,forward,100000,t2d-standard-4,t2d,4,3.2926440000011326,30370729.419872176,1.5555913653338685e-07,178567317.84967178,europe-west1,europe-west1-b
european,jax,forward,100000,t2d-standard-4,t2d,4,3.317790799999898,30140538.09541068,1.5674718312888408e-07,177213888.1432895,europe-west1,europe-west1-b
european,jax,none,25000,t2d-standard-4,t2d,4,0.8807970000037001,28383384.593606677,4.161276493350814e-08,166882552.87868458,europe-west1,europe-west1-b
european,jax,reverse,100000,t2d-standard-4,t2d,4,3.5516339999901447,28156054.368292872,1.677949751995344e-07,165545945.2510164,europe-west1,europe-west1-b
european,cpu,none,5000,t2d-standard-4,t2d,4,0.18028199999946537,27734327.331707146,8.517322933308077e-09,163066364.8383534,europe-west1,europe-west1-b
european,jax,reverse,100000,t2d-standard-4,t2d,4,3.779570599996873,26458032.031491283,1.7856371323540785e-07,155562276.76088476,europe-west1,europe-west1-b
european,jax,reverse,100000,t2d-standard-4,t2d,4,3.8457622000038327,26002647.797594022,1.8169089860462552e-07,152884805.95951328,europe-west1,europe-west1-b
european,jax,forward,100000,t2d-standard-4,t2d,4,4.2796462000012525,23366417.532358337,2.0218950713783695e-07,137384863.19589803,europe-west2,europe-west2-b
european,jax,forward,50000,t2d-standard-4,t2d,4,2.2280276000003596,22441373.706498038,1.0526192616890588e-07,131945988.39662534,europe-west1,europe-west1-b
european,jax,forward,50000,t2d-standard-4,t2d,4,2.403636200000392,20801816.847321507,1.1355845691557406e-07,122306072.71473134,europe-west1,europe-west1-b
european,jax,forward,50000,t2d-standard-4,t2d,4,2.535096200003295,19723117.410666708,1.1976921158237792e-07,115963766.52555683,europe-west1,europe-west1-b
european,jax,reverse,100000,t2d-standard-4,t2d,4,5.23565200000462,19099817.940518536,2.4735547004466277e-07,112299023.6389848,europe-west2,europe-west2-b
european,jax,none,10000,t2d-standard-4,t2d,4,0.5602824000021656,17848142.29388849,2.6470230720102313e-08,104939688.93396337,europe-west1,europe-west1-b
european,jax,none,10000,t2d-standard-4,t2d,4,0.6026826000010033,16592481.681042979,2.8473404613380735e-08,97556924.27706361,europe-west1,europe-west1-b
european,jax,forward,50000,t2d-standard-4,t2d,4,3.0754660000070544,16257698.833245208,1.4529868257811107e-07,95588539.7062865,europe-west2,europe-west2-b
european,jax,reverse,50000,t2d-standard-4,t2d,4,3.1522408000000723,15861732.390494676,1.4892586535111454e-07,93260420.92247576,europe-west1,europe-west1-b
european,jax,none,10000,t2d-standard-4,t2d,4,0.6308285999864438,15852166.500084009,2.980314674602621e-08,93204177.44640175,europe-west1,europe-west1-b
european,jax,reverse,50000,t2d-standard-4,t2d,4,3.2759883999972317,15262569.305813858,1.5477225196431365e-07,89737589.99185005,europe-west1,europe-west1-b
european,jax,reverse,50000,t2d-standard-4,t2d,4,3.298134400000663,15160085.653268086,1.5581852743114245e-07,89135028.53520747,europe-west1,europe-west1-b
european,jax,reverse,50000,t2d-standard-4,t2d,4,3.3940185999995265,14731799.053784495,1.6034852319108875e-07,86616880.60785803,europe-west2,europe-west2-b
european,cpu,none,1000,t2d-standard-4,t2d,4,0.07595066666491827,13166441.374528468,3.58824705176925e-09,77413225.39115985,europe-west1,europe-west1-b
european,cpu,none,1000,t2d-standard-4,t2d,4,0.07875233333720644,12698036.459670857,3.72061023722002e-09,74659198.375299,europe-west2,europe-west2-b
european,jax,none,10000,t2d-standard-4,t2d,4,0.8170866000057231,12238604.81854672,3.860280248027038e-08,71957930.49474788,europe-west2,europe-west2-b
european,cpu,none,1000,t2d-standard-4,t2d,4,0.08553433333228593,11691211.716296133,4.041022059209775e-09,68739485.63203277,europe-west1,europe-west1-b
european,cpu,none,1000,t2d-standard-4,t2d,4,0.08553433333228593,11691211.716296133,4.041022059209775e-09,68739485.63203277,europe-west1,europe-west1-b
european,cpu,none,1000,t2d-standard-4,t2d,4,0.08671366667082718,11532207.533053461,4.096739007603968e-09,67804606.8500321,europe-west1,europe-west1-b
european,cpu,none,1000,t2d-standard-4,t2d,4,0.08671366667082718,11532207.533053461,4.096739007603968e-09,67804606.8500321,europe-west1,europe-west1-b
european,jax,none,5000,t2d-standard-4,t2d,4,0.5334001999983684,9373824.7567498,2.5200196115478474e-08,55114209.52933795,europe-west1,europe-west1-b
european,jax,none,5000,t2d-standard-4,t2d,4,0.5418628000029457,9227428.050002359,2.5600006951250283e-08,54253457.49060653,europe-west1,europe-west1-b
european,jax,none,5000,t2d-standard-4,t2d,4,0.6176075999974273,8095755.298381736,2.9178527946545122e-08,47599690.13629901,europe-west1,europe-west1-b
european,jax,none,5000,t2d-standard-4,t2d,4,0.6176075999974273,8095755.298381736,2.9178527946545122e-08,47599690.13629901,europe-west1,europe-west1-b
european,jax,forward,10000,t2d-standard-4,t2d,4,1.6764798000025394,5964879.505249543,7.92043567734533e-08,35071022.490883954,europe-west1,europe-west1-b
european,jax,forward,10000,t2d-standard-4,t2d,4,1.7765246000038815,5628967.929843556,8.393091776907226e-08,33096001.46897669,europe-west1,europe-west1-b
european,jax,forward,10000,t2d-standard-4,t2d,4,1.942413599988413,5148234.135129435,9.176825141278592e-08,30269485.742764786,europe-west2,europe-west2-b
european,jax,forward,10000,t2d-standard-4,t2d,4,1.991295400000581,5021856.626594468,9.407764489780524e-08,29526438.30311893,europe-west1,europe-west1-b
european,jax,reverse,10000,t2d-standard-4,t2d,4,2.021079000002146,4947852.11265338,9.548475453343473e-08,29091322.393305387,europe-west1,europe-west1-b
european,jax,reverse,10000,t2d-standard-4,t2d,4,2.0507494000014503,4876266.2078520795,9.68865160978463e-08,28670426.904116176,europe-west1,europe-west1-b
european,jax,reverse,10000,t2d-standard-4,t2d,4,2.1463133999986894,4659151.827503898,1.0140138418660476e-07,27393884.216274094,europe-west1,europe-west1-b
european,jax,reverse,10000,t2d-standard-4,t2d,4,2.585292000003392,3868035.0227312353,1.2214068426682692e-07,22742444.865541127,europe-west2,europe-west2-b
european,jax,none,1000,t2d-standard-4,t2d,4,0.33987466667895205,2942261.068679787,1.6057189807987825e-08,17299277.214721233,europe-west1,europe-west1-b
european,jax,none,1000,t2d-standard-4,t2d,4,0.371829666666675,2689403.4813430994,1.7566886029630024e-08,15812579.264717188,europe-west1,europe-west1-b
european,jax,none,1000,t2d-standard-4,t2d,4,0.4397666666685988,2273933.146355506,2.0776531851943135e-08,13369785.667659372,europe-west1,europe-west1-b
european,jax,none,1000,t2d-standard-4,t2d,4,0.49876833332973547,2004938.832672243,2.3564032814644835e-08,11788210.446097383,europe-west2,europe-west2-b
european,jax,forward,1000,t2d-standard-4,t2d,4,1.4687249999999115,680862.6529813684,6.938909666666249e-08,4003190.5749139716,europe-west1,europe-west1-b
european,jax,forward,1000,t2d-standard-4,t2d,4,1.4687249999999115,680862.6529813684,6.938909666666249e-08,4003190.5749139716,europe-west1,europe-west1-b
european,jax,forward,1000,t2d-standard-4,t2d,4,1.5638053333333346,639465.781759707,7.388111419259266e-08,3759794.107241927,europe-west1,europe-west1-b
european,jax,forward,1000,t2d-standard-4,t2d,4,1.5638053333333346,639465.781759707,7.388111419259266e-08,3759794.107241927,europe-west1,europe-west1-b
european,jax,forward,1000,t2d-standard-4,t2d,4,1.5843689999996968,631166.0983017159,7.485263319998568e-08,3710995.4039376522,europe-west1,europe-west1-b
european,jax,forward,1000,t2d-standard-4,t2d,4,1.5843689999996968,631166.0983017159,7.485263319998568e-08,3710995.4039376522,europe-west1,europe-west1-b
european,jax,forward,1000,t2d-standard-4,t2d,4,1.911805000001247,523065.89845687593,9.032216511117003e-08,3075410.973993861,europe-west2,europe-west2-b
european,jax,reverse,1000,t2d-standard-4,t2d,4,1.9583563333374818,510632.30065785523,9.25214569927886e-08,3002306.5654859785,europe-west1,europe-west1-b
european,jax,reverse,1000,t2d-standard-4,t2d,4,1.9583563333374818,510632.30065785523,9.25214569927886e-08,3002306.5654859785,europe-west1,europe-west1-b
european,jax,reverse,1000,t2d-standard-4,t2d,4,1.9848743333265397,503810.23282418854,9.377428517004941e-08,2962195.630433846,europe-west1,europe-west1-b
european,jax,reverse,1000,t2d-standard-4,t2d,4,1.9848743333265397,503810.23282418854,9.377428517004941e-08,2962195.630433846,europe-west1,europe-west1-b
european,jax,reverse,1000,t2d-standard-4,t2d,4,2.157644000012245,463468.4869210698,1.0193669208946742e-07,2725002.8628943423,europe-west2,europe-west2-b
european,jax,reverse,1000,t2d-standard-4,t2d,4,2.4415836666709843,409570.23658479244,1.1535126389650029e-07,2408103.4606349505,europe-west1,europe-west1-b
european,jax,reverse,1000,t2d-standard-4,t2d,4,2.4415836666709843,409570.23658479244,1.1535126389650029e-07,2408103.4606349505,europe-west1,europe-west1-b
asian,jax,none,100000,t2d-standard-4,t2d,4,329.682024199991,303322.57344834245,1.5575644076648466e-05,1783411.1797292007,europe-west1,europe-west1-b
asian,jax,none,100000,t2d-standard-4,t2d,4,335.11765579999064,298402.66028741654,1.5832447471795115e-05,1754484.126807482,europe-west2,europe-west2-b
asian,jax,none,100000,t2d-standard-4,t2d,4,343.86886980000213,290808.5284316696,1.62458937154401e-05,1709833.7748804654,europe-west1,europe-west1-b
asian,jax,none,100000,t2d-standard-4,t2d,4,350.0394063999977,285682.120845925,1.6537417289031e-05,1679692.620213576,europe-west1,europe-west1-b
asian,jax,none,50000,t2d-standard-4,t2d,4,183.90467899999976,271879.97756163706,8.688474390088878e-06,1598541.730724583,europe-west1,europe-west1-b
asian,jax,none,50000,t2d-standard-4,t2d,4,189.5988827999986,263714.63408222346,8.957493885173268e-06,1550532.8908879554,europe-west2,europe-west2-b
asian,jax,none,50000,t2d-standard-4,t2d,4,192.17501300000208,260179.50627118966,9.079201725288989e-06,1529747.80262929,europe-west1,europe-west1-b
asian,jax,none,50000,t2d-standard-4,t2d,4,195.9442251999974,255174.6546700508,9.257276061670988e-06,1500321.3468370812,europe-west1,europe-west1-b
european_local_vol,rust,none,10000,t2d-standard-4,t2d,4,44.304836200007,225708.9938185669,2.093157372471442e-06,1327075.4575409624,europe-west1,europe-west1-b
european_local_vol,rust,none,100000,t2d-standard-4,t2d,4,443.5217996000006,225468.06062337203,2.0953941021102252e-05,1325658.8700809737,europe-west1,europe-west1-b
european_local_vol,rust,none,50000,t2d-standard-4,t2d,4,221.777034400003,225451.65749587334,1.0477732780764587e-05,1325562.426480911,europe-west1,europe-west1-b
european_local_vol,rust,none,100000,t2d-standard-4,t2d,4,443.6262241999884,225414.9879897984,2.0958874503315013e-05,1325346.824963537,europe-west1,europe-west1-b
european_local_vol,rust,none,10000,t2d-standard-4,t2d,4,44.369917000000214,225377.92892422926,2.096232078711121e-06,1325128.932997585,europe-west1,europe-west1-b
european_local_vol,rust,none,50000,t2d-standard-4,t2d,4,221.8581257999915,225369.25262352466,1.0481563898906265e-05,1325077.919940761,europe-west1,europe-west1-b
european_local_vol,cpp,none,10000,t2d-standard-4,t2d,4,47.09472439999445,212338.0087133747,2.22496409054196e-06,1248459.5996788258,europe-west1,europe-west1-b
european_local_vol,cpp,none,100000,t2d-standard-4,t2d,4,471.1053092000043,212266.76508870703,2.2257108607982427e-05,1248040.7166551447,europe-west1,europe-west1-b
european_local_vol,cpp,none,50000,t2d-standard-4,t2d,4,235.75622980000617,212083.47301114965,1.113817210121807e-05,1246963.0351078883,europe-west1,europe-west1-b
european_local_vol,cpp,none,100000,t2d-standard-4,t2d,4,471.8352159999995,211938.3984259456,2.2291592649244418e-05,1246110.0565965758,europe-west1,europe-west1-b
european_local_vol,cpp,none,1000,t2d-standard-4,t2d,4,4.721362999987377,211803.24410613492,2.2305817195495923e-07,1245315.4051395515,europe-west1,europe-west1-b
european_local_vol,cpp,none,1000,t2d-standard-4,t2d,4,4.721362999987377,211803.24410613492,2.2305817195495923e-07,1245315.4051395515,europe-west1,europe-west1-b
european_local_vol,cpp,none,1000,t2d-standard-4,t2d,4,4.724066666668136,211682.02537355293,2.2318590518525465e-07,1244602.6891671738,europe-west1,europe-west1-b
european_local_vol,cpp,none,1000,t2d-standard-4,t2d,4,4.724066666668136,211682.02537355293,2.2318590518525465e-07,1244602.6891671738,europe-west1,europe-west1-b
asian,jax,none,25000,t2d-standard-4,t2d,4,118.26739542857467,211385.39416891336,5.5874773929144394e-06,1242858.6204663296,europe-west1,europe-west1-b
european_local_vol,cpp,none,50000,t2d-standard-4,t2d,4,236.78655380000464,211160.63897036633,1.1186849186195777e-05,1241537.1529301878,europe-west1,europe-west1-b
european_local_vol,cpp,none,10000,t2d-standard-4,t2d,4,47.71399379999366,209582.12053926472,2.2542211293063674e-06,1232256.1179401735,europe-west1,europe-west1-b
asian,jax,none,25000,t2d-standard-4,t2d,4,119.599154999999,209031.5771879844,5.650395633999953e-06,1229019.1509171235,europe-west1,europe-west1-b
asian,jax,none,25000,t2d-standard-4,t2d,4,125.89908799999502,198571.73230675815,5.9480324686219866e-06,1167519.59258442,europe-west1,europe-west1-b
european_local_vol,rust,none,1000,t2d-standard-4,t2d,4,5.035981666665634,198571.01677300353,2.3792215607402532e-07,1167515.3855421185,europe-west1,europe-west1-b
european_local_vol,rust,none,1000,t2d-standard-4,t2d,4,5.035981666665634,198571.01677300353,2.3792215607402532e-07,1167515.3855421185,europe-west1,europe-west1-b
european_local_vol,jax,none,100000,t2d-standard-4,t2d,4,525.0026113999922,190475.24303419393,2.4803456707475193e-05,1119915.5869837366,europe-west1,europe-west1-b
european_local_vol,jax,none,25000,t2d-standard-4,t2d,4,132.90860142857193,188099.18794785877,6.2791930363809765e-06,1105945.3665796022,europe-west1,europe-west1-b
european_local_vol,jax,none,100000,t2d-standard-4,t2d,4,539.371798000002,185400.86888265458,2.5482320945511203e-05,1090080.3673721459,europe-west1,europe-west1-b
european_local_vol,jax,none,100000,t2d-standard-4,t2d,4,541.2893680000082,184744.06835199188,2.557291547484483e-05,1086218.6521166032,europe-west2,europe-west2-b
european_local_vol,jax,none,50000,t2d-standard-4,t2d,4,272.32530760000486,183603.94206711295,1.2865857865724675e-05,1079515.1814858476,europe-west1,europe-west1-b
european_local_vol,jax,none,50000,t2d-standard-4,t2d,4,272.3555531999921,183583.5525016255,1.2867286802292958e-05,1079395.2992804886,europe-west2,europe-west2-b
european_local_vol,jax,none,50000,t2d-standard-4,t2d,4,277.8882830000043,179928.4210914327,1.312867754795576e-05,1057904.6395310012,europe-west1,europe-west1-b
european_local_vol,jax,none,100000,t2d-standard-4,t2d,4,558.0050761999985,179209.83923837694,2.636263982224882e-05,1053679.675672489,europe-west1,europe-west1-b
european_local_vol,jax,none,50000,t2d-standard-4,t2d,4,279.63778979999745,178802.72918678483,1.3211332024773214e-05,1051286.0370812842,europe-west1,europe-west1-b
european_local_vol,jax,none,25000,t2d-standard-4,t2d,4,140.53772028571285,177888.1851020143,6.6396265183872344e-06,1045908.8964135365,europe-west1,europe-west1-b
european_local_vol,jax,none,25000,t2d-standard-4,t2d,4,140.89094028571682,177442.21132531142,6.656314201054089e-06,1043286.7552052647,europe-west1,europe-west1-b
asian,jax,reverse,100000,t2d-standard-4,t2d,4,584.6816213999887,171033.25355183112,2.762295837991947e-05,1005604.7363113306,europe-west1,europe-west1-b
asian,jax,reverse,100000,t2d-standard-4,t2d,4,609.497164000004,164069.6723569978,2.8795354903644634e-05,964661.7612711535,europe-west1,europe-west1-b
asian,jax,reverse,100000,t2d-standard-4,t2d,4,613.5181423999995,162994.36494056002,2.8985323794275535e-05,958339.3987568204,europe-west1,europe-west1-b
asian,jax,reverse,100000,t2d-standard-4,t2d,4,614.8982217999901,162628.53990253905,2.905052487881731e-05,956188.498956603,europe-west2,europe-west2-b
asian,cpu,none,10000,t2d-standard-4,t2d,4,61.573101999999835,162408.578992821,2.9089869967111035e-06,954895.2198543098,europe-west1,europe-west1-b
european_local_vol,rust,none,1000,t2d-standard-4,t2d,4,6.30025099999898,158723.83497104511,2.9765185835550734e-07,933230.4502060508,europe-west1,europe-west1-b
european_local_vol,rust,none,1000,t2d-standard-4,t2d,4,6.30025099999898,158723.83497104511,2.9765185835550734e-07,933230.4502060508,europe-west1,europe-west1-b
asian,cpu,none,100000,t2d-standard-4,t2d,4,630.3088144000071,158652.39024967517,2.9778589764764784e-05,932810.3848169988,europe-west1,europe-west1-b
asian,cpu,none,10000,t2d-standard-4,t2d,4,63.3052819999989,157964.70190276025,2.990822878488837e-06,928767.0619870663,europe-west1,europe-west1-b
asian,cpu,none,50000,t2d-standard-4,t2d,4,317.3364893999974,157561.45816870063,1.4992386143653212e-05,926396.1557425953,europe-west1,europe-west1-b
asian,cpu,none,100000,t2d-standard-4,t2d,4,636.9626123999922,156995.08582334686,3.0092944754719632e-05,923066.1207863762,europe-west1,europe-west1-b
asian,cpu,none,10000,t2d-standard-4,t2d,4,63.754351799997266,156852.03782434863,3.0120389317065377e-06,922225.0577631034,europe-west1,europe-west1-b
asian,cpu,none,100000,t2d-standard-4,t2d,4,641.628942400007,155853.31862672986,3.0313402923164776e-05,916353.0022738115,europe-west1,europe-west1-b
asian,cpu,none,50000,t2d-standard-4,t2d,4,321.10162759999525,155713.94132665783,1.5170268006168665e-05,915533.5214408386,europe-west1,europe-west1-b
asian,cpu,none,10000,t2d-standard-4,t2d,4,64.29177360000722,155540.89489294906,3.0374291260803414e-06,914516.0800385057,europe-west2,europe-west2-b
asian,cpu,none,100000,t2d-standard-4,t2d,4,645.0092512000083,155036.53600929733,3.0473103734471504e-05,911550.6585683051,europe-west2,europe-west2-b
asian,cpu,none,50000,t2d-standard-4,t2d,4,322.5564105999979,155011.64558160026,1.5238998420791013e-05,911404.3131561633,europe-west1,europe-west1-b
asian,cpu,none,5000,t2d-standard-4,t2d,4,32.29585159999999,154818.64550058809,1.525799566702222e-06,910269.5525669572,europe-west1,europe-west1-b
asian,cpu,none,5000,t2d-standard-4,t2d,4,32.29585159999999,154818.64550058809,1.525799566702222e-06,910269.5525669572,europe-west1,europe-west1-b
asian,cpu,none,50000,t2d-standard-4,t2d,4,323.30785720000677,154651.36057324053,1.5274500097938097e-05,909285.9864372091,europe-west2,europe-west2-b
asian,cpu,none,5000,t2d-standard-4,t2d,4,32.35913919999973,154515.853128752,1.528789554204432e-06,908489.2587532455,europe-west1,europe-west1-b
asian,cpu,none,5000,t2d-standard-4,t2d,4,32.35913919999973,154515.853128752,1.528789554204432e-06,908489.2587532455,europe-west1,europe-west1-b
asian,cpu,none,5000,t2d-standard-4,t2d,4,33.96089160000315,147228.17230156396,1.6044634564801491e-06,865640.7120270693,europe-west1,europe-west1-b
asian,cpu,none,5000,t2d-standard-4,t2d,4,33.96089160000315,147228.17230156396,1.6044634564801491e-06,865640.7120270693,europe-west1,europe-west1-b
asian,jax,none,10000,t2d-standard-4,t2d,4,73.8014239999984,135498.74051211012,3.4867072760888137e-06,796676.5081850312,europe-west1,europe-west1-b
asian,jax,forward,100000,t2d-standard-4,t2d,4,757.3219993999942,132044.22963974017,3.5779257127208615e-05,776365.4141565155,europe-west1,europe-west1-b
asian,jax,none,10000,t2d-standard-4,t2d,4,75.76952160000019,131979.188845769,3.579688953813342e-06,775983.0012098366,europe-west1,europe-west1-b
asian,jax,reverse,50000,t2d-standard-4,t2d,4,384.0972132000047,130175.3782159422,1.8146459450293558e-05,765377.3413449094,europe-west1,europe-west1-b
asian,jax,none,10000,t2d-standard-4,t2d,4,77.23624059998997,129472.89928040981,3.6489832781239707e-06,761247.055976069,europe-west1,europe-west1-b
asian,jax,forward,100000,t2d-standard-4,t2d,4,777.5999527999829,128600.83085128781,3.673727777006142e-05,756119.6545818897,europe-west1,europe-west1-b
asian,jax,forward,100000,t2d-standard-4,t2d,4,798.9478861999942,125164.60926585118,3.774584902358195e-05,735916.093990188,europe-west1,europe-west1-b
asian,jax,reverse,50000,t2d-standard-4,t2d,4,402.9223449999961,124093.39075002278,1.9035842343777595e-05,729617.7725189485,europe-west1,europe-west1-b
asian,jax,reverse,50000,t2d-standard-4,t2d,4,404.76336140001195,123528.96721446815,1.9122820140809453e-05,726299.1957576914,europe-west1,europe-west1-b
european_local_vol,jax,none,10000,t2d-standard-4,t2d,4,81.67199099999891,122440.99693859713,3.858547841466616e-06,719902.3808713377,europe-west1,europe-west1-b
european_local_vol,jax,none,10000,t2d-standard-4,t2d,4,82.5477142000068,121142.05822551022,3.8999208975380985e-06,712265.1588988135,europe-west1,europe-west1-b
asian,jax,none,10000,t2d-standard-4,t2d,4,82.95642420000604,120545.21511064928,3.919230174426952e-06,708755.9684304403,europe-west2,europe-west2-b
asian,jax,reverse,50000,t2d-standard-4,t2d,4,416.4421616000027,120064.69231620585,1.9674578568035686e-05,705930.6932984821,europe-west2,europe-west2-b
asian,cpu,none,1000,t2d-standard-4,t2d,4,8.341136333333074,119887.74191398516,3.940723521036915e-07,704890.298177241,europe-west1,europe-west1-b
european_local_vol,jax,none,5000,t2d-standard-4,t2d,4,41.73449640000513,119804.96786345278,1.971723096586909e-06,704403.6210221824,europe-west1,europe-west1-b
european_local_vol,jax,none,10000,t2d-standard-4,t2d,4,83.98569259999817,119067.89942933944,3.967857388168803e-06,700069.9637190701,europe-west1,europe-west1-b
european_local_vol,jax,none,5000,t2d-standard-4,t2d,4,42.183949800008236,118528.49303359979,1.9929572727737225e-06,696898.4773847589,europe-west1,europe-west1-b
asian,cpu,none,1000,t2d-standard-4,t2d,4,8.456132666670632,118257.36887282331,3.9950528998537256e-07,695304.3795438812,europe-west1,europe-west1-b
european_local_vol,jax,none,5000,t2d-standard-4,t2d,4,42.367199999998206,118015.82356162815,2.001614826666582e-06,693884.1930951795,europe-west1,europe-west1-b
european_local_vol,jax,none,10000,t2d-standard-4,t2d,4,84.96479060000297,117695.8117519288,4.014114329235696e-06,692002.6561143509,europe-west2,europe-west2-b
asian,cpu,none,1000,t2d-standard-4,t2d,4,8.531358000003783,117214.63335609133,4.030592690668454e-07,689173.5263175643,europe-west1,europe-west1-b
asian,cpu,none,1000,t2d-standard-4,t2d,4,8.582437666670254,116517.0128626139,4.0547249954091027e-07,685071.8065769867,europe-west2,europe-west2-b
asian,jax,forward,100000,t2d-standard-4,t2d,4,860.0429600000098,116273.26151242359,4.063225184355602e-05,683638.6495321236,europe-west2,europe-west2-b
european_local_vol,jax,none,1000,t2d-standard-4,t2d,4,9.420401333339138,106152.58996036233,4.4506162743731127e-07,624133.2899833156,europe-west1,europe-west1-b
european_local_vol,jax,none,1000,t2d-standard-4,t2d,4,9.492495666663103,105346.37413761707,4.4846768416279466e-07,619393.0746567325,europe-west1,europe-west1-b
european_local_vol,jax,none,1000,t2d-standard-4,t2d,4,9.720812999991798,102872.05401449896,4.592544097329459e-07,604845.0965104596,europe-west1,europe-west1-b
european_local_vol,cpu,none,10000,t2d-standard-4,t2d,4,97.23356499999909,102845.14406110784,4.593745759777735e-06,604686.8771231646,europe-west1,europe-west1-b
european_local_vol,cpu,none,10000,t2d-standard-4,t2d,4,98.01094580000154,102029.42047315539,4.630472683795628e-06,599890.7600726446,europe-west1,europe-west1-b
european_local_vol,cpu,none,10000,t2d-standard-4,t2d,4,98.16960119999862,101864.52708132363,4.637968270026602e-06,598921.2551818182,europe-west1,europe-west1-b
european_local_vol,cpu,none,10000,t2d-standard-4,t2d,4,99.34618340000725,100658.11949449555,4.693555242409232e-06,591828.0779309474,europe-west2,europe-west2-b
european_local_vol,jax,none,1000,t2d-standard-4,t2d,4,10.227450666671226,97776.07661885447,4.831902248298451e-07,574882.8587656071,europe-west2,europe-west2-b
asian,jax,forward,50000,t2d-standard-4,t2d,4,512.2435748000044,97609.81388496973,2.4200663111662428e-05,573905.3027103111,europe-west1,europe-west1-b
asian,jax,forward,50000,t2d-standard-4,t2d,4,520.6582811999965,96032.27645733707,2.4598211240693168e-05,564630.0356146346,europe-west1,europe-west1-b
european_local_vol,cpu,none,100000,t2d-standard-4,t2d,4,1061.3372962000028,94220.75372083749,5.014229092713792e-05,553979.0317546888,europe-west1,europe-west1-b
european_local_vol,cpu,none,100000,t2d-standard-4,t2d,4,1064.8933873999993,93906.11415491645,5.031029648027552e-05,552129.0813435821,europe-west1,europe-west1-b
european_local_vol,cpu,none,100000,t2d-standard-4,t2d,4,1071.7370568000092,93306.46856476142,5.063362183904044e-05,548603.4134804881,europe-west2,europe-west2-b
asian,jax,forward,50000,t2d-standard-4,t2d,4,539.4192331999989,92692.28259323421,2.548456199518217e-05,544992.2541935219,europe-west1,europe-west1-b
european_local_vol,cpu,none,100000,t2d-standard-4,t2d,4,1108.5191484000063,90210.43988670483,5.2371371322186964e-05,530400.0463705598,europe-west1,europe-west1-b
asian,jax,forward,50000,t2d-standard-4,t2d,4,565.6950680000023,88386.84094732076,2.672594921262233e-05,519678.0394362697,europe-west2,europe-west2-b
european_local_vol,cpu,none,50000,t2d-standard-4,t2d,4,573.2486912000013,87222.17907786806,2.7082815944248954e-05,512830.3097240596,europe-west2,europe-west2-b
european_local_vol,jax,reverse,100000,t2d-standard-4,t2d,4,1159.8857141999986,86215.39068525594,5.4798156186426605e-05,506910.81070823106,europe-west1,europe-west1-b
european_local_vol,cpu,none,50000,t2d-standard-4,t2d,4,584.9927882000003,85471.13914660046,2.763765928251557e-05,502534.91972366214,europe-west1,europe-west1-b
european_local_vol,cpu,none,50000,t2d-standard-4,t2d,4,587.8625143999983,85053.9008275302,2.7773237902542145e-05,500081.7311120073,europe-west1,europe-west1-b
european_local_vol,jax,reverse,100000,t2d-standard-4,t2d,4,1176.1964378000073,85019.8119856943,5.5568747261395896e-05,499881.30283216306,europe-west1,europe-west1-b
european_local_vol,cpu,none,50000,t2d-standard-4,t2d,4,589.8494830000004,84767.38802193706,2.78671111301778e-05,498397.1544093195,europe-west1,europe-west1-b
european_local_vol,jax,reverse,50000,t2d-standard-4,t2d,4,600.7355501999996,83231.29866936254,2.8381417327226645e-05,489365.58483867906,europe-west1,europe-west1-b
european_local_vol,jax,reverse,50000,t2d-standard-4,t2d,4,608.9543959999958,82107.95476382495,2.8769712131022024e-05,482760.78765184,europe-west1,europe-west1-b
european_local_vol,jax,reverse,100000,t2d-standard-4,t2d,4,1241.3185604000034,80559.49793240498,5.864540576467572e-05,473656.50242477056,europe-west1,europe-west1-b
european_local_vol,jax,reverse,50000,t2d-standard-4,t2d,4,630.6394190000049,79284.60938785625,2.9794208995422456e-05,466160.68548833637,europe-west1,europe-west1-b
european_local_vol,jax,reverse,100000,t2d-standard-4,t2d,4,1277.8376883999954,78257.20035320909,6.03707316786309e-05,460119.9456326969,europe-west2,europe-west2-b
european_local_vol,cpu,none,1000,t2d-standard-4,t2d,4,13.128039333333655,76172.83697961514,6.202269249481633e-07,447864.75176161295,europe-west1,europe-west1-b
european_local_vol,cpu,none,1000,t2d-standard-4,t2d,4,13.128039333333655,76172.83697961514,6.202269249481633e-07,447864.75176161295,europe-west1,europe-west1-b
european_local_vol,cpu,none,1000,t2d-standard-4,t2d,4,13.436422999996958,74424.56969390041,6.347963399554119e-07,437585.66376940504,europe-west1,europe-west1-b
european_local_vol,cpu,none,1000,t2d-standard-4,t2d,4,13.436422999996958,74424.56969390041,6.347963399554119e-07,437585.66376940504,europe-west1,europe-west1-b
european_local_vol,cpu,none,1000,t2d-standard-4,t2d,4,13.478523333342688,74192.10363543578,6.367853468152568e-07,436218.85956864874,europe-west2,europe-west2-b
european_local_vol,jax,reverse,50000,t2d-standard-4,t2d,4,682.7356899999927,73234.78284839707,3.2255468376444104e-05,430590.209597819,europe-west2,europe-west2-b
asian,jax,none,5000,t2d-standard-4,t2d,4,69.02699360000213,72435.43053568316,3.261141964302323e-06,425890.34886925656,europe-west1,europe-west1-b
european_local_vol,cpu,none,1000,t2d-standard-4,t2d,4,14.040948999991087,71220.2572632829,6.633568349773568e-07,418745.6330155391,europe-west1,europe-west1-b
european_local_vol,cpu,none,1000,t2d-standard-4,t2d,4,14.040948999991087,71220.2572632829,6.633568349773568e-07,418745.6330155391,europe-west1,europe-west1-b
asian,jax,none,5000,t2d-standard-4,t2d,4,72.14985279999837,69300.21068594769,3.4086797122843673e-06,407456.5538919784,europe-west1,europe-west1-b
asian,jax,none,5000,t2d-standard-4,t2d,4,72.17551380000202,69275.5719599721,3.409892051973429e-06,407311.6883817739,europe-west1,europe-west1-b
european_local_vol,jax,reverse,10000,t2d-standard-4,t2d,4,168.1378038000048,59475.02449773115,7.943577130640228e-06,349688.52597443055,europe-west1,europe-west1-b
european_local_vol,jax,reverse,10000,t2d-standard-4,t2d,4,170.92355839999414,58505.68577912513,8.07518855907528e-06,343989.21554048173,europe-west1,europe-west1-b
european_local_vol,jax,reverse,10000,t2d-standard-4,t2d,4,175.7413424000049,56901.80730063504,8.302802087609121e-06,334559.0739689266,europe-west1,europe-west1-b
european_local_vol,jax,reverse,10000,t2d-standard-4,t2d,4,179.88432139998167,55591.281786946325,8.498534828808023e-06,326853.7264049055,europe-west2,europe-west2-b
asian,jax,reverse,10000,t2d-standard-4,t2d,4,231.62097760000506,43173.98235521385,1.094280440839135e-05,253845.14555041067,europe-west1,europe-west1-b
asian,jax,reverse,10000,t2d-standard-4,t2d,4,234.33597499999905,42673.772134219,1.1071072952222177e-05,250904.11649940614,europe-west1,europe-west1-b
european_local_vol,jax,forward,100000,t2d-standard-4,t2d,4,2360.5774610000026,42362.5158047715,0.00011152417071302234,249074.0581183649,europe-west1,europe-west1-b
european_local_vol,jax,forward,100000,t2d-standard-4,t2d,4,2363.6620507999965,42307.232527659515,0.00011166990044446207,248749.01533195857,europe-west1,europe-west1-b
european_local_vol,jax,forward,100000,t2d-standard-4,t2d,4,2373.5162437999975,42131.584420884385,0.00011213545631819545,247716.2771688875,europe-west1,europe-west1-b
asian,jax,reverse,10000,t2d-standard-4,t2d,4,237.82459779999954,42047.795276456556,1.1235890998284424e-05,247223.63168189413,europe-west1,europe-west1-b
european_local_vol,jax,reverse,1000,t2d-standard-4,t2d,4,23.89992799999637,41841.13023269994,1.1291388206220507e-06,246008.5267679912,europe-west1,europe-west1-b
european_local_vol,jax,reverse,1000,t2d-standard-4,t2d,4,23.89992799999637,41841.13023269994,1.1291388206220507e-06,246008.5267679912,europe-west1,europe-west1-b
european_local_vol,jax,forward,50000,t2d-standard-4,t2d,4,1195.1396722000027,41836.11435804857,5.646370984660457e-05,245979.03550122632,europe-west1,europe-west1-b
european_local_vol,jax,forward,50000,t2d-standard-4,t2d,4,1236.6435764000073,40432.02176778776,5.8424538742809236e-05,237723.55225651315,europe-west1,europe-west1-b
european_local_vol,jax,forward,50000,t2d-standard-4,t2d,4,1238.2447256000007,40379.739938542545,5.850018414723559e-05,237416.15674119556,europe-west1,europe-west1-b
european_local_vol,jax,forward,100000,t2d-standard-4,t2d,4,2494.208069000001,40092.88609193412,0.00011783747454875561,235729.57485850254,europe-west2,europe-west2-b
european_local_vol,jax,reverse,1000,t2d-standard-4,t2d,4,25.082109999999602,39869.05407878428,1.1849903524444257e-06,234413.5352703685,europe-west1,europe-west1-b
european_local_vol,jax,reverse,1000,t2d-standard-4,t2d,4,25.082109999999602,39869.05407878428,1.1849903524444257e-06,234413.5352703685,europe-west1,europe-west1-b
european_local_vol,jax,reverse,1000,t2d-standard-4,t2d,4,25.598566666668415,39064.68721555758,1.2093900607408234e-06,229684.1910604279,europe-west1,europe-west1-b
european_local_vol,jax,reverse,1000,t2d-standard-4,t2d,4,25.598566666668415,39064.68721555758,1.2093900607408234e-06,229684.1910604279,europe-west1,europe-west1-b
asian,jax,reverse,10000,t2d-standard-4,t2d,4,256.3245272000131,39013.04377398454,1.2109909885049509e-05,229380.54900037943,europe-west2,europe-west2-b
european_local_vol,jax,reverse,1000,t2d-standard-4,t2d,4,26.46544833334019,37785.11466742232,1.2503454034818057e-06,222160.83412172107,europe-west2,europe-west2-b
european_local_vol,jax,forward,50000,t2d-standard-4,t2d,4,1373.3009276000018,36408.626103078976,6.488083937950232e-05,214067.65112346527,europe-west2,europe-west2-b
asian,jax,forward,10000,t2d-standard-4,t2d,4,339.41244399999846,29462.679335351786,1.603535235431104e-05,173228.35921537972,europe-west1,europe-west1-b
asian,jax,forward,10000,t2d-standard-4,t2d,4,349.13611540000034,28642.124257306183,1.649474180756446e-05,168403.83500297615,europe-west1,europe-west1-b
asian,jax,forward,10000,t2d-standard-4,t2d,4,352.26426360000573,28387.77881640287,1.6642529431413604e-05,166908.38908985694,europe-west1,europe-west1-b
asian,jax,forward,10000,t2d-standard-4,t2d,4,356.1858556000061,28075.230508956316,1.68278028667914e-05,165070.73441296045,europe-west2,europe-west2-b
european_local_vol,jax,forward,10000,t2d-standard-4,t2d,4,423.09577900000477,23635.310244964385,1.998892502564467e-05,138965.841045181,europe-west1,europe-west1-b
european_local_vol,jax,forward,1000,t2d-standard-4,t2d,4,42.96327799999725,23275.691393940284,2.0297762006220924e-06,136851.43105562255,europe-west1,europe-west1-b
european_local_vol,jax,forward,1000,t2d-standard-4,t2d,4,42.96327799999725,23275.691393940284,2.0297762006220924e-06,136851.43105562255,europe-west1,europe-west1-b
european_local_vol,jax,forward,10000,t2d-standard-4,t2d,4,430.43334500000014,23232.400826195277,2.0335584254888895e-05,136596.9004362375,europe-west1,europe-west1-b
european_local_vol,jax,forward,10000,t2d-standard-4,t2d,4,432.7253133999932,23109.348333307273,2.044386702863079e-05,135873.40271229582,europe-west1,europe-west1-b
european_local_vol,jax,forward,1000,t2d-standard-4,t2d,4,43.37348899999919,23055.558200540858,2.049156391422184e-06,135557.13899659488,europe-west1,europe-west1-b
european_local_vol,jax,forward,1000,t2d-standard-4,t2d,4,43.37348899999919,23055.558200540858,2.049156391422184e-06,135557.13899659488,europe-west1,europe-west1-b
european_local_vol,jax,forward,1000,t2d-standard-4,t2d,4,43.72547566667132,22869.96275633945,2.0657858059409607e-06,134465.91460688764,europe-west1,europe-west1-b
european_local_vol,jax,forward,1000,t2d-standard-4,t2d,4,43.72547566667132,22869.96275633945,2.0657858059409607e-06,134465.91460688764,europe-west1,europe-west1-b
european_local_vol,jax,forward,1000,t2d-standard-4,t2d,4,43.85484633333666,22802.496955503888,2.0718978512149723e-06,134069.24362361175,europe-west2,europe-west2-b
european_local_vol,jax,forward,10000,t2d-standard-4,t2d,4,452.0509337999897,22121.401046423915,2.1356895227972848e-05,130064.68159938802,europe-west2,europe-west2-b
asian,jax,none,1000,t2d-standard-4,t2d,4,63.87752433332139,15654.958617085213,3.0178581496142506e-06,92044.67672321973,europe-west1,europe-west1-b
asian,jax,none,1000,t2d-standard-4,t2d,4,63.933177000005045,15641.331260605446,3.020487428933572e-06,91964.55350779307,europe-west1,europe-west1-b
asian,jax,none,1000,t2d-standard-4,t2d,4,68.09830366666365,14684.653598640705,3.217266524340599e-06,86339.68484619417,europe-west1,europe-west1-b
asian,jax,none,1000,t2d-standard-4,t2d,4,74.70693533332451,13385.638100910428,3.529487655969954e-06,78702.01141174992,europe-west2,europe-west2-b
asian,jax,reverse,1000,t2d-standard-4,t2d,4,210.2912686666656,4755.309178266969,9.935094159674023e-06,27959.24963703533,europe-west1,europe-west1-b
asian,jax,reverse,1000,t2d-standard-4,t2d,4,210.2912686666656,4755.309178266969,9.935094159674023e-06,27959.24963703533,europe-west1,europe-west1-b
asian,jax,reverse,1000,t2d-standard-4,t2d,4,225.57047933332797,4433.204216063615,1.0656951979170117e-05,26065.405785886727,europe-west1,europe-west1-b
asian,jax,reverse,1000,t2d-standard-4,t2d,4,225.57047933332797,4433.204216063615,1.0656951979170117e-05,26065.405785886727,europe-west1,europe-west1-b
asian,jax,reverse,1000,t2d-standard-4,t2d,4,227.45748966666213,4396.425905629642,1.0746102734029417e-05,25849.164543918403,europe-west1,europe-west1-b
asian,jax,reverse,1000,t2d-standard-4,t2d,4,227.45748966666213,4396.425905629642,1.0746102734029417e-05,25849.164543918403,europe-west1,europe-west1-b
asian,jax,reverse,1000,t2d-standard-4,t2d,4,240.48185266665692,4158.317930900784,1.1361431528206948e-05,24449.188210846565,europe-west2,europe-west2-b
asian,jax,forward,1000,t2d-standard-4,t2d,4,299.6511973333327,3337.2134298118544,1.4156854345125896e-05,19621.43361836697,europe-west1,europe-west1-b
asian,jax,forward,1000,t2d-standard-4,t2d,4,299.6511973333327,3337.2134298118544,1.4156854345125896e-05,19621.43361836697,europe-west1,europe-west1-b
asian,jax,forward,1000,t2d-standard-4,t2d,4,313.10542100000777,3193.8124763415553,1.4792491667689257e-05,18778.295368894374,europe-west1,europe-west1-b
asian,jax,forward,1000,t2d-standard-4,t2d,4,313.10542100000777,3193.8124763415553,1.4792491667689257e-05,18778.295368894374,europe-west1,europe-west1-b
asian,jax,forward,1000,t2d-standard-4,t2d,4,325.1398539999997,3075.5995849097017,1.5361051768977764e-05,18083.252498293165,europe-west1,europe-west1-b
asian,jax,forward,1000,t2d-standard-4,t2d,4,325.1398539999997,3075.5995849097017,1.5361051768977764e-05,18083.252498293165,europe-west1,europe-west1-b
asian,jax,forward,1000,t2d-standard-4,t2d,4,326.3432170000158,3064.2585716741023,1.5417903985378525e-05,18016.57203477247,europe-west2,europe-west2-b
