workload_type,engine,ad_mode,M,instance_type,mean_runtime_ms,cost_per_run,paths_per_dollar,profiler_decision,profiler_reason,dominated
asian,cpu,none,10000,c2d-standard-4,55.01847279999765,0.0005501847279999765,,selected_old,top-3 probe Pareto; diversity guard; fastest probe runtime,
asian,cpu,none,10000,e2-standard-8,56.982814799999915,0.0005698281479999991,,selected_old,top-3 probe Pareto; diversity guard; fastest probe runtime,
asian,cpu,none,10000,c2d-standard-4,58.10490900000218,0.0005810490900000219,,selected_old,top-3 probe Pareto; diversity guard; fastest probe runtime,
asian,cpu,none,10000,,61.258663999979035,,,,,
asian,cpu,none,10000,t2d-standard-4,61.573101999999835,2.9089869967111035e-06,954895.2198543098,selected_old,top-3 probe Pareto; diversity guard; fastest probe runtime,
asian,cpu,none,10000,,62.268654000035895,0.000622686540000359,,selected,top-3 probe Pareto; diversity guard; fastest probe runtime,
asian,cpu,none,10000,n2d-standard-4,62.73256819999914,0.0006273256819999914,,selected_old,top-3 probe Pareto; diversity guard; fastest probe runtime,
asian,cpu,none,10000,t2d-standard-4,63.754351799997266,3.0120389317065377e-06,922225.0577631034,selected_old,top-3 probe Pareto; diversity guard; fastest probe runtime,
asian,cpu,none,10000,t2d-standard-4,64.29177360000722,3.0374291260803414e-06,914516.0800385057,selected,top-3 probe Pareto; diversity guard; fastest probe runtime,
asian,cpu,none,10000,e2-standard-8,64.83982939999464,0.0006483982939999465,,selected_both,top-3 probe Pareto; diversity guard; fastest probe runtime,
asian,cpu,none,10000,n2d-standard-4,67.59144780000383,0.0006759144780000383,,selected_old,top-3 probe Pareto; diversity guard; fastest probe runtime,
asian,cpu,none,10000,e2-standard-8,68.03729300000896,0.0006803729300000896,,selected_old,top-3 probe Pareto; diversity guard; fastest probe runtime,
asian,cpu,none,10000,n2-standard-4,72.84260600000607,3.92743050683366e-06,707276.1116828148,selected_both,top-3 probe Pareto; diversity guard; fastest probe runtime,
asian,jax,none,10000,c2d-standard-4,73.73663620000457,0.0007373663620000458,,selected_both,diversity guard,
asian,cpu,none,10000,n2-standard-4,73.7765139999965,3.9777837131664775e-06,698322.9803529347,selected_both,top-3 probe Pareto; diversity guard; fastest probe runtime,
asian,jax,none,10000,t2d-standard-4,73.8014239999984,3.4867072760888137e-06,796676.5081850312,selected_both,diversity guard,
asian,jax,none,10000,t2d-standard-4,77.23624059998997,3.6489832781239707e-06,761247.055976069,selected_both,diversity guard,
asian,jax,none,10000,c2d-standard-4,77.2454496000023,0.000772454496000023,,selected_both,diversity guard,
asian,cpu,none,10000,e2-standard-4,82.76421079999636,0.0008276421079999636,,selected_both,top-3 probe Pareto; diversity guard; fastest probe runtime,
asian,jax,none,10000,t2d-standard-4,82.95642420000604,3.919230174426952e-06,708755.9684304403,selected,diversity guard,
asian,jax,none,10000,e2-standard-8,84.43607880000172,0.0008443607880000173,,selected_old,diversity guard,
asian,jax,none,10000,e2-standard-8,84.53792119999548,0.0008453792119999548,,selected_both,diversity guard,
asian,jax,none,10000,,85.01313320002737,0.0008501313320002738,,selected,diversity guard,
asian,jax,none,10000,,85.33383500002856,,,,,
asian,jax,none,10000,e2-standard-8,90.59226319999425,0.0009059226319999425,,selected_both,diversity guard,
asian,jax,none,10000,n2d-standard-4,90.6976383999961,0.0009069763839999609,,selected_both,diversity guard,
asian,jax,none,10000,n2d-standard-4,92.0956235999995,0.0009209562359999951,,selected_both,diversity guard,
asian,cpu,none,10000,e2-standard-4,103.88801260002083,0.0010388801260002084,,selected_both,top-3 probe Pareto; diversity guard; fastest probe runtime,
asian,cpu,none,10000,e2-standard-8,107.52273580000065,0.0010752273580000066,,selected,top-3 probe Pareto; diversity guard; fastest probe runtime,
asian,cpu,none,10000,e2-standard-4,107.60360660001425,0.0010760360660001425,,selected_both,top-3 probe Pareto; diversity guard; fastest probe runtime,
asian,jax,none,10000,e2-standard-8,112.75667499999145,0.0011275667499999146,,selected,diversity guard,
asian,jax,none,10000,n2-standard-4,114.02576880001334,6.147889367800719e-06,451826.2466345374,selected_both,diversity guard,
asian,jax,none,10000,n2-standard-4,115.5113703999973,6.2279880540665205e-06,446015.27068826783,selected_both,diversity guard,
asian,jax,none,10000,e2-standard-4,133.66138599998294,0.0013366138599998293,,selected_both,diversity guard,
asian,jax,none,10000,e2-standard-4,146.75467359999175,0.0014675467359999174,,selected_both,diversity guard,
asian,jax,none,10000,e2-standard-4,147.8281145999972,0.001478281145999972,,selected_old,diversity guard,
asian,jax,none,50000,e2-standard-8,159.6102672000029,0.007980513360000146,,selected_both,diversity guard,
asian,jax,none,50000,e2-standard-8,169.84388119999494,0.008492194059999748,,selected_old,diversity guard,
asian,jax,none,50000,e2-standard-8,182.42891600000348,0.009121445800000174,,selected_both,diversity guard,
asian,jax,none,50000,t2d-standard-4,183.90467899999976,8.688474390088878e-06,1598541.730724583,selected_both,diversity guard,
asian,jax,none,50000,t2d-standard-4,189.5988827999986,8.957493885173268e-06,1550532.8908879554,selected,diversity guard,
asian,jax,none,50000,t2d-standard-4,192.17501300000208,9.079201725288989e-06,1529747.80262929,selected_both,diversity guard,
asian,jax,none,50000,c2d-standard-4,198.60646920000136,0.009930323460000067,,selected_both,diversity guard,
asian,jax,none,50000,c2d-standard-4,199.5773283999995,0.009978866419999973,,selected_both,diversity guard,
asian,jax,none,50000,n2d-standard-4,222.4900325999954,0.01112450162999977,,selected_both,diversity guard,
asian,jax,none,50000,,228.62530800002787,,,,,
asian,jax,reverse,10000,t2d-standard-4,234.33597499999905,1.1071072952222177e-05,250904.11649940614,full_grid_only,dominated or outside 1.5x margin (score=179.08 vs best=8.42),
asian,jax,reverse,10000,c2d-standard-4,235.5780837999987,0.002355780837999987,,full_grid_only,dominated or outside 1.5x margin (score=181.56 vs best=7.68),
asian,jax,reverse,10000,c2d-standard-4,237.0288885999969,0.0023702888859999686,,full_grid_only,dominated or outside 1.5x margin (score=176.84 vs best=7.57),
asian,jax,reverse,10000,t2d-standard-4,237.82459779999954,1.1235890998284424e-05,247223.63168189413,full_grid_only,dominated or outside 1.5x margin (score=198.79 vs best=8.64),
asian,jax,none,50000,e2-standard-8,253.27243899998848,0.012663621949999425,,selected,diversity guard,
asian,jax,reverse,10000,t2d-standard-4,256.3245272000131,1.2109909885049509e-05,229380.54900037943,full_grid_only,dominated or outside 1.5x margin (score=207.68 vs best=8.64),
asian,jax,none,50000,n2d-standard-4,257.7282157999946,0.01288641078999973,,selected_both,diversity guard,
asian,jax,none,50000,,257.7827927999806,0.01288913963999903,,selected,diversity guard,
asian,jax,none,100000,e2-standard-8,271.50314080000726,0.027150314080000723,,selected_old,diversity guard,
asian,jax,reverse,10000,e2-standard-8,271.8685445999995,0.002718685445999995,,full_grid_only,dominated or outside 1.5x margin (score=208.83 vs best=8.63),
asian,jax,reverse,10000,e2-standard-8,272.97523300000535,0.0027297523300000535,,full_grid_only,dominated or outside 1.5x margin (score=212.20 vs best=8.17),
asian,jax,reverse,10000,e2-standard-8,274.0646577999996,0.002740646577999996,,full_grid_only,dominated or outside 1.5x margin (score=226.91 vs best=8.43),
asian,jax,none,100000,e2-standard-8,279.38592760000347,0.02793859276000035,,selected_both,diversity guard,
asian,jax,reverse,10000,,286.61082879998503,,,,,
asian,cpu,none,50000,c2d-standard-4,287.2865047999994,0.01436432523999997,,selected_old,top-3 probe Pareto; diversity guard; fastest probe runtime,
asian,jax,reverse,10000,n2d-standard-4,288.4250246000022,0.0028842502460000217,,full_grid_only,dominated or outside 1.5x margin (score=212.03 vs best=8.52),
asian,cpu,none,50000,c2d-standard-4,297.01444999999467,0.014850722499999733,,selected_old,top-3 probe Pareto; diversity guard; fastest probe runtime,
asian,jax,none,100000,e2-standard-8,297.96408960002054,0.029796408960002053,,selected_both,diversity guard,
asian,jax,reverse,10000,,310.7761941999797,0.0031077619419997973,,full_grid_only,dominated or outside 1.5x margin (score=288.70 vs best=9.85),
asian,cpu,none,50000,t2d-standard-4,317.3364893999974,1.4992386143653212e-05,926396.1557425953,selected_old,top-3 probe Pareto; diversity guard; fastest probe runtime,
asian,cpu,none,50000,t2d-standard-4,321.10162759999525,1.5170268006168665e-05,915533.5214408386,selected_old,top-3 probe Pareto; diversity guard; fastest probe runtime,
asian,cpu,none,50000,n2d-standard-4,321.8219260000012,0.01609109630000006,,selected_old,top-3 probe Pareto; diversity guard; fastest probe runtime,
asian,cpu,none,50000,t2d-standard-4,323.30785720000677,1.5274500097938097e-05,909285.9864372091,selected,top-3 probe Pareto; diversity guard; fastest probe runtime,
asian,cpu,none,50000,,324.8862173999896,0.01624431086999948,,selected,top-3 probe Pareto; diversity guard; fastest probe runtime,
asian,cpu,none,50000,e2-standard-8,327.0427418000054,0.01635213709000027,,selected_both,top-3 probe Pareto; diversity guard; fastest probe runtime,
asian,cpu,none,50000,e2-standard-8,327.30182659999514,0.016365091329999755,,selected_old,top-3 probe Pareto; diversity guard; fastest probe runtime,
asian,jax,reverse,10000,n2d-standard-4,328.6814371999867,0.0032868143719998674,,full_grid_only,dominated or outside 1.5x margin (score=240.54 vs best=9.31),
asian,cpu,none,50000,,328.7776154000312,,,,,
asian,jax,none,100000,t2d-standard-4,329.682024199991,1.5575644076648466e-05,1783411.1797292007,selected_both,diversity guard,
asian,cpu,none,50000,e2-standard-8,335.05504540000857,0.016752752270000427,,selected_old,top-3 probe Pareto; diversity guard; fastest probe runtime,
asian,jax,none,100000,t2d-standard-4,335.11765579999064,1.5832447471795115e-05,1754484.126807482,selected,diversity guard,
asian,cpu,none,50000,n2d-standard-4,335.14483780001,0.0167572418900005,,selected_old,top-3 probe Pareto; diversity guard; fastest probe runtime,
asian,jax,forward,10000,t2d-standard-4,339.41244399999846,1.603535235431104e-05,173228.35921537972,full_grid_only,dominated or outside 1.5x margin (score=303.21 vs best=8.64),
asian,jax,none,50000,n2-standard-4,343.1767863999994,1.8502948400066634e-05,750631.1204347775,selected_both,diversity guard,
asian,jax,none,100000,c2d-standard-4,343.80653459999735,0.03438065345999973,,selected_both,diversity guard,
asian,jax,forward,10000,c2d-standard-4,344.1242156000044,0.003441242156000044,,full_grid_only,dominated or outside 1.5x margin (score=292.71 vs best=7.57),
asian,jax,none,50000,n2-standard-4,346.96997360000523,1.8707464409933614e-05,742424.9799194552,selected_both,diversity guard,
asian,jax,reverse,10000,n2-standard-4,347.099834800008,1.87144660929671e-05,148429.44297629027,full_grid_only,dominated or outside 1.5x margin (score=245.79 vs best=8.26),
asian,jax,none,100000,c2d-standard-4,348.33530160000237,0.03483353016000024,,selected_both,diversity guard,
asian,jax,forward,10000,c2d-standard-4,348.86289880000163,0.003488628988000016,,full_grid_only,dominated or outside 1.5x margin (score=276.08 vs best=7.68),
asian,jax,forward,10000,t2d-standard-4,349.13611540000034,1.649474180756446e-05,168403.83500297615,full_grid_only,dominated or outside 1.5x margin (score=278.32 vs best=8.42),
asian,jax,none,100000,t2d-standard-4,350.0394063999977,1.6537417289031e-05,1679692.620213576,selected_both,diversity guard,
asian,jax,reverse,10000,n2-standard-4,355.16163899999356,1.9149131702749654e-05,145060.2471640483,full_grid_only,dominated or outside 1.5x margin (score=258.98 vs best=7.71),
asian,jax,forward,10000,t2d-standard-4,356.1858556000061,1.68278028667914e-05,165070.73441296045,full_grid_only,dominated or outside 1.5x margin (score=296.87 vs best=8.64),
asian,jax,reverse,10000,e2-standard-8,358.57480480000277,0.0035857480480000277,,full_grid_only,dominated or outside 1.5x margin (score=271.80 vs best=13.52),
asian,jax,forward,10000,e2-standard-8,365.44170679999866,0.0036544170679999864,,full_grid_only,dominated or outside 1.5x margin (score=310.64 vs best=8.63),
asian,jax,forward,10000,e2-standard-8,381.45303179999814,0.0038145303179999814,,full_grid_only,dominated or outside 1.5x margin (score=299.15 vs best=8.17),
asian,jax,none,50000,e2-standard-4,382.62305379998907,0.019131152689999455,,selected_both,diversity guard,
asian,jax,reverse,50000,t2d-standard-4,384.0972132000047,1.8146459450293558e-05,765377.3413449094,full_grid_only,dominated or outside 1.5x margin (score=179.08 vs best=8.42),
asian,jax,none,100000,n2d-standard-4,384.21524919999683,0.03842152491999968,,selected_both,diversity guard,
asian,jax,forward,10000,e2-standard-8,393.01359700000376,0.003930135970000037,,full_grid_only,dominated or outside 1.5x margin (score=330.11 vs best=8.43),
asian,cpu,none,50000,n2-standard-4,393.10865859998785,2.119510850951601e-05,655287.4632679124,selected_both,top-3 probe Pareto; diversity guard; fastest probe runtime,
asian,jax,reverse,50000,c2d-standard-4,397.09123600000567,0.019854561800000285,,full_grid_only,dominated or outside 1.5x margin (score=176.84 vs best=7.57),
asian,cpu,none,50000,n2-standard-4,397.92211899999756,2.1454634249416535e-05,647360.7858995127,selected_both,top-3 probe Pareto; diversity guard; fastest probe runtime,
asian,jax,none,50000,e2-standard-4,402.04105100000334,0.02010205255000017,,selected_both,diversity guard,
asian,jax,reverse,50000,c2d-standard-4,402.4691751999967,0.020123458759999834,,full_grid_only,dominated or outside 1.5x margin (score=181.56 vs best=7.68),
asian,jax,reverse,50000,t2d-standard-4,402.9223449999961,1.9035842343777595e-05,729617.7725189485,full_grid_only,dominated or outside 1.5x margin (score=198.79 vs best=8.64),
asian,jax,forward,10000,,402.9728053999861,0.004029728053999861,,full_grid_only,dominated or outside 1.5x margin (score=343.05 vs best=9.85),
asian,jax,none,100000,,403.6070343999654,0.040360703439996544,,selected,diversity guard,
asian,jax,reverse,10000,e2-standard-4,405.2576083999952,0.0040525760839999515,,full_grid_only,dominated or outside 1.5x margin (score=292.97 vs best=11.51),
asian,jax,reverse,50000,e2-standard-8,407.15309680000473,0.02035765484000024,,full_grid_only,dominated or outside 1.5x margin (score=208.83 vs best=8.63),
asian,jax,reverse,50000,e2-standard-8,407.21910939998907,0.020360955469999456,,full_grid_only,dominated or outside 1.5x margin (score=212.20 vs best=8.17),
asian,jax,none,100000,,411.2350661999699,,,,,
asian,jax,forward,10000,n2d-standard-4,412.434670600004,0.00412434670600004,,full_grid_only,dominated or outside 1.5x margin (score=319.02 vs best=8.52),
asian,jax,forward,10000,,415.8745396000086,,,,,
asian,jax,reverse,50000,t2d-standard-4,416.4421616000027,1.9674578568035686e-05,705930.6932984821,full_grid_only,dominated or outside 1.5x margin (score=207.68 vs best=8.64),
asian,jax,reverse,50000,e2-standard-8,425.82734399998117,0.021291367199999058,,full_grid_only,dominated or outside 1.5x margin (score=226.91 vs best=8.43),
asian,jax,none,100000,e2-standard-8,428.0440014000078,0.04280440014000078,,selected,diversity guard,
asian,jax,none,50000,e2-standard-4,429.16141420000713,0.021458070710000356,,selected_old,diversity guard,
asian,jax,reverse,10000,e2-standard-4,451.4646319999997,0.004514646319999998,,full_grid_only,dominated or outside 1.5x margin (score=338.33 vs best=12.31),
asian,jax,reverse,50000,,469.6592469999814,,,,,
asian,jax,reverse,50000,n2d-standard-4,471.75644999999236,0.023587822499999616,,full_grid_only,dominated or outside 1.5x margin (score=212.03 vs best=8.52),
asian,jax,forward,10000,e2-standard-8,484.9229986000182,0.004849229986000182,,full_grid_only,dominated or outside 1.5x margin (score=395.77 vs best=13.52),
asian,jax,forward,10000,n2d-standard-4,490.50081039999895,0.004905008103999989,,full_grid_only,dominated or outside 1.5x margin (score=360.78 vs best=9.31),
asian,jax,forward,10000,n2-standard-4,494.843076199993,2.6680289191782953e-05,104113.4808476245,full_grid_only,dominated or outside 1.5x margin (score=370.10 vs best=7.71),
asian,jax,forward,10000,n2-standard-4,495.14727139999195,2.66966903829829e-05,104049.5184207702,full_grid_only,dominated or outside 1.5x margin (score=364.81 vs best=8.26),
asian,jax,none,100000,n2d-standard-4,502.7630091999924,0.05027630091999924,,selected_both,diversity guard,
asian,jax,forward,50000,t2d-standard-4,512.2435748000044,2.4200663111662428e-05,573905.3027103111,full_grid_only,dominated or outside 1.5x margin (score=278.32 vs best=8.42),
asian,jax,reverse,10000,e2-standard-4,515.3447423999864,0.005153447423999865,,full_grid_only,dominated or outside 1.5x margin (score=328.21 vs best=12.11),
asian,cpu,none,50000,e2-standard-4,519.8795914000129,0.025993979570000648,,selected_both,top-3 probe Pareto; diversity guard; fastest probe runtime,
asian,jax,reverse,50000,n2d-standard-4,525.7112386000131,0.026285561930000655,,full_grid_only,dominated or outside 1.5x margin (score=240.54 vs best=9.31),
asian,jax,reverse,50000,,528.6006867999731,0.026430034339998656,,full_grid_only,dominated or outside 1.5x margin (score=288.70 vs best=9.85),
asian,jax,forward,50000,t2d-standard-4,539.4192331999989,2.548456199518217e-05,544992.2541935219,full_grid_only,dominated or outside 1.5x margin (score=303.21 vs best=8.64),
asian,cpu,none,50000,e2-standard-4,539.9846455999977,0.026999232279999886,,selected_both,top-3 probe Pareto; diversity guard; fastest probe runtime,
asian,jax,forward,50000,c2d-standard-4,542.2234058000015,0.027111170290000073,,full_grid_only,dominated or outside 1.5x margin (score=276.08 vs best=7.68),
asian,jax,forward,50000,c2d-standard-4,542.2979291999866,0.02711489645999933,,full_grid_only,dominated or outside 1.5x margin (score=292.71 vs best=7.57),
asian,jax,forward,50000,e2-standard-8,549.1049250000003,0.027455246250000016,,full_grid_only,dominated or outside 1.5x margin (score=299.15 vs best=8.17),
asian,cpu,none,50000,e2-standard-8,557.6802683999858,0.02788401341999929,,selected,top-3 probe Pareto; diversity guard; fastest probe runtime,
asian,jax,forward,50000,e2-standard-8,564.4162381999934,0.028220811909999668,,full_grid_only,dominated or outside 1.5x margin (score=310.64 vs best=8.63),
asian,jax,forward,50000,t2d-standard-4,565.6950680000023,2.672594921262233e-05,519678.0394362697,full_grid_only,dominated or outside 1.5x margin (score=296.87 vs best=8.64),
asian,cpu,none,50000,e2-standard-4,568.3035502000052,0.028415177510000264,,selected_both,top-3 probe Pareto; diversity guard; fastest probe runtime,
asian,jax,reverse,50000,e2-standard-8,569.341307000002,0.028467065350000098,,full_grid_only,dominated or outside 1.5x margin (score=271.80 vs best=13.52),
asian,jax,forward,50000,e2-standard-8,573.5526218000018,0.02867763109000009,,full_grid_only,dominated or outside 1.5x margin (score=330.11 vs best=8.43),
asian,cpu,none,100000,c2d-standard-4,576.4887765999902,0.057648877659999015,,selected_old,top-3 probe Pareto; diversity guard; fastest probe runtime,
asian,jax,reverse,100000,t2d-standard-4,584.6816213999887,2.762295837991947e-05,1005604.7363113306,full_grid_only,dominated or outside 1.5x margin (score=179.08 vs best=8.42),
asian,jax,forward,10000,e2-standard-4,592.4540439999987,0.005924540439999988,,full_grid_only,dominated or outside 1.5x margin (score=437.79 vs best=11.51),
asian,cpu,none,100000,c2d-standard-4,593.0517373999976,0.05930517373999976,,selected_old,top-3 probe Pareto; diversity guard; fastest probe runtime,
asian,jax,reverse,100000,t2d-standard-4,613.5181423999995,2.8985323794275535e-05,958339.3987568204,full_grid_only,dominated or outside 1.5x margin (score=198.79 vs best=8.64),
asian,jax,reverse,100000,e2-standard-8,613.6733419999928,0.061367334199999284,,full_grid_only,dominated or outside 1.5x margin (score=212.20 vs best=8.17),
asian,jax,reverse,100000,t2d-standard-4,614.8982217999901,2.905052487881731e-05,956188.498956603,full_grid_only,dominated or outside 1.5x margin (score=207.68 vs best=8.64),
asian,jax,reverse,100000,c2d-standard-4,616.6042446000006,0.06166042446000006,,full_grid_only,dominated or outside 1.5x margin (score=181.56 vs best=7.68),
asian,jax,reverse,100000,c2d-standard-4,619.6702393999999,0.06196702393999999,,full_grid_only,dominated or outside 1.5x margin (score=176.84 vs best=7.57),
asian,jax,reverse,100000,e2-standard-8,619.9131076000015,0.06199131076000015,,full_grid_only,dominated or outside 1.5x margin (score=208.83 vs best=8.63),
asian,jax,reverse,100000,e2-standard-8,622.1393583999998,0.06221393583999997,,full_grid_only,dominated or outside 1.5x margin (score=226.91 vs best=8.43),
asian,cpu,none,100000,t2d-standard-4,630.3088144000071,2.9778589764764784e-05,932810.3848169988,selected_old,top-3 probe Pareto; diversity guard; fastest probe runtime,
asian,jax,none,100000,n2-standard-4,632.1193620000145,3.4081768934500777e-05,815033.3344246839,selected_both,diversity guard,
asian,jax,forward,50000,,633.1014213999879,,,,,
asian,jax,none,100000,n2-standard-4,633.9438537999854,3.4180139450715875e-05,812687.6667027756,selected_both,diversity guard,
asian,cpu,none,100000,t2d-standard-4,636.9626123999922,3.0092944754719632e-05,923066.1207863762,selected_old,top-3 probe Pareto; diversity guard; fastest probe runtime,
asian,cpu,none,100000,n2d-standard-4,638.3922084000005,0.06383922084000006,,selected_old,top-3 probe Pareto; diversity guard; fastest probe runtime,
asian,cpu,none,100000,,644.4153912000274,0.06444153912000275,,selected,top-3 probe Pareto; diversity guard; fastest probe runtime,
asian,cpu,none,100000,t2d-standard-4,645.0092512000083,3.0473103734471504e-05,911550.6585683051,selected,top-3 probe Pareto; diversity guard; fastest probe runtime,
asian,cpu,none,100000,,647.0329384000252,,,,,
asian,cpu,none,100000,e2-standard-8,647.5668585999927,0.06475668585999927,,selected_both,top-3 probe Pareto; diversity guard; fastest probe runtime,
asian,cpu,none,100000,e2-standard-8,653.5686308000038,0.06535686308000038,,selected_old,top-3 probe Pareto; diversity guard; fastest probe runtime,
asian,jax,forward,50000,n2d-standard-4,654.3370767999988,0.03271685383999994,,full_grid_only,dominated or outside 1.5x margin (score=319.02 vs best=8.52),
asian,jax,forward,10000,e2-standard-4,657.1298298000102,0.006571298298000102,,full_grid_only,dominated or outside 1.5x margin (score=483.52 vs best=12.11),
asian,cpu,none,100000,e2-standard-8,663.0192746000034,0.06630192746000034,,selected_old,top-3 probe Pareto; diversity guard; fastest probe runtime,
asian,jax,forward,10000,e2-standard-4,665.0387072000058,0.006650387072000058,,full_grid_only,dominated or outside 1.5x margin (score=536.25 vs best=12.31),
asian,jax,forward,50000,,666.9134747999578,0.033345673739997896,,full_grid_only,dominated or outside 1.5x margin (score=343.05 vs best=9.85),
asian,cpu,none,100000,n2d-standard-4,671.8013645999974,0.06718013645999973,,selected_old,top-3 probe Pareto; diversity guard; fastest probe runtime,
asian,jax,reverse,50000,n2-standard-4,675.7665218000056,3.643507830038364e-05,381195.52740861406,full_grid_only,dominated or outside 1.5x margin (score=245.79 vs best=8.26),
asian,jax,none,100000,e2-standard-4,680.2295688000072,0.06802295688000072,,selected_both,diversity guard,
asian,jax,reverse,100000,,694.9782409999898,,,,,
asian,jax,reverse,50000,n2-standard-4,700.9606587999883,3.7793462186966036e-05,367494.48410362354,full_grid_only,dominated or outside 1.5x margin (score=258.98 vs best=7.71),
asian,jax,none,100000,e2-standard-4,720.2587601999994,0.07202587601999993,,selected_both,diversity guard,
asian,jax,reverse,100000,n2d-standard-4,722.7710360000003,0.07227710360000004,,full_grid_only,dominated or outside 1.5x margin (score=212.03 vs best=8.52),
asian,jax,reverse,100000,,723.8594184000704,0.07238594184000703,,full_grid_only,dominated or outside 1.5x margin (score=288.70 vs best=9.85),
asian,jax,none,100000,e2-standard-4,753.6104275999946,0.07536104275999947,,selected_old,diversity guard,
asian,jax,forward,100000,t2d-standard-4,757.3219993999942,3.5779257127208615e-05,776365.4141565155,full_grid_only,dominated or outside 1.5x margin (score=278.32 vs best=8.42),
asian,jax,reverse,50000,e2-standard-4,758.0556783999896,0.03790278391999948,,full_grid_only,dominated or outside 1.5x margin (score=292.97 vs best=11.51),
asian,jax,forward,50000,e2-standard-8,774.7464344000036,0.03873732172000018,,full_grid_only,dominated or outside 1.5x margin (score=395.77 vs best=13.52),
asian,jax,forward,50000,n2d-standard-4,787.7475101999835,0.03938737550999917,,full_grid_only,dominated or outside 1.5x margin (score=360.78 vs best=9.31),
asian,jax,forward,100000,e2-standard-8,789.985999999999,0.07899859999999989,,full_grid_only,dominated or outside 1.5x margin (score=299.15 vs best=8.17),
asian,cpu,none,100000,n2-standard-4,790.1544892000061,4.2602496209366995e-05,652022.3050139088,selected_both,top-3 probe Pareto; diversity guard; fastest probe runtime,
asian,cpu,none,100000,n2-standard-4,792.253576600001,4.2715672005016724e-05,650294.7624121524,selected_both,top-3 probe Pareto; diversity guard; fastest probe runtime,
asian,jax,forward,100000,e2-standard-8,798.9198164000015,0.07989198164000015,,full_grid_only,dominated or outside 1.5x margin (score=310.64 vs best=8.63),
asian,jax,forward,100000,t2d-standard-4,798.9478861999942,3.774584902358195e-05,735916.093990188,full_grid_only,dominated or outside 1.5x margin (score=303.21 vs best=8.64),
asian,jax,forward,100000,c2d-standard-4,802.8012808000028,0.08028012808000028,,full_grid_only,dominated or outside 1.5x margin (score=292.71 vs best=7.57),
asian,jax,forward,100000,c2d-standard-4,817.4320703999967,0.08174320703999968,,full_grid_only,dominated or outside 1.5x margin (score=276.08 vs best=7.68),
asian,jax,reverse,50000,e2-standard-4,823.2813338000142,0.04116406669000071,,full_grid_only,dominated or outside 1.5x margin (score=338.33 vs best=12.31),
asian,jax,forward,100000,e2-standard-8,832.9029339999806,0.08329029339999806,,full_grid_only,dominated or outside 1.5x margin (score=330.11 vs best=8.43),
asian,jax,reverse,100000,e2-standard-8,848.9897802000087,0.08489897802000088,,full_grid_only,dominated or outside 1.5x margin (score=271.80 vs best=13.52),
asian,jax,reverse,50000,e2-standard-4,853.6722728000086,0.04268361364000043,,full_grid_only,dominated or outside 1.5x margin (score=328.21 vs best=12.11),
asian,jax,forward,100000,t2d-standard-4,860.0429600000098,4.063225184355602e-05,683638.6495321236,full_grid_only,dominated or outside 1.5x margin (score=296.87 vs best=8.64),
asian,jax,reverse,100000,n2d-standard-4,890.2204137999888,0.08902204137999888,,full_grid_only,dominated or outside 1.5x margin (score=240.54 vs best=9.31),
asian,jax,forward,100000,,915.611454000009,0.0915611454000009,,full_grid_only,dominated or outside 1.5x margin (score=343.05 vs best=9.85),
asian,jax,forward,100000,,930.9636534000219,,,,,
asian,jax,forward,50000,n2-standard-4,944.7836037999991,5.093958263821662e-05,272654.1555617099,full_grid_only,dominated or outside 1.5x margin (score=364.81 vs best=8.26),
asian,jax,forward,50000,n2-standard-4,951.3960551999958,5.129610397619977e-05,270759.13787396054,full_grid_only,dominated or outside 1.5x margin (score=370.10 vs best=7.71),
asian,jax,forward,100000,n2d-standard-4,968.4983117999991,0.0968498311799999,,full_grid_only,dominated or outside 1.5x margin (score=319.02 vs best=8.52),
asian,cpu,none,100000,e2-standard-4,1040.0464761999956,0.10400464761999956,,selected_both,top-3 probe Pareto; diversity guard; fastest probe runtime,
asian,jax,forward,50000,e2-standard-4,1044.6900696000057,0.052234503480000284,,full_grid_only,dominated or outside 1.5x margin (score=437.79 vs best=11.51),
asian,cpu,none,100000,e2-standard-4,1082.0992391999994,0.10820992391999994,,selected_both,top-3 probe Pareto; diversity guard; fastest probe runtime,
asian,cpu,none,100000,e2-standard-8,1110.6746487999999,0.11106746488,,selected,top-3 probe Pareto; diversity guard; fastest probe runtime,
asian,jax,forward,50000,e2-standard-4,1110.7391622000137,0.055536958110000686,,full_grid_only,dominated or outside 1.5x margin (score=536.25 vs best=12.31),
asian,cpu,none,100000,e2-standard-4,1124.8531351999986,0.11248531351999987,,selected_both,top-3 probe Pareto; diversity guard; fastest probe runtime,
asian,jax,reverse,100000,n2-standard-4,1130.826642799991,6.0970403157632855e-05,455594.4579530026,full_grid_only,dominated or outside 1.5x margin (score=245.79 vs best=8.26),
asian,jax,reverse,100000,n2-standard-4,1134.4303308000008,6.116470200230004e-05,454147.1938624539,full_grid_only,dominated or outside 1.5x margin (score=258.98 vs best=7.71),
asian,jax,forward,100000,n2d-standard-4,1141.4439689999995,0.11414439689999994,,full_grid_only,dominated or outside 1.5x margin (score=360.78 vs best=9.31),
asian,jax,forward,50000,e2-standard-4,1185.4358330000196,0.059271791650000974,,full_grid_only,dominated or outside 1.5x margin (score=483.52 vs best=12.11),
asian,jax,reverse,100000,e2-standard-4,1235.0884643999848,0.12350884643999847,,full_grid_only,dominated or outside 1.5x margin (score=292.97 vs best=11.51),
asian,jax,forward,100000,e2-standard-8,1236.9576159999838,0.12369576159999839,,full_grid_only,dominated or outside 1.5x margin (score=395.77 vs best=13.52),
asian,jax,reverse,100000,e2-standard-4,1281.8474636000133,0.12818474636000132,,full_grid_only,dominated or outside 1.5x margin (score=338.33 vs best=12.31),
asian,jax,reverse,100000,e2-standard-4,1320.9143895999887,0.13209143895999886,,full_grid_only,dominated or outside 1.5x margin (score=328.21 vs best=12.11),
asian,jax,forward,100000,n2-standard-4,1525.4032873999904,8.224466057898281e-05,337745.6674053835,full_grid_only,dominated or outside 1.5x margin (score=364.81 vs best=8.26),
asian,jax,forward,100000,n2-standard-4,1574.120090600013,8.487130821818403e-05,327292.9139535317,full_grid_only,dominated or outside 1.5x margin (score=370.10 vs best=7.71),
asian,jax,forward,100000,e2-standard-4,1662.1974069999965,0.16621974069999967,,full_grid_only,dominated or outside 1.5x margin (score=437.79 vs best=11.51),
asian,jax,forward,100000,e2-standard-4,1785.4759580000064,0.17854759580000062,,full_grid_only,dominated or outside 1.5x margin (score=536.25 vs best=12.31),
asian,jax,forward,100000,e2-standard-4,1873.1367255999885,0.18731367255999884,,full_grid_only,dominated or outside 1.5x margin (score=483.52 vs best=12.11),
european,cpp,none,10000,t2d-standard-4,0.06637099999977636,3.1356610222116563e-09,885866730.5238703,selected_both,top-3 probe Pareto; diversity guard; fastest probe runtime,
european,cpp,none,10000,e2-standard-8,0.06707260000098358,6.707260000098358e-07,,selected_both,top-3 probe Pareto; diversity guard; fastest probe runtime,
european,cpp,none,10000,n2d-standard-4,0.09714920000760685,9.714920000760686e-07,,selected_both,top-3 probe Pareto; diversity guard; fastest probe runtime,
european,rust,none,10000,t2d-standard-4,0.09886359999597971,4.670755857587842e-09,594716971.4009264,selected_both,diversity guard,
european,cpp,none,10000,c2d-standard-4,0.10292060000551828,1.029206000055183e-06,,selected_both,top-3 probe Pareto; diversity guard; fastest probe runtime,
european,cpp,none,10000,,0.10389820004093053,1.0389820004093052e-06,,selected,top-3 probe Pareto; diversity guard; fastest probe runtime,
european,cpp,none,10000,n2-standard-4,0.11159219999399284,6.016679449676114e-09,461679536.1978789,selected_both,top-3 probe Pareto; diversity guard; fastest probe runtime,
european,rust,none,10000,n2-standard-4,0.1559818000089308,8.410018717148185e-09,330293887.7072695,selected_old,diversity guard,
european,cpp,none,10000,e2-standard-4,0.15900960000294617,1.5900960000294616e-06,,selected_both,top-3 probe Pareto; diversity guard; fastest probe runtime,
european,rust,none,10000,,0.18341999998483516,1.8341999998483516e-06,,selected,diversity guard,
european,cpu,none,10000,c2d-standard-4,0.1929541999970752,1.9295419999707517e-06,,selected_old,top-3 probe Pareto; diversity guard; fastest probe runtime,
european,cpu,none,10000,c2d-standard-4,0.19745000000170876,1.9745000000170875e-06,,selected_old,diversity guard,
european,cpu,none,10000,n2d-standard-4,0.20756940000126178,2.075694000012618e-06,,selected_both,top-3 probe Pareto; diversity guard; fastest probe runtime,
european,rust,none,50000,t2d-standard-4,0.21319839999875967,1.0072439964385847e-08,1378900141.1770384,selected_both,diversity guard,
european,cpu,none,10000,t2d-standard-4,0.2163556000027711,1.0221600124575364e-08,271755668.7723758,selected_old,diversity guard,
european,cpu,none,10000,e2-standard-8,0.2180320000093161,2.180320000093161e-06,,selected_both,top-3 probe Pareto; diversity guard; fastest probe runtime,
european,cpu,none,10000,t2d-standard-4,0.22381599999619084,1.0574062577597816e-08,262697308.38010842,selected_both,top-3 probe Pareto; diversity guard; fastest probe runtime,
european,rust,none,10000,e2-standard-4,0.22393819999706466,2.2393819999706465e-06,,selected_old,diversity guard,
european,cpu,none,10000,e2-standard-8,0.22404819999906067,2.2404819999906067e-06,,selected_both,top-3 probe Pareto; diversity guard; fastest probe runtime,
european,cpu,none,10000,e2-standard-8,0.22564940000506795,2.2564940000506794e-06,,selected_old,diversity guard,
european,cpu,none,10000,n2d-standard-4,0.22893680000493077,2.289368000049308e-06,,selected_old,diversity guard,
european,cpu,none,10000,t2d-standard-4,0.23731679999627886,1.121190037315753e-08,247752627.5945218,selected,top-3 probe Pareto; diversity guard; fastest probe runtime,
european,rust,none,10000,n2d-standard-4,0.24778920000017024,2.4778920000017023e-06,,selected_old,diversity guard,
european,rust,none,50000,c2d-standard-4,0.2573135999995202,1.286567999997601e-05,,selected_old,diversity guard,
european,cpu,none,10000,n2-standard-4,0.2832776000019521,1.5273383933438586e-08,181870487.23998132,selected_both,top-3 probe Pareto; diversity guard; fastest probe runtime,
european,rust,none,10000,e2-standard-8,0.2908577999960471,2.908577999960471e-06,,selected_old,diversity guard,
european,cpu,none,10000,n2-standard-4,0.2961694000020998,1.596846681677988e-08,173953943.70979008,selected_old,diversity guard,
european,rust,none,50000,n2d-standard-4,0.2986591999956545,1.4932959999782724e-05,,selected_old,diversity guard,
european,rust,none,50000,,0.3019728000253963,1.5098640001269813e-05,,selected,diversity guard,
european,rust,none,100000,t2d-standard-4,0.30942820000063875,1.4618763404474623e-08,1900145519.0987866,selected_both,diversity guard,
european,cpu,none,10000,e2-standard-4,0.3314395999950648,3.314395999950648e-06,,selected_old,diversity guard,
european,cpu,none,10000,e2-standard-8,0.3336541999999554,3.3365419999995537e-06,,selected,top-3 probe Pareto; diversity guard; fastest probe runtime,
european,cpu,none,10000,e2-standard-4,0.33370699999863973,3.3370699999863973e-06,,selected_both,top-3 probe Pareto; diversity guard; fastest probe runtime,
european,cpu,none,10000,,0.33778820002225984,3.3778820002225984e-06,,selected,diversity guard,
european,cpp,none,50000,e2-standard-8,0.3451385999937884,1.725692999968942e-05,,selected_both,top-3 probe Pareto; diversity guard; fastest probe runtime,
european,cpp,none,50000,t2d-standard-4,0.34543079999878046,1.6319686239942384e-08,851051220.2676957,selected_both,top-3 probe Pareto; diversity guard; fastest probe runtime,
european,rust,none,50000,n2-standard-4,0.348988000001782,1.8816269666762744e-08,738131900.4702811,selected_old,diversity guard,
european,cpu,none,10000,e2-standard-4,0.35362119999717834,3.5362119999717832e-06,,selected_both,top-3 probe Pareto; diversity guard; fastest probe runtime,
european,rust,none,50000,e2-standard-8,0.3889895999975579,1.9449479999877894e-05,,selected_old,diversity guard,
european,rust,none,50000,e2-standard-4,0.424813200004337,2.124066000021685e-05,,selected_old,diversity guard,
european,rust,none,100000,c2d-standard-4,0.4285812000034639,4.2858120000346386e-05,,selected_old,diversity guard,
european,rust,none,10000,c2d-standard-4,0.43045540000150595,4.30455400001506e-06,,selected_old,diversity guard,
european,jax,none,10000,c2d-standard-4,0.46645039999759774,4.664503999975977e-06,,selected_both,diversity guard,
european,jax,none,10000,c2d-standard-4,0.4761525999981586,4.761525999981586e-06,,selected_both,within 1.5x safety margin; diversity guard,
european,rust,none,100000,,0.49897259996214416,4.989725999621442e-05,,selected,diversity guard,
european,cpp,none,50000,c2d-standard-4,0.4995526000016071,2.4977630000080358e-05,,selected_both,top-3 probe Pareto; diversity guard; fastest probe runtime,
european,rust,none,100000,e2-standard-8,0.5296030000067731,5.296030000067731e-05,,selected_old,diversity guard,
european,cpp,none,50000,n2d-standard-4,0.5359096000006502,2.6795480000032512e-05,,selected_both,top-3 probe Pareto; diversity guard; fastest probe runtime,
european,cpp,none,50000,n2-standard-4,0.5400150000014037,2.911580875007568e-08,477022259.90383273,selected_both,top-3 probe Pareto; diversity guard; fastest probe runtime,
european,cpp,none,100000,e2-standard-8,0.5533639999953266,5.533639999953266e-05,,selected_both,top-3 probe Pareto; diversity guard; fastest probe runtime,
european,rust,none,100000,n2d-standard-4,0.5548498000052859,5.5484980000528596e-05,,selected_old,diversity guard,
european,rust,none,100000,n2-standard-4,0.5590269999913744,3.01408724162016e-08,921598333.127425,selected_old,diversity guard,
european,jax,none,10000,t2d-standard-4,0.5602824000021656,2.6470230720102313e-08,104939688.93396337,selected_old,within 1.5x safety margin; diversity guard,
european,cpu,none,10000,,0.5769657999280753,,,,,
european,jax,none,10000,t2d-standard-4,0.6026826000010033,2.8473404613380735e-08,97556924.27706361,selected_both,diversity guard,
european,jax,none,10000,,0.6224266000117495,6.2242660001174955e-06,,selected,diversity guard,
european,cpp,none,50000,,0.6713740000122925,3.356870000061462e-05,,selected,top-3 probe Pareto; diversity guard; fastest probe runtime,
european,rust,none,100000,e2-standard-4,0.6922854000094958,6.922854000094958e-05,,selected_old,diversity guard,
european,cpp,none,100000,t2d-standard-4,0.7003676000010728,3.3088478168939575e-08,839500010.7273899,selected_both,top-3 probe Pareto; diversity guard; fastest probe runtime,
european,cpp,none,50000,e2-standard-4,0.7851704000074733,3.925852000037367e-05,,selected_both,top-3 probe Pareto; diversity guard; fastest probe runtime,
european,jax,none,10000,n2d-standard-4,0.7852899999988949,7.852899999988949e-06,,selected_old,within 1.5x safety margin; diversity guard,
european,jax,none,10000,e2-standard-8,0.7923135999931219,7.92313599993122e-06,,selected_both,diversity guard,
european,jax,none,10000,,0.799038799959817,,,,,
european,jax,none,10000,t2d-standard-4,0.8170866000057231,3.860280248027038e-08,71957930.49474788,selected,diversity guard,
european,jax,none,10000,n2d-standard-4,0.8196116000021902,8.196116000021902e-06,,selected_both,diversity guard,
european,jax,none,10000,n2-standard-4,0.8511893999951781,4.589329514974002e-08,60526875.84786584,selected_both,diversity guard,
european,cpu,none,50000,c2d-standard-4,0.89722219999544,4.4861109999772e-05,,selected_old,diversity guard,
european,cpu,none,50000,c2d-standard-4,0.8978094000013925,4.4890470000069624e-05,,selected_old,top-3 probe Pareto; diversity guard; fastest probe runtime,
european,jax,none,50000,c2d-standard-4,0.9056388000033166,4.5281940000165836e-05,,selected_both,within 1.5x safety margin; diversity guard,
european,jax,none,10000,e2-standard-8,0.9171187999982067,9.171187999982067e-06,,selected_both,diversity guard,
european,jax,none,10000,e2-standard-4,0.9260131999951682,9.260131999951682e-06,,selected_both,diversity guard,
european,jax,none,10000,e2-standard-8,0.931111199992074,9.31111199992074e-06,,selected,within 1.5x safety margin; diversity guard,
european,jax,none,10000,n2-standard-4,0.9463169999946786,5.102225824971309e-08,54442470.26822648,selected_old,diversity guard,
european,jax,none,50000,c2d-standard-4,0.9514196000054653,4.757098000027327e-05,,selected_both,diversity guard,
european,cpu,none,50000,t2d-standard-4,0.9795067999959883,4.627625459536603e-08,300129926.467292,selected_old,diversity guard,
european,cpu,none,50000,n2d-standard-4,0.9898808000002647,4.9494040000013234e-05,,selected_both,top-3 probe Pareto; diversity guard; fastest probe runtime,
european,cpu,none,50000,,0.9952643999895372,,,,,
european,cpu,none,50000,e2-standard-8,1.008345799999688,5.041728999998441e-05,,selected_both,top-3 probe Pareto; diversity guard; fastest probe runtime,
european,cpp,none,100000,c2d-standard-4,1.015005400003588,0.0001015005400003588,,selected_both,top-3 probe Pareto; diversity guard; fastest probe runtime,
european,cpu,none,50000,t2d-standard-4,1.0234914000079698,4.83542825870432e-08,287231826.1342687,selected,top-3 probe Pareto; diversity guard; fastest probe runtime,
european,cpu,none,50000,e2-standard-8,1.0378901999956724,5.1894509999783624e-05,,selected_both,top-3 probe Pareto; diversity guard; fastest probe runtime,
european,cpu,none,50000,e2-standard-8,1.0484722000001057,5.2423610000005283e-05,,selected_old,diversity guard,
european,jax,none,10000,e2-standard-4,1.0552462000021023,1.0552462000021024e-05,,selected_both,diversity guard,
european,cpu,none,50000,t2d-standard-4,1.0649368000002823,5.031234748445778e-08,276053286.7837138,selected_both,top-3 probe Pareto; diversity guard; fastest probe runtime,
european,cpp,none,100000,n2-standard-4,1.0661419999905775,5.74828228328253e-08,483236146.1886212,selected_both,top-3 probe Pareto; diversity guard; fastest probe runtime,
european,cpp,none,100000,n2d-standard-4,1.071471600005225,0.00010714716000052248,,selected_both,top-3 probe Pareto; diversity guard; fastest probe runtime,
european,cpu,none,50000,n2d-standard-4,1.0775058000035642,5.387529000017821e-05,,selected_old,diversity guard,
european,cpu,none,50000,,1.086165800006711,5.430829000033555e-05,,selected,diversity guard,
european,jax,none,10000,e2-standard-8,1.0904127999992852,1.0904127999992852e-05,,selected_old,diversity guard,
european,cpp,none,100000,,1.111659200023496,0.0001111659200023496,,selected,top-3 probe Pareto; diversity guard; fastest probe runtime,
european,jax,none,10000,e2-standard-4,1.1279158000093048,1.1279158000093049e-05,,selected_old,diversity guard,
european,jax,none,50000,t2d-standard-4,1.1322766000006368,5.3493778924474534e-08,259635590.68238547,selected_both,diversity guard,
european,jax,none,50000,n2d-standard-4,1.1557949999996708,5.7789749999983544e-05,,selected_both,diversity guard,
european,jax,none,50000,n2d-standard-4,1.1617924000006496,5.808962000003248e-05,,selected_old,within 1.5x safety margin; diversity guard,
european,jax,none,50000,,1.1731680000139022,,,,,
european,jax,none,50000,t2d-standard-4,1.1753738000010117,5.552988219560336e-08,250115583.53330272,selected_old,within 1.5x safety margin; diversity guard,
european,cpu,none,50000,n2-standard-4,1.183714399999758,6.382193473332028e-08,217619364.67334563,selected_both,top-3 probe Pareto; diversity guard; fastest probe runtime,
european,cpu,none,50000,n2-standard-4,1.1857904000009967,6.393386573338706e-08,217238371.7075305,selected_old,diversity guard,
european,jax,none,50000,t2d-standard-4,1.2274321999996118,5.798935238220389e-08,239507570.2406222,selected,diversity guard,
european,jax,none,50000,,1.3879705999897851,6.939852999948926e-05,,selected,diversity guard,
european,jax,forward,10000,c2d-standard-4,1.431235600000491,1.4312356000004911e-05,,full_grid_only,dominated or outside 1.5x margin (score=1.20 vs best=0.07),
european,cpu,none,50000,e2-standard-4,1.451665999996976,7.258329999984881e-05,,selected_old,diversity guard,
european,cpu,none,50000,e2-standard-8,1.4541987999962203,7.270993999981102e-05,,selected,top-3 probe Pareto; diversity guard; fastest probe runtime,
european,jax,none,100000,c2d-standard-4,1.4686019999970767,0.00014686019999970767,,selected_both,within 1.5x safety margin; diversity guard,
european,cpu,none,50000,e2-standard-4,1.5432140000029904,7.716070000014952e-05,,selected_both,top-3 probe Pareto; diversity guard; fastest probe runtime,
european,cpp,none,100000,e2-standard-4,1.5615410000066277,0.00015615410000066276,,selected_both,top-3 probe Pareto; diversity guard; fastest probe runtime,
european,jax,none,50000,n2-standard-4,1.5828780000049392,8.534350550026629e-08,162741017.11049998,selected_both,diversity guard,
european,jax,none,100000,t2d-standard-4,1.6269829999970398,7.68659079554157e-08,361379687.2586171,selected_both,diversity guard,
european,jax,none,50000,n2-standard-4,1.668796400008432,8.997593923378796e-08,154362255.14468762,selected_old,diversity guard,
european,jax,forward,10000,t2d-standard-4,1.6764798000025394,7.92043567734533e-08,35071022.490883954,full_grid_only,dominated or outside 1.5x margin (score=1.36 vs best=0.09),
european,jax,none,50000,e2-standard-8,1.6778827999985424,8.389413999992712e-05,,selected_both,diversity guard,
european,jax,none,50000,e2-standard-4,1.6861405999918588,8.430702999959294e-05,,selected_both,diversity guard,
european,cpu,none,50000,e2-standard-4,1.6887349999961998,8.443674999981e-05,,selected_both,top-3 probe Pareto; diversity guard; fastest probe runtime,
european,cpu,none,100000,c2d-standard-4,1.6890758000016604,0.00016890758000016602,,selected_old,top-3 probe Pareto; diversity guard; fastest probe runtime,
european,jax,none,100000,t2d-standard-4,1.6954995999981293,8.010293665768939e-08,346776022.6629753,selected_old,within 1.5x safety margin; diversity guard,
european,cpu,none,100000,c2d-standard-4,1.7017071999987365,0.00017017071999987367,,selected_old,diversity guard,
european,jax,none,50000,e2-standard-8,1.704138799999555,8.520693999997776e-05,,selected,within 1.5x safety margin; diversity guard,
european,jax,forward,10000,n2d-standard-4,1.7091361999973742,1.7091361999973742e-05,,full_grid_only,dominated or outside 1.5x margin (score=1.46 vs best=0.08),
european,jax,reverse,10000,c2d-standard-4,1.7238899999995283,1.7238899999995282e-05,,full_grid_only,dominated or outside 1.5x margin (score=1.71 vs best=0.07),
european,jax,forward,10000,t2d-standard-4,1.7765246000038815,8.393091776907226e-08,33096001.46897669,full_grid_only,dominated or outside 1.5x margin (score=1.32 vs best=0.02),
european,jax,forward,10000,c2d-standard-4,1.7931020000048647,1.7931020000048646e-05,,full_grid_only,dominated or outside 1.5x margin (score=1.15 vs best=0.02),
european,jax,none,100000,,1.805129800004579,,,,,
european,jax,none,100000,,1.8395945999145624,0.00018395945999145625,,selected,diversity guard,
european,cpu,none,100000,,1.8475773999853118,0.00018475773999853117,,selected,diversity guard,
european,cpu,none,100000,,1.851855200038699,,,,,
european,cpu,none,100000,n2d-standard-4,1.8591596000021582,0.00018591596000021583,,selected_both,top-3 probe Pareto; diversity guard; fastest probe runtime,
european,cpu,none,100000,t2d-standard-4,1.8652588000009018,8.812311575115372e-08,315215565.64361614,selected_old,diversity guard,
european,cpu,none,100000,t2d-standard-4,1.8715095999993991,8.841843132441606e-08,314162752.7393959,selected_both,top-3 probe Pareto; diversity guard; fastest probe runtime,
european,jax,forward,10000,n2d-standard-4,1.8839133999961177,1.8839133999961176e-05,,full_grid_only,dominated or outside 1.5x margin (score=1.89 vs best=0.02),
european,cpu,none,100000,t2d-standard-4,1.895605799995792,8.955684290646787e-08,310169238.62298906,selected,top-3 probe Pareto; diversity guard; fastest probe runtime,
european,jax,reverse,10000,c2d-standard-4,1.9244860000014796,1.9244860000014796e-05,,full_grid_only,dominated or outside 1.5x margin (score=1.67 vs best=0.02),
european,cpu,none,100000,e2-standard-8,1.9395933999931003,0.00019395933999931004,,selected_both,top-3 probe Pareto; diversity guard; fastest probe runtime,
european,jax,forward,10000,t2d-standard-4,1.942413599988413,9.176825141278592e-08,30269485.742764786,full_grid_only,dominated or outside 1.5x margin (score=1.86 vs best=0.08),
european,jax,none,100000,c2d-standard-4,1.9875391999988776,0.00019875391999988777,,selected_both,diversity guard,
european,cpu,none,100000,n2-standard-4,1.9959388000046372,1.0761436696691667e-07,258123320.8974537,selected_both,top-3 probe Pareto; diversity guard; fastest probe runtime,
european,cpu,none,100000,n2d-standard-4,2.007949400012876,0.00020079494000128763,,selected_old,diversity guard,
european,jax,reverse,10000,t2d-standard-4,2.021079000002146,9.548475453343473e-08,29091322.393305387,full_grid_only,dominated or outside 1.5x margin (score=1.96 vs best=0.02),
european,cpu,none,100000,n2-standard-4,2.047365200007789,1.1038710703375328e-07,251639693.47692126,selected_old,diversity guard,
european,jax,none,50000,e2-standard-8,2.052179800000431,0.00010260899000002155,,selected_both,diversity guard,
european,jax,forward,10000,,2.0784859999821492,2.078485999982149e-05,,full_grid_only,dominated or outside 1.5x margin (score=2.04 vs best=0.02),
european,cpu,none,100000,e2-standard-8,2.0794130000012956,0.00020794130000012956,,selected_old,diversity guard,
european,jax,none,100000,t2d-standard-4,2.1047312000007423,9.943685624892396e-08,279350925.0558026,selected,diversity guard,
european,jax,forward,50000,c2d-standard-4,2.1058209999978317,0.00010529104999989158,,full_grid_only,dominated or outside 1.5x margin (score=1.15 vs best=0.02),
european,jax,forward,50000,c2d-standard-4,2.1077648000016325,0.00010538824000008163,,full_grid_only,dominated or outside 1.5x margin (score=1.20 vs best=0.07),
european,jax,none,50000,e2-standard-8,2.1100368000077196,0.00010550184000038599,,selected_old,diversity guard,
european,jax,forward,10000,,2.141345000063666,,,,,
european,jax,reverse,10000,t2d-standard-4,2.1463133999986894,1.0140138418660476e-07,27393884.216274094,full_grid_only,dominated or outside 1.5x margin (score=2.68 vs best=0.09),
european,jax,reverse,10000,n2d-standard-4,2.163906600000587,2.163906600000587e-05,,full_grid_only,dominated or outside 1.5x margin (score=2.23 vs best=0.08),
european,jax,forward,50000,t2d-standard-4,2.2280276000003596,1.0526192616890588e-07,131945988.39662534,full_grid_only,dominated or outside 1.5x margin (score=1.36 vs best=0.09),
european,jax,none,50000,e2-standard-4,2.2392265999997107,0.00011196132999998554,,selected_both,diversity guard,
european,jax,reverse,10000,n2d-standard-4,2.26541099999622,2.2654109999962203e-05,,full_grid_only,dominated or outside 1.5x margin (score=2.62 vs best=0.02),
european,jax,none,50000,e2-standard-4,2.2702190000018163,0.00011351095000009082,,selected_old,diversity guard,
european,jax,forward,10000,e2-standard-8,2.297736200003442,2.2977362000034417e-05,,full_grid_only,dominated or outside 1.5x margin (score=1.82 vs best=0.11),
european,cpu,none,100000,e2-standard-8,2.3152259999989155,0.00023152259999989158,,selected_both,top-3 probe Pareto; diversity guard; fastest probe runtime,
european,jax,none,100000,e2-standard-8,2.374599799986754,0.0002374599799986754,,selected,within 1.5x safety margin; diversity guard,
european,jax,none,100000,n2d-standard-4,2.375900199999137,0.0002375900199999137,,selected_old,within 1.5x safety margin; diversity guard,
european,jax,reverse,10000,,2.4612242000330298,,,,,
european,jax,reverse,50000,c2d-standard-4,2.4720189999982267,0.00012360094999991133,,full_grid_only,dominated or outside 1.5x margin (score=1.71 vs best=0.07),
european,jax,reverse,10000,e2-standard-8,2.479863999994336,2.4798639999943363e-05,,full_grid_only,dominated or outside 1.5x margin (score=2.18 vs best=0.11),
european,jax,forward,50000,t2d-standard-4,2.535096200003295,1.1976921158237792e-07,115963766.52555683,full_grid_only,dominated or outside 1.5x margin (score=1.32 vs best=0.02),
european,jax,none,100000,e2-standard-8,2.5525384000019358,0.0002552538400001936,,selected_both,diversity guard,
european,jax,reverse,10000,,2.558452999937799,2.558452999937799e-05,,full_grid_only,dominated or outside 1.5x margin (score=2.32 vs best=0.02),
european,jax,forward,10000,e2-standard-8,2.570468999994091,2.5704689999940912e-05,,full_grid_only,dominated or outside 1.5x margin (score=1.96 vs best=0.15),
european,jax,reverse,10000,t2d-standard-4,2.585292000003392,1.2214068426682692e-07,22742444.865541127,full_grid_only,dominated or outside 1.5x margin (score=2.00 vs best=0.08),
european,jax,forward,10000,n2-standard-4,2.5883691999922576,1.3955623936624921e-07,19904361.069001157,full_grid_only,dominated or outside 1.5x margin (score=2.15 vs best=0.03),
european,jax,none,100000,n2-standard-4,2.6348545999979933,1.4206257718322513e-07,195531985.47110265,selected_both,diversity guard,
european,jax,none,100000,n2-standard-4,2.645591600003172,1.4264148043350435e-07,194738428.77512082,selected_old,diversity guard,
european,jax,none,100000,n2d-standard-4,2.6646672000083527,0.00026646672000083524,,selected_both,diversity guard,
european,jax,forward,10000,e2-standard-8,2.676123800000596,2.676123800000596e-05,,full_grid_only,dominated or outside 1.5x margin (score=2.66 vs best=0.13),
european,jax,forward,10000,e2-standard-4,2.7065684000035617,2.7065684000035616e-05,,full_grid_only,dominated or outside 1.5x margin (score=2.18 vs best=0.04),
european,jax,forward,10000,n2-standard-4,2.7139298000008694,1.463260483833802e-07,18983481.126339767,full_grid_only,dominated or outside 1.5x margin (score=1.81 vs best=0.18),
european,jax,forward,50000,,2.7615648000391957,,,,,
european,jax,none,100000,e2-standard-4,2.8105604000018047,0.0002810560400001805,,selected_both,diversity guard,
european,jax,reverse,50000,n2d-standard-4,2.824929999999881,0.00014124649999999405,,full_grid_only,dominated or outside 1.5x margin (score=2.23 vs best=0.08),
european,jax,forward,100000,c2d-standard-4,2.830325399997946,0.0002830325399997946,,full_grid_only,dominated or outside 1.5x margin (score=1.20 vs best=0.07),
european,cpu,none,100000,e2-standard-4,2.8337614000065514,0.0002833761400006551,,selected_old,diversity guard,
european,jax,reverse,10000,e2-standard-8,2.838879200004385,2.838879200004385e-05,,full_grid_only,dominated or outside 1.5x margin (score=2.94 vs best=0.13),
european,jax,reverse,10000,n2-standard-4,2.8441274000101657,1.5334586898388142e-07,18114461.09493668,full_grid_only,dominated or outside 1.5x margin (score=2.54 vs best=0.18),
european,jax,none,100000,e2-standard-8,2.863145399999212,0.00028631453999992116,,selected_old,diversity guard,
european,cpu,none,100000,e2-standard-8,2.8910949999954028,0.00028910949999954027,,selected,top-3 probe Pareto; diversity guard; fastest probe runtime,
european,jax,reverse,100000,c2d-standard-4,2.9387655999983053,0.00029387655999983057,,full_grid_only,dominated or outside 1.5x margin (score=1.71 vs best=0.07),
european,jax,reverse,10000,n2-standard-4,2.9489829999988615,1.589993334166053e-07,17470373.731061675,full_grid_only,dominated or outside 1.5x margin (score=2.81 vs best=0.03),
european,jax,forward,50000,,2.953336000064155,0.00014766680000320774,,full_grid_only,dominated or outside 1.5x margin (score=2.04 vs best=0.02),
european,jax,reverse,50000,c2d-standard-4,2.9815270000000282,0.00014907635000000141,,full_grid_only,dominated or outside 1.5x margin (score=1.67 vs best=0.02),
european,jax,forward,50000,n2d-standard-4,3.0198758000011594,0.00015099379000005797,,full_grid_only,dominated or outside 1.5x margin (score=1.46 vs best=0.08),
european,cpu,none,100000,e2-standard-4,3.029895600002419,0.0003029895600002419,,selected_both,top-3 probe Pareto; diversity guard; fastest probe runtime,
european,jax,forward,50000,t2d-standard-4,3.0754660000070544,1.4529868257811107e-07,95588539.7062865,full_grid_only,dominated or outside 1.5x margin (score=1.86 vs best=0.08),
european,jax,reverse,10000,e2-standard-4,3.076043200002232,3.076043200002232e-05,,full_grid_only,dominated or outside 1.5x margin (score=3.05 vs best=0.04),
european,jax,reverse,50000,,3.125795999994807,,,,,
european,jax,reverse,50000,t2d-standard-4,3.1522408000000723,1.4892586535111454e-07,93260420.92247576,full_grid_only,dominated or outside 1.5x margin (score=1.96 vs best=0.02),
european,jax,forward,10000,e2-standard-8,3.157322800007023,3.157322800007023e-05,,full_grid_only,dominated or outside 1.5x margin (score=2.55 vs best=0.04),
european,jax,reverse,50000,,3.203494000035789,0.00016017470000178946,,full_grid_only,dominated or outside 1.5x margin (score=2.32 vs best=0.02),
european,jax,reverse,50000,t2d-standard-4,3.2759883999972317,1.5477225196431365e-07,89737589.99185005,full_grid_only,dominated or outside 1.5x margin (score=2.68 vs best=0.09),
european,jax,forward,100000,t2d-standard-4,3.2926440000011326,1.5555913653338685e-07,178567317.84967178,full_grid_only,dominated or outside 1.5x margin (score=1.32 vs best=0.02),
european,jax,forward,10000,e2-standard-4,3.2964295999988735,3.296429599998874e-05,,full_grid_only,dominated or outside 1.5x margin (score=2.62 vs best=0.14),
european,jax,forward,100000,t2d-standard-4,3.317790799999898,1.5674718312888408e-07,177213888.1432895,full_grid_only,dominated or outside 1.5x margin (score=1.36 vs best=0.09),
european,jax,reverse,10000,e2-standard-8,3.36124859999245,3.3612485999924504e-05,,full_grid_only,dominated or outside 1.5x margin (score=2.71 vs best=0.15),
european,cpu,none,100000,e2-standard-4,3.3728935999960186,0.00033728935999960185,,selected_both,top-3 probe Pareto; diversity guard; fastest probe runtime,
european,jax,reverse,50000,t2d-standard-4,3.3940185999995265,1.6034852319108875e-07,86616880.60785803,full_grid_only,dominated or outside 1.5x margin (score=2.00 vs best=0.08),
european,jax,forward,10000,e2-standard-4,3.423459800001183,3.423459800001183e-05,,full_grid_only,dominated or outside 1.5x margin (score=2.43 vs best=0.15),
european,jax,forward,100000,n2d-standard-4,3.4386162000004106,0.00034386162000004105,,full_grid_only,dominated or outside 1.5x margin (score=1.46 vs best=0.08),
european,jax,forward,50000,n2-standard-4,3.445695599998544,1.8578042109992146e-07,74759701.83864956,full_grid_only,dominated or outside 1.5x margin (score=1.81 vs best=0.18),
european,jax,reverse,100000,n2d-standard-4,3.4744495999973424,0.00034744495999973425,,full_grid_only,dominated or outside 1.5x margin (score=2.23 vs best=0.08),
european,jax,none,100000,e2-standard-8,3.5094233999927837,0.0003509423399992784,,selected_both,diversity guard,
european,jax,none,100000,e2-standard-4,3.5350023999995983,0.0003535002399999598,,selected_both,diversity guard,
european,jax,forward,50000,n2d-standard-4,3.583078200011869,0.00017915391000059342,,full_grid_only,dominated or outside 1.5x margin (score=1.89 vs best=0.02),
european,jax,reverse,50000,e2-standard-8,3.603817200001913,0.00018019086000009565,,full_grid_only,dominated or outside 1.5x margin (score=2.94 vs best=0.13),
european,jax,forward,50000,n2-standard-4,3.689484000005905,1.9892467900031837e-07,69819838.13514994,full_grid_only,dominated or outside 1.5x margin (score=2.15 vs best=0.03),
european,jax,reverse,100000,t2d-standard-4,3.779570599996873,1.7856371323540785e-07,155562276.76088476,full_grid_only,dominated or outside 1.5x margin (score=1.96 vs best=0.02),
european,jax,reverse,10000,e2-standard-8,3.791078000000425,3.791078000000425e-05,,full_grid_only,dominated or outside 1.5x margin (score=3.16 vs best=0.04),
european,jax,forward,100000,,3.8220120000460156,0.00038220120000460157,,full_grid_only,dominated or outside 1.5x margin (score=2.04 vs best=0.02),
european,jax,forward,50000,e2-standard-8,3.838267199995471,0.00019191335999977355,,full_grid_only,dominated or outside 1.5x margin (score=2.66 vs best=0.13),
european,jax,none,100000,e2-standard-4,3.8429236000013134,0.0003842923600001314,,selected_old,diversity guard,
european,jax,reverse,100000,t2d-standard-4,3.8457622000038327,1.8169089860462552e-07,152884805.95951328,full_grid_only,dominated or outside 1.5x margin (score=2.68 vs best=0.09),
european,jax,reverse,100000,c2d-standard-4,3.847043600001143,0.0003847043600001143,,full_grid_only,dominated or outside 1.5x margin (score=1.67 vs best=0.02),
european,jax,forward,50000,e2-standard-8,3.8762023999936446,0.00019381011999968225,,full_grid_only,dominated or outside 1.5x margin (score=1.96 vs best=0.15),
european,jax,forward,50000,e2-standard-8,3.8817481999984693,0.00019408740999992346,,full_grid_only,dominated or outside 1.5x margin (score=1.82 vs best=0.11),
european,jax,reverse,100000,,3.929388400001699,0.0003929388400001699,,full_grid_only,dominated or outside 1.5x margin (score=2.32 vs best=0.02),
european,jax,reverse,100000,,3.9401590000124997,,,,,
european,jax,forward,50000,e2-standard-4,3.974237799997127,0.00019871188999985633,,full_grid_only,dominated or outside 1.5x margin (score=2.18 vs best=0.04),
european,jax,reverse,50000,n2-standard-4,4.0104186000121445,2.1622840285065478e-07,64232490.76339756,full_grid_only,dominated or outside 1.5x margin (score=2.54 vs best=0.18),
european,jax,reverse,50000,n2-standard-4,4.013647800002218,2.1640251055011958e-07,64180812.1984434,full_grid_only,dominated or outside 1.5x margin (score=2.81 vs best=0.03),
european,jax,reverse,50000,n2d-standard-4,4.073327200001131,0.00020366636000005656,,full_grid_only,dominated or outside 1.5x margin (score=2.62 vs best=0.02),
european,jax,reverse,50000,e2-standard-8,4.081193200005373,0.00020405966000026866,,full_grid_only,dominated or outside 1.5x margin (score=2.18 vs best=0.11),
european,jax,forward,100000,c2d-standard-4,4.093760000003499,0.0004093760000003499,,full_grid_only,dominated or outside 1.5x margin (score=1.15 vs best=0.02),
european,jax,reverse,50000,e2-standard-8,4.2141695999987405,0.00021070847999993703,,full_grid_only,dominated or outside 1.5x margin (score=2.71 vs best=0.15),
european,jax,forward,100000,t2d-standard-4,4.2796462000012525,2.0218950713783695e-07,137384863.19589803,full_grid_only,dominated or outside 1.5x margin (score=1.86 vs best=0.08),
european,jax,reverse,10000,e2-standard-4,4.465187799999626,4.465187799999626e-05,,full_grid_only,dominated or outside 1.5x margin (score=3.62 vs best=0.14),
european,jax,reverse,10000,e2-standard-4,4.5208853999952225,4.520885399995223e-05,,full_grid_only,dominated or outside 1.5x margin (score=3.65 vs best=0.15),
european,jax,reverse,50000,e2-standard-4,4.633302399997774,0.0002316651199998887,,full_grid_only,dominated or outside 1.5x margin (score=3.05 vs best=0.04),
european,jax,forward,100000,n2d-standard-4,4.639061799997535,0.0004639061799997535,,full_grid_only,dominated or outside 1.5x margin (score=1.89 vs best=0.02),
european,jax,forward,100000,e2-standard-8,4.663490000001502,0.00046634900000015023,,full_grid_only,dominated or outside 1.5x margin (score=1.96 vs best=0.15),
european,jax,reverse,100000,n2d-standard-4,4.742451399999936,0.0004742451399999936,,full_grid_only,dominated or outside 1.5x margin (score=2.62 vs best=0.02),
european,jax,forward,50000,e2-standard-4,4.839118200010262,0.00024195591000051306,,full_grid_only,dominated or outside 1.5x margin (score=2.43 vs best=0.15),
european,jax,forward,100000,e2-standard-8,4.840193199999021,0.0004840193199999021,,full_grid_only,dominated or outside 1.5x margin (score=2.66 vs best=0.13),
european,jax,forward,100000,e2-standard-8,4.940224599999965,0.0004940224599999964,,full_grid_only,dominated or outside 1.5x margin (score=1.82 vs best=0.11),
european,jax,forward,100000,n2-standard-4,5.112509600002113,2.7564947593344726e-07,100772104.44065721,full_grid_only,dominated or outside 1.5x margin (score=2.15 vs best=0.03),
european,jax,forward,100000,,5.129987000054825,,,,,
european,jax,forward,100000,n2-standard-4,5.132695000003196,2.7673780541683895e-07,100375796.99650083,full_grid_only,dominated or outside 1.5x margin (score=1.81 vs best=0.18),
european,jax,reverse,100000,e2-standard-8,5.15179020000005,0.0005151790200000051,,full_grid_only,dominated or outside 1.5x margin (score=2.71 vs best=0.15),
european,jax,reverse,100000,t2d-standard-4,5.23565200000462,2.4735547004466277e-07,112299023.6389848,full_grid_only,dominated or outside 1.5x margin (score=2.00 vs best=0.08),
european,jax,reverse,100000,e2-standard-8,5.318841399997609,0.0005318841399997609,,full_grid_only,dominated or outside 1.5x margin (score=2.94 vs best=0.13),
european,jax,forward,100000,e2-standard-4,5.321213400003444,0.0005321213400003445,,full_grid_only,dominated or outside 1.5x margin (score=2.18 vs best=0.04),
european,jax,forward,50000,e2-standard-8,5.334377399998402,0.00026671886999992013,,full_grid_only,dominated or outside 1.5x margin (score=2.55 vs best=0.04),
european,jax,reverse,50000,e2-standard-4,5.418950600005701,0.00027094753000028504,,full_grid_only,dominated or outside 1.5x margin (score=3.65 vs best=0.15),
european,jax,reverse,100000,n2-standard-4,5.457482799994295,2.942492809663591e-07,94402194.24343659,full_grid_only,dominated or outside 1.5x margin (score=2.54 vs best=0.18),
european,jax,reverse,100000,e2-standard-8,5.48093280000046,0.000548093280000046,,full_grid_only,dominated or outside 1.5x margin (score=2.18 vs best=0.11),
european,jax,forward,100000,e2-standard-8,5.616185800010953,0.0005616185800010953,,full_grid_only,dominated or outside 1.5x margin (score=2.55 vs best=0.04),
european,jax,reverse,100000,e2-standard-4,5.679555199998276,0.0005679555199998276,,full_grid_only,dominated or outside 1.5x margin (score=3.05 vs best=0.04),
european,jax,reverse,100000,n2-standard-4,5.701658599986104,3.074144261825841e-07,90359382.68323034,full_grid_only,dominated or outside 1.5x margin (score=2.81 vs best=0.03),
european,jax,reverse,50000,e2-standard-8,5.72830259999364,0.000286415129999682,,full_grid_only,dominated or outside 1.5x margin (score=3.16 vs best=0.04),
european,jax,forward,50000,e2-standard-4,5.765850199998113,0.00028829250999990564,,full_grid_only,dominated or outside 1.5x margin (score=2.62 vs best=0.14),
european,jax,reverse,50000,e2-standard-4,6.232115599996746,0.0003116057799998373,,full_grid_only,dominated or outside 1.5x margin (score=3.62 vs best=0.14),
european,jax,forward,100000,e2-standard-4,6.685419200010756,0.0006685419200010756,,full_grid_only,dominated or outside 1.5x margin (score=2.43 vs best=0.15),
european,jax,reverse,100000,e2-standard-4,6.904680199994573,0.0006904680199994572,,full_grid_only,dominated or outside 1.5x margin (score=3.65 vs best=0.15),
european,jax,reverse,100000,e2-standard-4,7.137110000005009,0.0007137110000005009,,full_grid_only,dominated or outside 1.5x margin (score=3.62 vs best=0.14),
european,jax,forward,100000,e2-standard-4,7.511074800001438,0.0007511074800001439,,full_grid_only,dominated or outside 1.5x margin (score=2.62 vs best=0.14),
european,jax,reverse,100000,e2-standard-8,7.853863199994749,0.000785386319999475,,full_grid_only,dominated or outside 1.5x margin (score=3.16 vs best=0.04),
european_local_vol,rust,none,10000,e2-standard-8,23.652395199997045,0.00023652395199997046,,selected_both,top-3 probe Pareto; diversity guard; fastest probe runtime,
european_local_vol,cpp,none,10000,e2-standard-8,29.304585199997746,0.0002930458519999775,,selected_both,within 1.5x safety margin; diversity guard,
european_local_vol,rust,none,10000,c2d-standard-4,42.78775079999946,0.00042787750799999456,,selected_both,top-3 probe Pareto; diversity guard; fastest probe runtime,
european_local_vol,rust,none,10000,t2d-standard-4,44.304836200007,2.093157372471442e-06,1327075.4575409624,selected_both,within 1.5x safety margin; diversity guard,
european_local_vol,rust,none,10000,n2d-standard-4,45.76866939999604,0.0004576866939999604,,selected_both,top-3 probe Pareto; diversity guard; fastest probe runtime,
european_local_vol,cpp,none,10000,t2d-standard-4,47.09472439999445,2.22496409054196e-06,1248459.5996788258,selected_both,top-3 probe Pareto; diversity guard; fastest probe runtime,
european_local_vol,rust,none,10000,n2-standard-4,49.244943599990165,2.6551232090994696e-06,1046195.43389096,selected_both,top-3 probe Pareto; diversity guard; fastest probe runtime,
european_local_vol,rust,none,10000,,49.447168199912994,0.0004944716819991299,,selected,within 1.5x safety margin; diversity guard,
european_local_vol,cpp,none,10000,c2d-standard-4,53.52252280000016,0.0005352252280000016,,selected_both,within 1.5x safety margin; diversity guard,
european_local_vol,cpp,none,10000,n2d-standard-4,57.7081354000029,0.0005770813540000291,,selected_both,within 1.5x safety margin; diversity guard,
european_local_vol,cpp,none,10000,n2-standard-4,60.3510263999965,3.2539261733998113e-06,853669.5763061711,selected_both,within 1.5x safety margin; diversity guard,
european_local_vol,cpp,none,10000,,60.83712219997324,0.0006083712219997323,,selected,top-3 probe Pareto; diversity guard; fastest probe runtime,
european_local_vol,rust,none,10000,e2-standard-4,62.00816840000698,0.0006200816840000698,,selected_both,top-3 probe Pareto; diversity guard; fastest probe runtime,
european_local_vol,cpu,none,10000,n2-standard-4,75.36376119999204,4.063362791366238e-06,683615.497902366,selected_old,diversity guard,
european_local_vol,jax,none,10000,c2d-standard-4,75.40125559999638,0.0007540125559999638,,selected_both,top-3 probe Pareto; diversity guard; fastest probe runtime,
european_local_vol,jax,none,10000,c2d-standard-4,76.66052639999634,0.0007666052639999634,,selected_both,within 1.5x safety margin; diversity guard,
european_local_vol,cpu,none,10000,n2-standard-4,76.73185400000193,4.137125794833437e-06,671426.9557011651,selected_old,diversity guard,
european_local_vol,cpp,none,10000,e2-standard-4,81.50373180001225,0.0008150373180001224,,selected_both,within 1.5x safety margin; diversity guard,
european_local_vol,jax,none,10000,t2d-standard-4,81.67199099999891,3.858547841466616e-06,719902.3808713377,selected_both,top-3 probe Pareto; diversity guard; fastest probe runtime,
european_local_vol,jax,none,10000,t2d-standard-4,82.5477142000068,3.8999208975380985e-06,712265.1588988135,selected_both,within 1.5x safety margin; diversity guard,
european_local_vol,jax,none,10000,e2-standard-8,82.78225999999904,0.0008278225999999904,,selected_both,top-3 probe Pareto; diversity guard; fastest probe runtime,
european_local_vol,jax,none,10000,e2-standard-8,83.39405719999888,0.0008339405719999889,,selected_both,top-3 probe Pareto; diversity guard; fastest probe runtime,
european_local_vol,jax,none,10000,t2d-standard-4,84.96479060000297,4.014114329235696e-06,692002.6561143509,selected,top-3 probe Pareto; diversity guard; fastest probe runtime,
european_local_vol,jax,none,10000,e2-standard-8,86.86433199999328,0.0008686433199999328,,selected_both,diversity guard,
european_local_vol,jax,none,10000,,87.03780519995234,0.0008703780519995234,,selected,within 1.5x safety margin; diversity guard,
european_local_vol,jax,none,10000,,87.47318859996085,,,,,
european_local_vol,jax,none,10000,n2d-standard-4,88.76387640000019,0.0008876387640000019,,selected_both,top-3 probe Pareto; diversity guard; fastest probe runtime,
european_local_vol,cpu,none,10000,c2d-standard-4,89.09651580000002,0.0008909651580000002,,selected_old,diversity guard,
european_local_vol,jax,none,10000,n2d-standard-4,91.9006338000031,0.0009190063380000311,,selected_both,within 1.5x safety margin; diversity guard,
european_local_vol,cpu,none,10000,c2d-standard-4,93.7089157999992,0.000937089157999992,,selected_old,diversity guard,
european_local_vol,cpu,none,10000,t2d-standard-4,97.23356499999909,4.593745759777735e-06,604686.8771231646,selected_old,diversity guard,
european_local_vol,cpu,none,10000,n2d-standard-4,97.61845559999927,0.0009761845559999926,,selected_old,diversity guard,
european_local_vol,cpu,none,10000,t2d-standard-4,98.16960119999862,4.637968270026602e-06,598921.2551818182,selected_old,diversity guard,
european_local_vol,cpu,none,10000,n2d-standard-4,98.77228000000287,0.0009877228000000286,,selected_old,diversity guard,
european_local_vol,cpu,none,10000,e2-standard-8,98.87093979999975,0.0009887093979999975,,selected_old,diversity guard,
european_local_vol,cpu,none,10000,t2d-standard-4,99.34618340000725,4.693555242409232e-06,591828.0779309474,selected,diversity guard,
european_local_vol,cpu,none,10000,e2-standard-8,99.34870440000054,0.0009934870440000054,,selected_old,diversity guard,
european_local_vol,cpu,none,10000,,102.57394739992378,0.0010257394739992378,,selected,diversity guard,
european_local_vol,cpu,none,10000,e2-standard-8,105.27812760000188,0.0010527812760000187,,selected_old,diversity guard,
european_local_vol,cpu,none,10000,,114.55702280004516,,,,,
european_local_vol,jax,none,10000,n2-standard-4,115.12066999999888,6.206922790833273e-06,447528.97230817075,selected_both,top-3 probe Pareto; diversity guard; fastest probe runtime,
european_local_vol,rust,none,50000,e2-standard-8,116.44392899999048,0.005822196449999524,,selected_both,top-3 probe Pareto; diversity guard; fastest probe runtime,
european_local_vol,jax,none,10000,n2-standard-4,116.9850092000047,6.307441746033587e-06,440396.89776359394,selected_both,within 1.5x safety margin; diversity guard,
european_local_vol,jax,none,10000,e2-standard-8,117.80194599999163,0.0011780194599999164,,selected,top-3 probe Pareto; diversity guard; fastest probe runtime,
european_local_vol,jax,none,10000,e2-standard-4,137.96244819999401,0.0013796244819999403,,selected_both,within 1.5x safety margin; diversity guard,
european_local_vol,jax,none,10000,e2-standard-4,141.198534199998,0.00141198534199998,,selected_both,top-3 probe Pareto; diversity guard; fastest probe runtime,
european_local_vol,cpu,none,10000,e2-standard-8,146.17425780000417,0.0014617425780000417,,selected,diversity guard,
european_local_vol,cpp,none,50000,e2-standard-8,146.44596520000164,0.007322298260000082,,selected_both,within 1.5x safety margin; diversity guard,
european_local_vol,cpu,none,10000,e2-standard-4,146.84535099999607,0.0014684535099999607,,selected_old,diversity guard,
european_local_vol,jax,none,10000,e2-standard-4,147.19900759999973,0.0014719900759999974,,selected_both,top-3 probe Pareto; diversity guard; fastest probe runtime,
european_local_vol,cpu,none,10000,e2-standard-4,149.60393679999697,0.0014960393679999697,,selected_old,diversity guard,
european_local_vol,cpu,none,10000,e2-standard-4,151.77604360000316,0.0015177604360000316,,selected_old,diversity guard,
european_local_vol,jax,reverse,10000,c2d-standard-4,158.77302540000073,0.0015877302540000073,,full_grid_only,dominated or outside 1.5x margin (score=15.26 vs best=4.06),
european_local_vol,jax,reverse,10000,c2d-standard-4,159.2841662000012,0.001592841662000012,,full_grid_only,dominated or outside 1.5x margin (score=17.16 vs best=4.29),
european_local_vol,jax,reverse,10000,t2d-standard-4,168.1378038000048,7.943577130640228e-06,349688.52597443055,full_grid_only,dominated or outside 1.5x margin (score=20.96 vs best=4.74),
european_local_vol,jax,reverse,10000,t2d-standard-4,170.92355839999414,8.07518855907528e-06,343989.21554048173,full_grid_only,dominated or outside 1.5x margin (score=19.14 vs best=4.50),
european_local_vol,jax,reverse,10000,e2-standard-8,175.17208239999604,0.0017517208239999605,,full_grid_only,dominated or outside 1.5x margin (score=21.88 vs best=6.71),
european_local_vol,jax,reverse,10000,e2-standard-8,175.74033739999777,0.0017574033739999777,,full_grid_only,dominated or outside 1.5x margin (score=23.89 vs best=5.75),
european_local_vol,jax,reverse,10000,n2d-standard-4,179.51212039999973,0.0017951212039999974,,full_grid_only,dominated or outside 1.5x margin (score=20.63 vs best=4.50),
european_local_vol,jax,reverse,10000,e2-standard-8,179.5297135999931,0.001795297135999931,,full_grid_only,dominated or outside 1.5x margin (score=23.00 vs best=2.60),
european_local_vol,jax,reverse,10000,t2d-standard-4,179.88432139998167,8.498534828808023e-06,326853.7264049055,full_grid_only,dominated or outside 1.5x margin (score=21.55 vs best=4.86),
european_local_vol,jax,reverse,10000,,190.97021939992374,,,,,
european_local_vol,jax,reverse,10000,n2d-standard-4,193.43511839999792,0.0019343511839999793,,full_grid_only,dominated or outside 1.5x margin (score=21.79 vs best=4.75),
european_local_vol,jax,reverse,10000,,208.020392599974,0.00208020392599974,,full_grid_only,dominated or outside 1.5x margin (score=19.19 vs best=5.92),
european_local_vol,jax,none,50000,e2-standard-8,212.6967155999978,0.01063483577999989,,selected_both,top-3 probe Pareto; diversity guard; fastest probe runtime,
european_local_vol,rust,none,50000,c2d-standard-4,213.11264599999618,0.01065563229999981,,selected_both,top-3 probe Pareto; diversity guard; fastest probe runtime,
european_local_vol,jax,none,50000,e2-standard-8,213.4851464000036,0.010674257320000179,,selected_both,top-3 probe Pareto; diversity guard; fastest probe runtime,
european_local_vol,rust,none,50000,t2d-standard-4,221.8581257999915,1.0481563898906265e-05,1325077.919940761,selected_both,within 1.5x safety margin; diversity guard,
european_local_vol,jax,none,50000,e2-standard-8,223.57197659999883,0.011178598829999942,,selected_both,diversity guard,
european_local_vol,rust,none,50000,n2d-standard-4,229.9233720000018,0.011496168600000089,,selected_both,top-3 probe Pareto; diversity guard; fastest probe runtime,
european_local_vol,cpp,none,50000,t2d-standard-4,235.75622980000617,1.113817210121807e-05,1246963.0351078883,selected_both,top-3 probe Pareto; diversity guard; fastest probe runtime,
european_local_vol,rust,none,100000,e2-standard-8,235.84706520001646,0.023584706520001646,,selected_both,top-3 probe Pareto; diversity guard; fastest probe runtime,
european_local_vol,rust,none,50000,,244.04222620000837,0.012202111310000418,,selected,within 1.5x safety margin; diversity guard,
european_local_vol,rust,none,50000,n2-standard-4,244.16872880000255,1.3164763961133471e-05,1055004.7786571232,selected_both,top-3 probe Pareto; diversity guard; fastest probe runtime,
european_local_vol,jax,none,50000,c2d-standard-4,265.7892861999983,0.013289464309999915,,selected_both,top-3 probe Pareto; diversity guard; fastest probe runtime,
european_local_vol,jax,reverse,10000,e2-standard-8,267.83013239999036,0.0026783013239999034,,full_grid_only,dominated or outside 1.5x margin (score=30.84 vs best=6.67),
european_local_vol,cpp,none,50000,c2d-standard-4,267.85479199999713,0.013392739599999856,,selected_both,within 1.5x safety margin; diversity guard,
european_local_vol,jax,none,50000,t2d-standard-4,272.32530760000486,1.2865857865724675e-05,1079515.1814858476,selected_both,within 1.5x safety margin; diversity guard,
european_local_vol,jax,none,50000,t2d-standard-4,272.3555531999921,1.2867286802292958e-05,1079395.2992804886,selected,top-3 probe Pareto; diversity guard; fastest probe runtime,
european_local_vol,jax,reverse,10000,n2-standard-4,275.3067910000084,1.4843624481417119e-05,187136.0853446074,full_grid_only,dominated or outside 1.5x margin (score=28.46 vs best=4.98),
european_local_vol,jax,reverse,10000,n2-standard-4,277.0405930000038,1.4937105305916872e-05,185964.932353891,full_grid_only,dominated or outside 1.5x margin (score=29.98 vs best=6.03),
european_local_vol,jax,none,50000,c2d-standard-4,277.08741479999617,0.01385437073999981,,selected_both,within 1.5x safety margin; diversity guard,
european_local_vol,jax,none,50000,t2d-standard-4,279.63778979999745,1.3211332024773214e-05,1051286.0370812842,selected_both,top-3 probe Pareto; diversity guard; fastest probe runtime,
european_local_vol,cpp,none,50000,n2d-standard-4,286.7542743999934,0.01433771371999967,,selected_both,within 1.5x safety margin; diversity guard,
european_local_vol,cpp,none,100000,e2-standard-8,293.7971839999932,0.02937971839999932,,selected_both,within 1.5x safety margin; diversity guard,
european_local_vol,jax,none,50000,n2d-standard-4,298.2246105999991,0.014911230529999955,,selected_both,top-3 probe Pareto; diversity guard; fastest probe runtime,
european_local_vol,cpp,none,50000,n2-standard-4,301.26760800000056,1.624334519800003e-05,855051.0205618831,selected_both,within 1.5x safety margin; diversity guard,
european_local_vol,jax,none,50000,e2-standard-8,303.07332120000865,0.015153666060000433,,selected,top-3 probe Pareto; diversity guard; fastest probe runtime,
european_local_vol,rust,none,50000,e2-standard-4,309.61956540000983,0.015480978270000492,,selected_both,top-3 probe Pareto; diversity guard; fastest probe runtime,
european_local_vol,jax,reverse,10000,e2-standard-4,312.194283000008,0.0031219428300000803,,full_grid_only,dominated or outside 1.5x margin (score=30.14 vs best=6.44),
european_local_vol,jax,reverse,10000,e2-standard-4,318.0809332000024,0.0031808093320000235,,full_grid_only,dominated or outside 1.5x margin (score=32.24 vs best=6.66),
european_local_vol,jax,reverse,10000,e2-standard-4,320.0406897999983,0.003200406897999983,,full_grid_only,dominated or outside 1.5x margin (score=34.14 vs best=6.62),
european_local_vol,jax,none,50000,,322.28466679998746,,,,,
european_local_vol,jax,none,50000,n2d-standard-4,344.3444432000035,0.017217222160000174,,selected_both,within 1.5x safety margin; diversity guard,
european_local_vol,jax,none,50000,,364.3171082000208,0.01821585541000104,,selected,within 1.5x safety margin; diversity guard,
european_local_vol,cpp,none,50000,,382.1981216000495,0.019109906080002476,,selected,top-3 probe Pareto; diversity guard; fastest probe runtime,
european_local_vol,jax,forward,10000,c2d-standard-4,389.74355919999937,0.0038974355919999936,,full_grid_only,dominated or outside 1.5x margin (score=34.49 vs best=4.06),
european_local_vol,jax,none,100000,e2-standard-8,394.1426696000008,0.039414266960000076,,selected_both,top-3 probe Pareto; diversity guard; fastest probe runtime,
european_local_vol,jax,forward,10000,c2d-standard-4,396.164840199998,0.00396164840199998,,full_grid_only,dominated or outside 1.5x margin (score=35.09 vs best=4.29),
european_local_vol,cpp,none,50000,e2-standard-4,407.85780559999694,0.02039289027999985,,selected_both,within 1.5x safety margin; diversity guard,
european_local_vol,jax,none,100000,e2-standard-8,409.91793540000003,0.04099179354000001,,selected_both,top-3 probe Pareto; diversity guard; fastest probe runtime,
european_local_vol,jax,none,100000,e2-standard-8,411.3388375999989,0.041133883759999885,,selected_both,diversity guard,
european_local_vol,jax,none,50000,n2-standard-4,422.33599920000415,2.2770949290200223e-05,609938.9494871062,selected_both,top-3 probe Pareto; diversity guard; fastest probe runtime,
european_local_vol,rust,none,100000,c2d-standard-4,426.10431719999724,0.042610431719999724,,selected_both,top-3 probe Pareto; diversity guard; fastest probe runtime,
european_local_vol,jax,none,50000,n2-standard-4,429.3024722000041,2.3146558292783553e-05,600041.2118815545,selected_both,within 1.5x safety margin; diversity guard,
european_local_vol,jax,forward,10000,t2d-standard-4,430.43334500000014,2.0335584254888895e-05,136596.9004362375,full_grid_only,dominated or outside 1.5x margin (score=38.58 vs best=4.50),
european_local_vol,jax,forward,10000,t2d-standard-4,432.7253133999932,2.044386702863079e-05,135873.40271229582,full_grid_only,dominated or outside 1.5x margin (score=38.91 vs best=4.74),
european_local_vol,jax,forward,10000,,435.0371969999742,,,,,
european_local_vol,jax,forward,10000,,442.56623279998166,0.004425662327999816,,full_grid_only,dominated or outside 1.5x margin (score=46.50 vs best=5.92),
european_local_vol,rust,none,100000,t2d-standard-4,443.5217996000006,2.0953941021102252e-05,1325658.8700809737,selected_both,within 1.5x safety margin; diversity guard,
european_local_vol,jax,forward,10000,t2d-standard-4,452.0509337999897,2.1356895227972848e-05,130064.68159938802,full_grid_only,dominated or outside 1.5x margin (score=38.85 vs best=4.86),
european_local_vol,rust,none,100000,n2d-standard-4,456.9926136000049,0.04569926136000049,,selected_both,top-3 probe Pareto; diversity guard; fastest probe runtime,
european_local_vol,jax,forward,10000,e2-standard-8,459.87794399998734,0.004598779439999874,,full_grid_only,dominated or outside 1.5x margin (score=43.41 vs best=6.71),
european_local_vol,jax,forward,10000,e2-standard-8,463.03726919999804,0.0046303726919999805,,full_grid_only,dominated or outside 1.5x margin (score=40.97 vs best=2.60),
european_local_vol,jax,forward,10000,e2-standard-8,464.3734565999978,0.004643734565999978,,full_grid_only,dominated or outside 1.5x margin (score=41.09 vs best=5.75),
european_local_vol,jax,forward,10000,n2d-standard-4,464.98886239999706,0.004649888623999971,,full_grid_only,dominated or outside 1.5x margin (score=38.74 vs best=4.75),
european_local_vol,jax,forward,10000,n2d-standard-4,465.2951146000021,0.004652951146000021,,full_grid_only,dominated or outside 1.5x margin (score=39.39 vs best=4.50),
european_local_vol,cpp,none,100000,t2d-standard-4,471.1053092000043,2.2257108607982427e-05,1248040.7166551447,selected_both,top-3 probe Pareto; diversity guard; fastest probe runtime,
european_local_vol,jax,none,50000,e2-standard-4,483.3384775999946,0.024166923879999726,,selected_both,within 1.5x safety margin; diversity guard,
european_local_vol,rust,none,100000,n2-standard-4,488.0896415999928,2.631616650959961e-05,1055540.4324427345,selected_both,top-3 probe Pareto; diversity guard; fastest probe runtime,
european_local_vol,cpu,none,50000,,512.7442810000048,0.02563721405000024,,selected,diversity guard,
european_local_vol,jax,none,50000,e2-standard-4,513.313384599985,0.02566566922999925,,selected_both,top-3 probe Pareto; diversity guard; fastest probe runtime,
european_local_vol,jax,none,50000,e2-standard-4,520.4722449999963,0.026023612249999814,,selected_both,top-3 probe Pareto; diversity guard; fastest probe runtime,
european_local_vol,jax,none,100000,t2d-standard-4,525.0026113999922,2.4803456707475193e-05,1119915.5869837366,selected_both,within 1.5x safety margin; diversity guard,
european_local_vol,jax,none,100000,c2d-standard-4,526.980809600002,0.05269808096000019,,selected_both,top-3 probe Pareto; diversity guard; fastest probe runtime,
european_local_vol,cpu,none,50000,n2-standard-4,530.3542577999963,2.8594933733049797e-05,485711.5256342148,selected_old,diversity guard,
european_local_vol,cpu,none,50000,n2-standard-4,531.6868795999881,2.8666784258432687e-05,484494.1366174792,selected_old,diversity guard,
european_local_vol,cpp,none,100000,c2d-standard-4,534.6423386000026,0.05346423386000026,,selected_both,within 1.5x safety margin; diversity guard,
european_local_vol,jax,none,100000,t2d-standard-4,539.371798000002,2.5482320945511203e-05,1090080.3673721459,selected_both,top-3 probe Pareto; diversity guard; fastest probe runtime,
european_local_vol,cpu,none,50000,c2d-standard-4,540.4553000000021,0.027022765000000108,,selected_old,diversity guard,
european_local_vol,jax,none,100000,t2d-standard-4,541.2893680000082,2.557291547484483e-05,1086218.6521166032,selected,top-3 probe Pareto; diversity guard; fastest probe runtime,
european_local_vol,cpu,none,50000,c2d-standard-4,547.7935179999946,0.02738967589999973,,selected_old,diversity guard,
european_local_vol,rust,none,100000,,550.7693299999573,0.055076932999995734,,selected,within 1.5x safety margin; diversity guard,
european_local_vol,jax,none,100000,c2d-standard-4,553.3682641999974,0.05533682641999974,,selected_both,within 1.5x safety margin; diversity guard,
european_local_vol,cpu,none,50000,,559.3194634000156,,,,,
european_local_vol,jax,reverse,50000,c2d-standard-4,567.2844961999942,0.028364224809999714,,full_grid_only,dominated or outside 1.5x margin (score=17.16 vs best=4.29),
european_local_vol,cpu,none,50000,t2d-standard-4,573.2486912000013,2.7082815944248954e-05,512830.3097240596,selected,diversity guard,
european_local_vol,cpp,none,100000,n2d-standard-4,574.2579019999937,0.05742579019999937,,selected_both,within 1.5x safety margin; diversity guard,
european_local_vol,cpu,none,50000,t2d-standard-4,584.9927882000003,2.763765928251557e-05,502534.91972366214,selected_old,diversity guard,
european_local_vol,cpu,none,50000,t2d-standard-4,587.8625143999983,2.7773237902542145e-05,500081.7311120073,selected_old,diversity guard,
european_local_vol,cpu,none,50000,n2d-standard-4,590.5936991999937,0.029529684959999684,,selected_old,diversity guard,
european_local_vol,jax,none,100000,e2-standard-8,591.5479638000022,0.05915479638000022,,selected,top-3 probe Pareto; diversity guard; fastest probe runtime,
european_local_vol,cpu,none,50000,e2-standard-8,598.1530291999945,0.029907651459999726,,selected_old,diversity guard,
european_local_vol,jax,none,100000,n2d-standard-4,598.5918717999994,0.05985918717999993,,selected_both,top-3 probe Pareto; diversity guard; fastest probe runtime,
european_local_vol,cpp,none,100000,n2-standard-4,601.8136615999879,3.244778658793268e-05,856076.19806364,selected_both,within 1.5x safety margin; diversity guard,
european_local_vol,cpu,none,50000,e2-standard-8,602.0974937999995,0.030104874689999974,,selected_old,diversity guard,
european_local_vol,cpu,none,50000,n2d-standard-4,602.6364146000049,0.03013182073000024,,selected_old,diversity guard,
european_local_vol,jax,reverse,50000,t2d-standard-4,608.9543959999958,2.8769712131022024e-05,482760.78765184,full_grid_only,dominated or outside 1.5x margin (score=19.14 vs best=4.50),
european_local_vol,rust,none,100000,e2-standard-4,617.4959048000005,0.06174959048000005,,selected_both,top-3 probe Pareto; diversity guard; fastest probe runtime,
european_local_vol,jax,reverse,50000,e2-standard-8,627.2173181999904,0.03136086590999952,,full_grid_only,dominated or outside 1.5x margin (score=21.88 vs best=6.71),
european_local_vol,jax,reverse,50000,c2d-standard-4,629.2654260000006,0.03146327130000003,,full_grid_only,dominated or outside 1.5x margin (score=15.26 vs best=4.06),
european_local_vol,jax,reverse,50000,t2d-standard-4,630.6394190000049,2.9794208995422456e-05,466160.68548833637,full_grid_only,dominated or outside 1.5x margin (score=20.96 vs best=4.74),
european_local_vol,jax,reverse,50000,e2-standard-8,631.6915384000083,0.03158457692000041,,full_grid_only,dominated or outside 1.5x margin (score=23.89 vs best=5.75),
european_local_vol,jax,reverse,50000,e2-standard-8,640.1567926000041,0.0320078396300002,,full_grid_only,dominated or outside 1.5x margin (score=23.00 vs best=2.60),
european_local_vol,jax,forward,10000,e2-standard-8,641.8219003999923,0.006418219003999922,,full_grid_only,dominated or outside 1.5x margin (score=61.53 vs best=6.67),
european_local_vol,jax,forward,10000,n2-standard-4,646.5268576000085,3.485857307226712e-05,79687.0764623389,full_grid_only,dominated or outside 1.5x margin (score=57.66 vs best=4.98),
european_local_vol,jax,forward,10000,n2-standard-4,651.3625176000062,3.511929574060033e-05,79095.48637578386,full_grid_only,dominated or outside 1.5x margin (score=59.08 vs best=6.03),
european_local_vol,jax,none,100000,,657.861085399918,,,,,
european_local_vol,jax,forward,10000,e2-standard-4,667.4451516000033,0.006674451516000033,,full_grid_only,dominated or outside 1.5x margin (score=61.99 vs best=6.44),
european_local_vol,cpp,none,100000,,667.8773445999013,0.06678773445999013,,selected,top-3 probe Pareto; diversity guard; fastest probe runtime,
european_local_vol,jax,none,100000,,674.3379345999983,0.06743379345999984,,selected,within 1.5x safety margin; diversity guard,
european_local_vol,cpu,none,50000,e2-standard-8,674.4430869999974,0.03372215434999987,,selected_old,diversity guard,
european_local_vol,jax,none,100000,n2d-standard-4,677.2394727999881,0.06772394727999881,,selected_both,within 1.5x safety margin; diversity guard,
european_local_vol,jax,reverse,50000,t2d-standard-4,682.7356899999927,3.2255468376444104e-05,430590.209597819,full_grid_only,dominated or outside 1.5x margin (score=21.55 vs best=4.86),
european_local_vol,jax,forward,10000,e2-standard-4,690.6052094000074,0.006906052094000074,,full_grid_only,dominated or outside 1.5x margin (score=61.66 vs best=6.66),
european_local_vol,jax,reverse,50000,n2d-standard-4,697.4506590000033,0.03487253295000017,,full_grid_only,dominated or outside 1.5x margin (score=20.63 vs best=4.50),
european_local_vol,jax,forward,10000,e2-standard-4,704.2400982000004,0.007042400982000004,,full_grid_only,dominated or outside 1.5x margin (score=62.11 vs best=6.62),
european_local_vol,jax,reverse,50000,n2d-standard-4,767.371840200002,0.038368592010000105,,full_grid_only,dominated or outside 1.5x margin (score=21.79 vs best=4.75),
european_local_vol,jax,reverse,50000,,784.0448781999839,,,,,
european_local_vol,jax,reverse,50000,,810.9627596000337,0.04054813798000168,,full_grid_only,dominated or outside 1.5x margin (score=19.19 vs best=5.92),
european_local_vol,cpp,none,100000,e2-standard-4,813.5903861999964,0.08135903861999963,,selected_both,within 1.5x safety margin; diversity guard,
european_local_vol,jax,reverse,50000,e2-standard-8,820.8376066000028,0.04104188033000014,,full_grid_only,dominated or outside 1.5x margin (score=30.84 vs best=6.67),
european_local_vol,jax,none,100000,n2-standard-4,851.7035842000041,4.592101824811689e-05,604903.3500888643,selected_both,top-3 probe Pareto; diversity guard; fastest probe runtime,
european_local_vol,cpu,none,50000,e2-standard-8,857.8078099999914,0.04289039049999957,,selected,diversity guard,
european_local_vol,jax,none,100000,n2-standard-4,861.1901832000001,4.6432504044200006e-05,598239.9258789828,selected_both,within 1.5x safety margin; diversity guard,
european_local_vol,cpu,none,50000,e2-standard-4,892.6201830000082,0.04463100915000041,,selected_old,diversity guard,
european_local_vol,cpu,none,50000,e2-standard-4,926.6867396000009,0.04633433698000005,,selected_old,diversity guard,
european_local_vol,jax,none,100000,e2-standard-4,966.8408193999994,0.09668408193999994,,selected_both,within 1.5x safety margin; diversity guard,
european_local_vol,cpu,none,50000,e2-standard-4,970.4661018000024,0.04852330509000012,,selected_old,diversity guard,
european_local_vol,cpu,none,100000,c2d-standard-4,970.7988184000044,0.09707988184000044,,selected_old,diversity guard,
european_local_vol,cpu,none,100000,c2d-standard-4,989.0713619999957,0.09890713619999957,,selected_old,diversity guard,
european_local_vol,cpu,none,100000,n2-standard-4,998.2808390000002,5.3823975236083346e-05,516085.5855766611,selected_old,diversity guard,
european_local_vol,cpu,none,100000,,1004.5663428000353,0.10045663428000354,,selected,diversity guard,
european_local_vol,cpu,none,100000,,1008.1464273999701,,,,,
european_local_vol,cpu,none,100000,n2-standard-4,1018.3682149999925,5.490701959208292e-05,505905.76549492904,selected_old,diversity guard,
european_local_vol,jax,none,100000,e2-standard-4,1050.0758539999936,0.10500758539999935,,selected_both,top-3 probe Pareto; diversity guard; fastest probe runtime,
european_local_vol,cpu,none,100000,t2d-standard-4,1064.8933873999993,5.031029648027552e-05,552129.0813435821,selected_old,diversity guard,
european_local_vol,cpu,none,100000,t2d-standard-4,1071.7370568000092,5.063362183904044e-05,548603.4134804881,selected,diversity guard,
european_local_vol,cpu,none,100000,n2d-standard-4,1073.457731800005,0.10734577318000049,,selected_old,diversity guard,
european_local_vol,jax,none,100000,e2-standard-4,1079.5051062000027,0.10795051062000027,,selected_both,top-3 probe Pareto; diversity guard; fastest probe runtime,
european_local_vol,cpu,none,100000,e2-standard-8,1084.487744400002,0.10844877444000019,,selected_old,diversity guard,
european_local_vol,cpu,none,100000,n2d-standard-4,1097.1130409999944,0.10971130409999945,,selected_old,diversity guard,
european_local_vol,cpu,none,100000,e2-standard-8,1105.8294481999978,0.11058294481999978,,selected_old,diversity guard,
european_local_vol,cpu,none,100000,t2d-standard-4,1108.5191484000063,5.2371371322186964e-05,530400.0463705598,selected_old,diversity guard,
european_local_vol,jax,reverse,100000,c2d-standard-4,1120.6683401999953,0.11206683401999953,,full_grid_only,dominated or outside 1.5x margin (score=15.26 vs best=4.06),
european_local_vol,jax,reverse,100000,e2-standard-8,1145.5516524000018,0.11455516524000017,,full_grid_only,dominated or outside 1.5x margin (score=21.88 vs best=6.71),
european_local_vol,jax,reverse,50000,n2-standard-4,1156.0407396000073,6.23298632101004e-05,222828.80426148968,full_grid_only,dominated or outside 1.5x margin (score=29.98 vs best=6.03),
european_local_vol,jax,reverse,50000,n2-standard-4,1156.830668200007,6.237245352711704e-05,222676.64815928004,full_grid_only,dominated or outside 1.5x margin (score=28.46 vs best=4.98),
european_local_vol,jax,reverse,100000,t2d-standard-4,1159.8857141999986,5.4798156186426605e-05,506910.81070823106,full_grid_only,dominated or outside 1.5x margin (score=19.14 vs best=4.50),
european_local_vol,jax,reverse,100000,e2-standard-8,1170.4619573999935,0.11704619573999936,,full_grid_only,dominated or outside 1.5x margin (score=23.89 vs best=5.75),
european_local_vol,cpu,none,100000,e2-standard-8,1177.490802999995,0.11774908029999949,,selected_old,diversity guard,
european_local_vol,jax,reverse,50000,e2-standard-4,1198.3989342000086,0.059919946710000435,,full_grid_only,dominated or outside 1.5x margin (score=30.14 vs best=6.44),
european_local_vol,jax,reverse,100000,c2d-standard-4,1206.8939870000065,0.12068939870000066,,full_grid_only,dominated or outside 1.5x margin (score=17.16 vs best=4.29),
european_local_vol,jax,forward,50000,t2d-standard-4,1236.6435764000073,5.8424538742809236e-05,237723.55225651315,full_grid_only,dominated or outside 1.5x margin (score=38.91 vs best=4.74),
european_local_vol,jax,forward,50000,t2d-standard-4,1238.2447256000007,5.850018414723559e-05,237416.15674119556,full_grid_only,dominated or outside 1.5x margin (score=38.58 vs best=4.50),
european_local_vol,jax,reverse,100000,t2d-standard-4,1241.3185604000034,5.864540576467572e-05,473656.50242477056,full_grid_only,dominated or outside 1.5x margin (score=20.96 vs best=4.74),
european_local_vol,jax,reverse,100000,e2-standard-8,1262.9221967999968,0.12629221967999968,,full_grid_only,dominated or outside 1.5x margin (score=23.00 vs best=2.60),
european_local_vol,jax,reverse,100000,t2d-standard-4,1277.8376883999954,6.03707316786309e-05,460119.9456326969,full_grid_only,dominated or outside 1.5x margin (score=21.55 vs best=4.86),
european_local_vol,jax,reverse,50000,e2-standard-4,1356.8884759999946,0.06784442379999973,,full_grid_only,dominated or outside 1.5x margin (score=34.14 vs best=6.62),
european_local_vol,jax,reverse,100000,n2d-standard-4,1368.4690730000057,0.13684690730000057,,full_grid_only,dominated or outside 1.5x margin (score=20.63 vs best=4.50),
european_local_vol,jax,forward,50000,t2d-standard-4,1373.3009276000018,6.488083937950232e-05,214067.65112346527,full_grid_only,dominated or outside 1.5x margin (score=38.85 vs best=4.86),
european_local_vol,jax,forward,50000,c2d-standard-4,1407.1593667999991,0.07035796833999997,,full_grid_only,dominated or outside 1.5x margin (score=35.09 vs best=4.29),
european_local_vol,jax,reverse,50000,e2-standard-4,1447.0608108000022,0.07235304054000011,,full_grid_only,dominated or outside 1.5x margin (score=32.24 vs best=6.66),
european_local_vol,jax,forward,50000,c2d-standard-4,1475.6980486000004,0.07378490243000002,,full_grid_only,dominated or outside 1.5x margin (score=34.49 vs best=4.06),
european_local_vol,jax,reverse,100000,,1503.485159999991,,,,,
european_local_vol,jax,forward,50000,e2-standard-8,1531.3317543999915,0.07656658771999958,,full_grid_only,dominated or outside 1.5x margin (score=41.09 vs best=5.75),
european_local_vol,jax,forward,50000,,1539.4094845999916,,,,,
european_local_vol,jax,reverse,100000,n2d-standard-4,1541.5164058000016,0.15415164058000017,,full_grid_only,dominated or outside 1.5x margin (score=21.79 vs best=4.75),
european_local_vol,jax,forward,50000,,1548.2109653999487,0.07741054826999744,,full_grid_only,dominated or outside 1.5x margin (score=46.50 vs best=5.92),
european_local_vol,jax,reverse,100000,,1548.8681687999815,0.15488681687999814,,full_grid_only,dominated or outside 1.5x margin (score=19.19 vs best=5.92),
european_local_vol,jax,forward,50000,e2-standard-8,1565.0449519999995,0.07825224759999998,,full_grid_only,dominated or outside 1.5x margin (score=43.41 vs best=6.71),
european_local_vol,jax,forward,50000,n2d-standard-4,1566.670359599999,0.07833351797999996,,full_grid_only,dominated or outside 1.5x margin (score=39.39 vs best=4.50),
european_local_vol,jax,reverse,100000,e2-standard-8,1609.7008296000013,0.16097008296000012,,full_grid_only,dominated or outside 1.5x margin (score=30.84 vs best=6.67),
european_local_vol,jax,forward,50000,n2d-standard-4,1639.6454613999992,0.08198227306999996,,full_grid_only,dominated or outside 1.5x margin (score=38.74 vs best=4.75),
european_local_vol,jax,forward,50000,e2-standard-8,1690.352564199992,0.08451762820999961,,full_grid_only,dominated or outside 1.5x margin (score=40.97 vs best=2.60),
european_local_vol,cpu,none,100000,e2-standard-8,1708.9577685999927,0.17089577685999927,,selected,diversity guard,
european_local_vol,cpu,none,100000,e2-standard-4,1735.7398942000032,0.17357398942000032,,selected_old,diversity guard,
european_local_vol,jax,forward,50000,e2-standard-8,1785.1716432000046,0.08925858216000024,,full_grid_only,dominated or outside 1.5x margin (score=61.53 vs best=6.67),
european_local_vol,cpu,none,100000,e2-standard-4,1815.8479861999979,0.1815847986199998,,selected_old,diversity guard,
european_local_vol,cpu,none,100000,e2-standard-4,1877.700476800004,0.18777004768000038,,selected_old,diversity guard,
european_local_vol,jax,reverse,100000,n2-standard-4,2132.482323599999,0.00011497633861409994,241595.60230048318,full_grid_only,dominated or outside 1.5x margin (score=29.98 vs best=6.03),
european_local_vol,jax,reverse,100000,n2-standard-4,2177.448837799994,0.00011740078317138302,236606.40949240906,full_grid_only,dominated or outside 1.5x margin (score=28.46 vs best=4.98),
european_local_vol,jax,forward,100000,t2d-standard-4,2360.5774610000026,0.00011152417071302234,249074.0581183649,full_grid_only,dominated or outside 1.5x margin (score=38.91 vs best=4.74),
european_local_vol,jax,reverse,100000,e2-standard-4,2364.3716032000043,0.23643716032000045,,full_grid_only,dominated or outside 1.5x margin (score=30.14 vs best=6.44),
european_local_vol,jax,forward,100000,t2d-standard-4,2373.5162437999975,0.00011213545631819545,247716.2771688875,full_grid_only,dominated or outside 1.5x margin (score=38.58 vs best=4.50),
european_local_vol,jax,forward,100000,t2d-standard-4,2494.208069000001,0.00011783747454875561,235729.57485850254,full_grid_only,dominated or outside 1.5x margin (score=38.85 vs best=4.86),
european_local_vol,jax,forward,50000,n2-standard-4,2542.902284200005,0.00013710481482311695,101301.24829538162,full_grid_only,dominated or outside 1.5x margin (score=59.08 vs best=6.03),
european_local_vol,jax,reverse,100000,e2-standard-4,2551.121820399976,0.2551121820399976,,full_grid_only,dominated or outside 1.5x margin (score=34.14 vs best=6.62),
european_local_vol,jax,forward,50000,n2-standard-4,2555.836110000001,0.00013780216359750007,100788.61264802996,full_grid_only,dominated or outside 1.5x margin (score=57.66 vs best=4.98),
european_local_vol,jax,forward,100000,c2d-standard-4,2624.8455566000075,0.26248455566000073,,full_grid_only,dominated or outside 1.5x margin (score=35.09 vs best=4.29),
european_local_vol,jax,forward,100000,c2d-standard-4,2657.318604200003,0.2657318604200003,,full_grid_only,dominated or outside 1.5x margin (score=34.49 vs best=4.06),
european_local_vol,jax,forward,50000,e2-standard-4,2658.1508788000065,0.13290754394000032,,full_grid_only,dominated or outside 1.5x margin (score=61.99 vs best=6.44),
european_local_vol,jax,forward,50000,e2-standard-4,2757.8697042000044,0.13789348521000022,,full_grid_only,dominated or outside 1.5x margin (score=62.11 vs best=6.62),
european_local_vol,jax,reverse,100000,e2-standard-4,2771.921531599992,0.2771921531599992,,full_grid_only,dominated or outside 1.5x margin (score=32.24 vs best=6.66),
european_local_vol,jax,forward,50000,e2-standard-4,2782.3566409999953,0.13911783204999978,,full_grid_only,dominated or outside 1.5x margin (score=61.66 vs best=6.66),
european_local_vol,jax,forward,100000,,2850.106509399984,,,,,
european_local_vol,jax,forward,100000,e2-standard-8,2882.836296000005,0.2882836296000005,,full_grid_only,dominated or outside 1.5x margin (score=41.09 vs best=5.75),
european_local_vol,jax,forward,100000,e2-standard-8,2982.0061676000023,0.2982006167600002,,full_grid_only,dominated or outside 1.5x margin (score=43.41 vs best=6.71),
european_local_vol,jax,forward,100000,e2-standard-8,3127.9614132000006,0.31279614132000005,,full_grid_only,dominated or outside 1.5x margin (score=61.53 vs best=6.67),
european_local_vol,jax,forward,100000,,3148.75032380005,0.314875032380005,,full_grid_only,dominated or outside 1.5x margin (score=46.50 vs best=5.92),
european_local_vol,jax,forward,100000,n2d-standard-4,3159.8762335999936,0.31598762335999936,,full_grid_only,dominated or outside 1.5x margin (score=39.39 vs best=4.50),
european_local_vol,jax,forward,100000,e2-standard-8,3197.654609799997,0.3197654609799997,,full_grid_only,dominated or outside 1.5x margin (score=40.97 vs best=2.60),
european_local_vol,jax,forward,100000,n2d-standard-4,3263.5268264000047,0.32635268264000045,,full_grid_only,dominated or outside 1.5x margin (score=38.74 vs best=4.75),
european_local_vol,jax,forward,100000,n2-standard-4,3748.256858199994,0.00020209351560461635,137450.11904351896,full_grid_only,dominated or outside 1.5x margin (score=57.66 vs best=4.98),
european_local_vol,jax,forward,100000,n2-standard-4,3758.1331764000024,0.00020262601376090013,137088.90217104956,full_grid_only,dominated or outside 1.5x margin (score=59.08 vs best=6.03),
european_local_vol,jax,forward,100000,e2-standard-4,4225.315940799999,0.4225315940799999,,full_grid_only,dominated or outside 1.5x margin (score=61.99 vs best=6.44),
european_local_vol,jax,forward,100000,e2-standard-4,5189.079902999987,0.5189079902999987,,full_grid_only,dominated or outside 1.5x margin (score=62.11 vs best=6.62),
european_local_vol,jax,forward,100000,e2-standard-4,5192.899832200003,0.5192899832200003,,full_grid_only,dominated or outside 1.5x margin (score=61.66 vs best=6.66),
