id,experiment_id,experiment_type,workload_type,engine,ad_mode,M,mean_runtime_ms,std_runtime_ms,throughput_paths_per_sec,cost_per_run,paths_per_dollar,profiler_phase,profiler_decision,profiler_reason,dominated,sha_round,sha_eliminated,scaling_law_alpha,scaling_law_beta,extrapolated_runtime_ms,extrapolation_error_pct,ad_overhead_ratio,instance_type,region,zone,machine_family,vcpu_count,result_value,memory_peak_mb,git_commit_hash,created_at
667b373e-76ac-416c-aa1c-dd17e822897c,4756fb49-946f-4274-bec5-a92a6b2e842d,probe_run,asian,cpu,none,1000,7.733181999924454,0.007154506476460936,129312.87534804807,,,,,,,,,,,,,1.0,,,,,,5.820446773347019,0.0,,2026-05-25T12:32:06.837099+00:00
38d4ecfe-2658-4dd2-91b2-37ffc163f286,056cedeb-d6ab-41ed-98b0-84bb763d7361,probe_run,asian,cpu,none,1000,7.858401000021331,0.012660039692223696,127252.35070051599,,,,,,,,,,,,,1.0,,,,,,5.820446773347019,0.0,,2026-05-25T12:32:25.749152+00:00
f8a40cfa-618f-411f-9b7b-e0df9a1dae7e,final_local_profiler_v1,probe_run,asian,cpu,none,1000,9.20851666675541,0.6459613978949182,108595.12299197985,9.208516666755409e-06,,probe,,,,,,,,,,1.0,,,,,,5.820446773347019,0.0,0a28398,2026-06-05T15:44:09.151024+00:00
e3fc360b-fb53-4a5a-91be-dacd1e9256c7,056cedeb-d6ab-41ed-98b0-84bb763d7361,profiler_selected,asian,cpu,none,10000,61.258663999979035,0.267935462706142,163242.21501147043,,,,,,,,,,,,,1.0,,,,,,5.825527917501329,0.00390625,,2026-05-25T12:34:01.506371+00:00
2d4a2d03-9ea8-44da-b39a-b4a2f0531282,final_local_profiler_v1,profiler_selected,asian,cpu,none,10000,62.268654000035895,0.679259085048812,160594.44612363447,0.000622686540000359,,full,selected,top-3 probe Pareto; diversity guard; fastest probe runtime,,,,,,,,1.0,,,,,,5.825527917501329,0.0,0a28398,2026-06-05T15:46:01.599824+00:00
4b0e0b77-23a3-41d3-bf3f-c98c78f7e344,056cedeb-d6ab-41ed-98b0-84bb763d7361,profiler_selected,asian,cpu,none,50000,328.7776154000312,16.835918572222194,152078.47997548088,,,,,,,,,,,,,1.0,,,,,,5.838918415223014,0.0078125,,2026-05-25T12:34:03.814102+00:00
dec5fd4c-6028-48bb-a0a8-df45f0dbf99d,final_local_profiler_v1,profiler_selected,asian,cpu,none,50000,324.8862173999896,5.286247923571221,153900.03429551946,0.01624431086999948,,full,selected,top-3 probe Pareto; diversity guard; fastest probe runtime,,,,,,,,1.0,,,,,,5.838918415223014,0.0,0a28398,2026-06-05T15:46:03.906875+00:00
6e838e20-e95d-49cb-94ee-1f1493dda9f2,056cedeb-d6ab-41ed-98b0-84bb763d7361,profiler_selected,asian,cpu,none,100000,647.0329384000252,18.063716687604238,154551.63727410653,,,,,,,,,,,,,1.0,,,,,,5.786511890635599,0.0,,2026-05-25T12:34:08.327641+00:00
f4d8b417-24b4-40fb-a054-f27a2cfe6977,final_local_profiler_v1,profiler_selected,asian,cpu,none,100000,644.4153912000274,14.150628173312391,155179.40968756264,0.06444153912000275,,full,selected,top-3 probe Pareto; diversity guard; fastest probe runtime,,,,,,,,1.0,,,,,,5.786511890635599,0.0,0a28398,2026-06-05T15:46:08.469258+00:00
b31ba33f-44d2-4386-9548-c700b024ec0f,4756fb49-946f-4274-bec5-a92a6b2e842d,probe_run,asian,jax,forward,1000,415.0019935000273,87.47215151330327,2409.626979297713,,,,,,,,,,,,,6.447892589063885,,,,,,5.666454879796595,18.31640625,,2026-05-25T12:32:09.354056+00:00
b4e7bbb7-4f77-4bb2-ab7b-4221fde103b3,056cedeb-d6ab-41ed-98b0-84bb763d7361,probe_run,asian,jax,forward,1000,437.94905899994774,120.87264932826132,2283.3705871716907,,,,,,,,,,,,,6.320296851822945,,,,,,5.666454879796595,17.125,,2026-05-25T12:32:28.098331+00:00
8c70b3f8-243f-4963-aed7-6e9fae4ef161,final_local_profiler_v1,probe_run,asian,jax,forward,1000,374.3398920000042,25.014092221025763,2671.369045541074,0.00037433989200000425,,probe,,,,,,,,,,5.512026380501329,,,,,,5.666454879796595,19.2578125,0a28398,2026-06-05T15:44:11.603190+00:00
403d0be9-f93e-456f-8b78-33cdacd065d7,056cedeb-d6ab-41ed-98b0-84bb763d7361,grid_search_full,asian,jax,forward,10000,415.8745396000086,38.730671418730736,24045.71342505862,,,,,,,,,,,,,5.050430041605218,,,,,,5.988885012332589,40.1953125,,2026-05-25T12:34:17.550923+00:00
c0c9e890-a806-4cc3-8c33-7e362af7c3ac,final_local_profiler_v1,grid_search_full,asian,jax,forward,10000,402.9728053999861,31.837812062520218,24815.57034617787,0.004029728053999861,,full,full_grid_only,dominated or outside 1.5x margin (score=343.05 vs best=9.85),,,,,,,,4.758852914624589,,,,,,5.988885012332589,110.7578125,0a28398,2026-06-05T15:46:17.912316+00:00
06eebe94-9987-446c-b149-6adcff7e22fa,056cedeb-d6ab-41ed-98b0-84bb763d7361,grid_search_full,asian,jax,forward,50000,633.1014213999879,16.87946136702844,78976.28770037217,,,,,,,,,,,,,2.6185788655901816,,,,,,5.77789087176735,9.6640625,,2026-05-25T12:34:23.927510+00:00
c161e45e-23e1-41e7-bc8a-677cbe7bfbec,final_local_profiler_v1,grid_search_full,asian,jax,forward,50000,666.9134747999578,44.37055513271115,74972.2443604811,0.033345673739997896,,full,full_grid_only,dominated or outside 1.5x margin (score=343.05 vs best=9.85),,,,,,,,2.9399927959859196,,,,,,5.77789087176735,10.80859375,0a28398,2026-06-05T15:46:24.324719+00:00
28e1b59c-a740-472e-bcf2-0edbcc342b89,056cedeb-d6ab-41ed-98b0-84bb763d7361,grid_search_full,asian,jax,forward,100000,930.9636534000219,53.017884701923776,107415.57915261747,,,,,,,,,,,,,2.3027901707371696,,,,,,5.786070148379278,37.375,,2026-05-25T12:34:33.334836+00:00
bccf0ed4-d057-4edd-9195-253634f8712f,final_local_profiler_v1,grid_search_full,asian,jax,forward,100000,915.611454000009,22.50089481544534,109216.63284478639,0.0915611454000009,,full,full_grid_only,dominated or outside 1.5x margin (score=343.05 vs best=9.85),,,,,,,,2.2564146912078664,,,,,,5.786070148379278,36.1796875,0a28398,2026-06-05T15:46:33.936350+00:00
bc9259ee-e20a-4c3b-8907-384e825f289e,4756fb49-946f-4274-bec5-a92a6b2e842d,probe_run,asian,jax,none,1000,69.54622000000654,1.0117057548475912,14378.926705145239,,,,,,,,,,,,,1.0,,,,,,5.666454879796595,14.92578125,,2026-05-25T12:32:07.594037+00:00
4259e6db-c741-40a4-8de5-ffd104892967,056cedeb-d6ab-41ed-98b0-84bb763d7361,probe_run,asian,jax,none,1000,67.6632109999673,2.383770096565591,14779.079875480387,,,,,,,,,,,,,1.0,,,,,,5.666454879796595,4.75,,2026-05-25T12:32:26.243217+00:00
7ed8c9cc-126a-4405-82a5-458b672bc747,final_local_profiler_v1,probe_run,asian,jax,none,1000,71.69712466664653,7.417890387196256,13947.560723661762,7.169712466664653e-05,,probe,,,,,,,,,,1.0,,,,,,5.666454879796595,8.65234375,0a28398,2026-06-05T15:44:09.471421+00:00
9f66d42e-9be5-4645-9eb4-5afa701ba8be,056cedeb-d6ab-41ed-98b0-84bb763d7361,grid_search_full,asian,jax,none,10000,85.33383500002856,2.688150289101285,117186.81106968477,,,,,,,,,,,,,1.0,,,,,,5.988885012332589,78.61328125,,2026-05-25T12:34:09.119576+00:00
56f4e640-ccdf-43df-aae0-d46ba6f413a7,final_local_profiler_v1,profiler_selected,asian,jax,none,10000,85.01313320002737,6.445896796280601,117628.88419217538,0.0008501313320002738,,full,selected,diversity guard,,,,,,,,1.0,,,,,,5.988885012332589,58.2578125,0a28398,2026-06-05T15:46:09.289382+00:00
b5aa0ab6-1638-4ea2-bfc5-211108348574,056cedeb-d6ab-41ed-98b0-84bb763d7361,grid_search_full,asian,jax,none,50000,228.62530800002787,13.623732247002621,218698.4478550988,,,,,,,,,,,,,1.0,,,,,,5.77789087176735,0.7421875,,2026-05-25T12:34:10.877601+00:00
838dc7f9-a410-4f00-9313-257b4a96484a,final_local_profiler_v1,profiler_selected,asian,jax,none,50000,257.7827927999806,26.16422836885055,193961.74374911093,0.01288913963999903,,full,selected,diversity guard,,,,,,,,1.0,,,,,,5.77789087176735,0.55859375,0a28398,2026-06-05T15:46:11.221572+00:00
eaae8b58-f556-4426-818a-b6337918bbb0,056cedeb-d6ab-41ed-98b0-84bb763d7361,grid_search_full,asian,jax,none,100000,411.2350661999699,38.617451891998336,243169.92450097468,,,,,,,,,,,,,1.0,,,,,,5.786070148379278,0.671875,,2026-05-25T12:34:13.818043+00:00
615d3494-3822-4dd0-9528-7aaaa6080143,final_local_profiler_v1,profiler_selected,asian,jax,none,100000,403.6070343999654,9.93704692106253,247765.75103223367,0.040360703439996544,,full,selected,diversity guard,,,,,,,,1.0,,,,,,5.786070148379278,0.59765625,0a28398,2026-06-05T15:46:14.155959+00:00
f033fa5b-d64d-4e7b-bc19-505a9d734db3,4756fb49-946f-4274-bec5-a92a6b2e842d,probe_run,asian,jax,reverse,1000,237.74362550000205,9.017713688612501,4206.211619331057,,,,,,,,,,,,,3.181270743461597,,,,,,5.666454879796595,12.75,,2026-05-25T12:32:10.946883+00:00
57176a8f-f7fd-410e-8408-1f53cc702c9a,056cedeb-d6ab-41ed-98b0-84bb763d7361,probe_run,asian,jax,reverse,1000,228.15858549995482,9.151984781094447,4382.916372876084,,,,,,,,,,,,,2.0155991654780356,,,,,,5.666454879796595,15.625,,2026-05-25T12:32:29.729766+00:00
1f275082-ce41-401b-9be9-594df67dded7,final_local_profiler_v1,probe_run,asian,jax,reverse,1000,291.2407460000092,53.767910342669836,3433.5854915025125,0.00029124074600000917,,probe,,,,,,,,,,4.202774196171466,,,,,,5.666454879796595,21.81640625,0a28398,2026-06-05T15:44:13.680110+00:00
24fee6c1-ebc7-4bf2-a298-6d4b64953eea,056cedeb-d6ab-41ed-98b0-84bb763d7361,grid_search_full,asian,jax,reverse,10000,286.61082879998503,32.50630944591345,34890.517018736326,,,,,,,,,,,,,3.4023977132247043,,,,,,5.988885012332589,8.49609375,,2026-05-25T12:34:36.245028+00:00
17bd275d-4d19-4ef4-adc8-38a5c001a112,final_local_profiler_v1,grid_search_full,asian,jax,reverse,10000,310.7761941999797,44.78033206474977,32177.496818064366,0.0031077619419997973,,full,full_grid_only,dominated or outside 1.5x margin (score=288.70 vs best=9.85),,,,,,,,3.6553254377812503,,,,,,5.988885012332589,45.34765625,0a28398,2026-06-05T15:46:36.990688+00:00
3c33102c-9c89-497d-93bf-fb20a8727374,056cedeb-d6ab-41ed-98b0-84bb763d7361,grid_search_full,asian,jax,reverse,50000,469.6592469999814,52.223440741381744,106460.16302113174,,,,,,,,,,,,,2.131200417553302,,,,,,5.77789087176735,7.546875,,2026-05-25T12:34:41.543688+00:00
84ddfa97-6d4a-4c90-8d87-cd4ad6bb1829,final_local_profiler_v1,grid_search_full,asian,jax,reverse,50000,528.6006867999731,56.412947074651015,94589.35875147741,0.026430034339998656,,full,full_grid_only,dominated or outside 1.5x margin (score=288.70 vs best=9.85),,,,,,,,2.179413113028405,,,,,,5.77789087176735,18.96875,0a28398,2026-06-05T15:46:42.566593+00:00
93f4e151-3a18-43da-b6f5-4e30f5f277e6,056cedeb-d6ab-41ed-98b0-84bb763d7361,grid_search_full,asian,jax,reverse,100000,694.9782409999898,45.16906548011443,143889.39696315106,,,,,,,,,,,,,1.7524786685739233,,,,,,5.786070148379278,23.96484375,,2026-05-25T12:34:49.463982+00:00
6b9aa110-729e-4436-b41d-47fcaab95b65,final_local_profiler_v1,grid_search_full,asian,jax,reverse,100000,723.8594184000704,68.9606786128184,138148.37171149568,0.07238594184000703,,full,full_grid_only,dominated or outside 1.5x margin (score=288.70 vs best=9.85),,,,,,,,1.7354979986666776,,,,,,5.786070148379278,27.1875,0a28398,2026-06-05T15:46:50.755561+00:00
c1533f00-d0b0-469a-85b4-086bc5e86f4d,9271fc15-783b-49a3-922a-d4b710e6d149,european_scalability,european,cpp,none,1000,0.016214199877140345,0.0017422181413719426,61674335.30962289,,,,,,,,,,,,,1.0,,,,,,10.06242275301376,0.0,,2026-05-16T13:48:42.529716+00:00
936362df-04cc-4f3a-a2bb-ca0886d843ea,final_local_profiler_v1,probe_run,european,cpp,none,1000,0.019258999979380558,0.003451858611136807,51923775.952574864,1.925899997938056e-08,,probe,,,,,,,,,,1.0,,,,,,10.062422753013758,0.0,0a28398,2026-06-05T15:44:07.836497+00:00
a21ba544-e03e-432a-8421-bd5c039b1b6f,9271fc15-783b-49a3-922a-d4b710e6d149,european_scalability,european,cpp,none,5000,0.05166239989193855,0.0027865267527317707,96782186.08617532,,,,,,,,,,,,,1.0,,,,,,10.38041988489823,0.0,,2026-05-16T13:48:42.810192+00:00
5721512d-00d2-4cd0-b01e-f94f72d50072,78d17642-3b1d-424a-9f7e-ea5e22ab3722,european_baseline,european,cpp,none,10000,0.09838314287792725,0.009156342770350533,101643429.02124903,,,,,,,,,,,,,1.0,,,,,,10.465833380212402,0.0,,2026-05-16T13:46:22.034042+00:00
c475b32c-2387-45b5-93ce-14dd2da67272,9271fc15-783b-49a3-922a-d4b710e6d149,european_scalability,european,cpp,none,10000,0.1026814001306775,0.010401917257980776,97388621.37907642,,,,,,,,,,,,,1.0,,,,,,10.465833380212402,0.0,,2026-05-16T13:48:43.106257+00:00
474e3b29-cba8-458d-b6a5-0123168a1c66,284c6a9c-211f-4dc9-adf3-8968f3722734,thread_scalability_weak,european,cpp,none,10000,0.3014239999174606,0.03146059026697879,33175858.600304935,,,,,,,,,,,,,1.0,,,,,,10.629806844398752,0.0,,2026-05-16T13:50:00.720899+00:00
d8bf8158-fd1b-408e-964f-223a0b4eeb55,final_local_profiler_v1,profiler_selected,european,cpp,none,10000,0.10389820004093053,0.011050532312492737,96248058.15750913,1.0389820004093052e-06,,full,selected,top-3 probe Pareto; diversity guard; fastest probe runtime,,,,,,,,1.0,,,,,,10.465833380212402,0.0,0a28398,2026-06-05T15:44:15.841928+00:00
0772db2a-5d06-4914-9410-628a2eaf40df,284c6a9c-211f-4dc9-adf3-8968f3722734,thread_scalability_weak,european,cpp,none,20000,0.29287379984452855,0.012635537770009404,68288798.82945132,,,,,,,,,,,,,1.0,,,,,,10.443579917278623,0.0,,2026-05-16T13:50:06.374814+00:00
c2a47b43-6c41-44f2-a91c-a2cc3f327126,284c6a9c-211f-4dc9-adf3-8968f3722734,thread_scalability_weak,european,cpp,none,40000,0.4309634000492224,0.01425779113898403,92815306.3472012,,,,,,,,,,,,,1.0,,,,,,10.449366991830727,0.0,,2026-05-16T13:50:12.189322+00:00
d3fc270c-40eb-4136-9b28-e13fd1bf14f9,9271fc15-783b-49a3-922a-d4b710e6d149,european_scalability,european,cpp,none,50000,0.5295573999319458,0.008446356420583338,94418470.98430797,,,,,,,,,,,,,1.0,,,,,,10.449762310278015,0.0,,2026-05-16T13:48:43.389618+00:00
deda9279-7b49-42a9-9285-7ee32fdd0e8b,284c6a9c-211f-4dc9-adf3-8968f3722734,thread_scalability_strong,european,cpp,none,50000,1.546883799983334,0.014366617301461628,32323048.441349436,,,,,,,,,,,,,1.0,,,,,,10.484218999555651,0.0,,2026-05-16T13:49:57.830132+00:00
755fdb93-11bc-4377-897b-76b63c895515,284c6a9c-211f-4dc9-adf3-8968f3722734,thread_scalability_weak,european,cpp,none,50000,1.7481229999248171,0.22138468472533662,28602106.374751884,,,,,,,,,,,,,1.0,,,,,,10.484218999555651,0.0,,2026-05-16T13:50:02.120778+00:00
0d219310-5847-456b-81eb-45a305f253aa,284c6a9c-211f-4dc9-adf3-8968f3722734,thread_scalability_strong,european,cpp,none,50000,1.0580082001069968,0.011900742733436777,47258612.924685724,,,,,,,,,,,,,1.0,,,,,,10.469287725801799,0.0,,2026-05-16T13:50:03.546784+00:00
5c5b6022-1a96-4931-a116-2a4431492960,284c6a9c-211f-4dc9-adf3-8968f3722734,thread_scalability_strong,european,cpp,none,50000,0.5343922000974999,0.005958749896404293,93564239.88014327,,,,,,,,,,,,,1.0,,,,,,10.449762310278015,0.0,,2026-05-16T13:50:09.304699+00:00
acf1ee5f-43e4-4134-aff9-890f0d22f7d0,final_local_profiler_v1,profiler_selected,european,cpp,none,50000,0.6713740000122925,0.30358645927537403,74474138.10943605,3.356870000061462e-05,,full,selected,top-3 probe Pareto; diversity guard; fastest probe runtime,,,,,,,,1.0,,,,,,10.449762310278015,0.0,0a28398,2026-06-05T15:44:15.872850+00:00
f5ce8a9a-3d3a-4d9c-96c0-b97b2fbea175,9271fc15-783b-49a3-922a-d4b710e6d149,european_scalability,european,cpp,none,100000,1.0697523999624536,0.004060020546113901,93479575.27696112,,,,,,,,,,,,,1.0,,,,,,10.498445568178603,0.0,,2026-05-16T13:48:43.660514+00:00
f364fac4-714a-4a29-a843-a59698bd2413,284c6a9c-211f-4dc9-adf3-8968f3722734,thread_scalability_weak,european,cpp,none,100000,1.538058999904024,0.010919923830709593,65017011.70516871,,,,,,,,,,,,,1.0,,,,,,10.43855870153897,0.0,,2026-05-16T13:50:07.797570+00:00
29041afd-de21-4501-b69d-6891838ea716,final_local_profiler_v1,profiler_selected,european,cpp,none,100000,1.111659200023496,0.0773909978402728,89955626.68656582,0.0001111659200023496,,full,selected,top-3 probe Pareto; diversity guard; fastest probe runtime,,,,,,,,1.0,,,,,,10.498445568178603,0.0,0a28398,2026-06-05T15:44:15.893205+00:00
ab9d8469-b96a-4c7d-83ae-5bd2d3518a7e,284c6a9c-211f-4dc9-adf3-8968f3722734,thread_scalability_weak,european,cpp,none,200000,3.923866399964027,0.8045030336930332,50970134.96734587,,,,,,,,,,,,,1.0,,,,,,10.480519978020004,0.0,,2026-05-16T13:50:13.663566+00:00
7dcbc9c3-e32f-4f0f-af0b-531d49d0c3ba,284c6a9c-211f-4dc9-adf3-8968f3722734,thread_scalability_strong,european,cpp,none,250000,9.894366200114746,0.9366413174195889,25266903.9071043,,,,,,,,,,,,,1.0,,,,,,10.483821708209401,0.0,,2026-05-16T13:49:59.315963+00:00
801a7a2f-4dfc-416e-839c-836ee83d64d3,284c6a9c-211f-4dc9-adf3-8968f3722734,thread_scalability_strong,european,cpp,none,250000,4.183365999961097,0.544754714999148,59760489.52023917,,,,,,,,,,,,,1.0,,,,,,10.507727001192796,0.0,,2026-05-16T13:50:05.006848+00:00
2a5e5eaa-7b27-4d7b-96e6-0103ad730582,284c6a9c-211f-4dc9-adf3-8968f3722734,thread_scalability_strong,european,cpp,none,250000,4.31199579998065,2.0783106609778588,57977793.02130161,,,,,,,,,,,,,1.0,,,,,,10.478402105765781,0.0,,2026-05-16T13:50:10.771774+00:00
1cdac66c-aeec-4158-9742-33f16ca48460,,,european,cpu,none,,0.8301442000174575,0.8591104486496292,,,,,,,,,,,,,,1.0,,,,,,9.911979607280376,,,2026-06-05T15:36:11.945250+00:00
43072cdc-9e5f-4bee-afa1-b6dd773f24cd,,,european,cpu,none,,0.10528839993639849,0.01932721437224059,,,,,,,,,,,,,,1.0,,,,,,9.035459332428932,,,2026-06-05T15:36:11.969468+00:00
801b7e1c-d977-4beb-b3b9-282048a40d1f,,,european,cpu,none,,0.11326900003041374,0.01340575970760172,,,,,,,,,,,,,,1.0,,,,,,9.035459332428932,,,2026-06-05T15:38:35.500496+00:00
955e2957-411e-4dba-99c9-bf0d760c8f45,,,european,cpu,none,,0.09157479989880812,0.019028047802744284,,,,,,,,,,,,,,1.0,,,,,,9.911979607280376,,,2026-06-05T15:43:33.777065+00:00
04d86679-cafe-4b14-9bf3-bafc5952ced5,,,european,cpu,none,,0.12431979994289577,0.024144916412514632,,,,,,,,,,,,,,1.0,,,,,,9.035459332428932,,,2026-06-05T15:43:33.787239+00:00
2d00e667-eea1-4af4-a433-68c4201cf8af,,,european,cpu,none,,0.09992839986807667,0.013318894845371099,,,,,,,,,,,,,,1.0,,,,,,9.911979607280376,,,2026-06-09T19:08:03.976830+00:00
1be8ad63-f5e3-4101-a8af-ac227e613a42,,,european,cpu,none,,0.10797340000863187,0.01440197488560039,,,,,,,,,,,,,,1.0,,,,,,9.035459332428932,,,2026-06-09T19:08:03.990100+00:00
a8415042-7470-456d-8477-4c3738cb3989,9271fc15-783b-49a3-922a-d4b710e6d149,european_scalability,european,cpu,none,1000,0.08085680001386208,0.014622555505812826,12367543.605838472,,,,,,,,,,,,,1.0,,,,,,9.911979607280376,0.0,,2026-05-16T13:48:42.192890+00:00
4d810b19-cf01-4a42-bed4-40685e8e1d4f,4756fb49-946f-4274-bec5-a92a6b2e842d,probe_run,european,cpu,none,1000,0.08509349993346405,0.01015193193531723,11751778.934723755,,,,,,,,,,,,,1.0,,,,,,9.911979607280376,0.0,,2026-05-25T12:32:06.103410+00:00
9bf560ef-8247-400b-a114-aa01cb520c1a,056cedeb-d6ab-41ed-98b0-84bb763d7361,probe_run,european,cpu,none,1000,0.08497850001276674,0.01072610267909921,11767682.412019098,,,,,,,,,,,,,1.0,,,,,,9.911979607280376,0.0,,2026-05-25T12:32:23.719659+00:00
9956009d-3bf3-4a49-b915-4e0ce4d13b9e,final_local_profiler_v1,probe_run,european,cpu,none,1000,0.08094766667454678,0.012459485794482935,12353660.59432619,8.094766667454678e-08,,probe,,,,,,,,,,1.0,,,,,,9.911979607280376,0.0,0a28398,2026-06-05T15:44:07.384401+00:00
315f8334-00d9-404a-9c58-85ec0154e999,9271fc15-783b-49a3-922a-d4b710e6d149,european_scalability,european,cpu,none,5000,0.1831816001867992,0.015459883158348944,27295317.84251943,,,,,,,,,,,,,1.0,,,,,,10.168919879680967,0.0,,2026-05-16T13:48:42.537224+00:00
7fc880b0-f279-415b-99cc-7b9ed56e2819,f6d5d00b-fe07-42fa-bcac-8bbf14ef6b4c,european_baseline,european,cpu,none,10000,0.2171147144248867,0.012263105293880432,46058600.98652878,,,,,,,,,,,,,1.0,,,,,,10.345182037175293,0.0,,2026-05-16T13:44:08.674272+00:00
82948ddb-5ddd-4c5c-a2f1-885584c7cb50,78d17642-3b1d-424a-9f7e-ea5e22ab3722,european_baseline,european,cpu,none,10000,0.21976942844048608,0.015546650285069035,45502234.18680827,,,,,,,,,,,,,1.0,,,,,,10.345182037175293,0.0,,2026-05-16T13:46:21.672320+00:00
c4fa6806-fde6-4535-bb9d-58e542ae4e93,9271fc15-783b-49a3-922a-d4b710e6d149,european_scalability,european,cpu,none,10000,0.31456039987460827,0.008775745609801803,31790397.02386649,,,,,,,,,,,,,1.0,,,,,,10.345182037175293,0.0,,2026-05-16T13:48:42.817800+00:00
8048fa4a-1e88-4bbc-8f86-cbb317b1b952,056cedeb-d6ab-41ed-98b0-84bb763d7361,profiler_selected,european,cpu,none,10000,0.5769657999280753,0.22200810025137677,17332049.83943,,,,,,,,,,,,,1.0,,,,,,10.345182037175293,0.0,,2026-05-25T12:32:29.742570+00:00
e9500779-cd6a-4f78-81c0-fe964195e706,final_local_profiler_v1,profiler_selected,european,cpu,none,10000,0.33778820002225984,0.07371992960138037,29604349.705942992,3.3778820002225984e-06,,full,selected,diversity guard,,,,,,,,1.0,,,,,,10.345182037175293,0.0,0a28398,2026-06-05T15:44:13.689681+00:00
98dcffb8-87b8-49f5-9698-a74d9036ce2b,9271fc15-783b-49a3-922a-d4b710e6d149,european_scalability,european,cpu,none,50000,0.9475242000917206,0.02755246524786048,52769100.77353168,,,,,,,,,,,,,1.0,,,,,,10.457691538845074,0.0,,2026-05-16T13:48:43.121358+00:00
9105c3db-68b9-422c-ab94-9d6f90874985,056cedeb-d6ab-41ed-98b0-84bb763d7361,profiler_selected,european,cpu,none,50000,0.9952643999895372,0.07552554441194956,50237906.63116819,,,,,,,,,,,,,1.0,,,,,,10.457691538845074,0.0,,2026-05-25T12:32:29.756478+00:00
d9529561-7382-4d6e-a30a-b9fe8aa5bd06,final_local_profiler_v1,profiler_selected,european,cpu,none,50000,1.086165800006711,0.1638796984528173,46033487.704815485,5.430829000033555e-05,,full,selected,diversity guard,,,,,,,,1.0,,,,,,10.457691538845074,0.0,0a28398,2026-06-05T15:44:13.703593+00:00
f10aed09-8ad4-4176-89ab-afcc1dad6193,9271fc15-783b-49a3-922a-d4b710e6d149,european_scalability,european,cpu,none,100000,3.9104829999814683,0.6460702736726193,25572288.64068042,,,,,,,,,,,,,1.0,,,,,,10.420541193153111,0.0,,2026-05-16T13:48:43.421988+00:00
2fb66f34-1abc-4023-989d-272e049adfd6,056cedeb-d6ab-41ed-98b0-84bb763d7361,profiler_selected,european,cpu,none,100000,1.851855200038699,0.07389120149796276,53999902.367048055,,,,,,,,,,,,,1.0,,,,,,10.420541193153111,0.0,,2026-05-25T12:32:29.777301+00:00
87b3c664-2a90-4a94-a026-5c86625063e0,final_local_profiler_v1,profiler_selected,european,cpu,none,100000,1.8475773999853118,0.08147710928312797,54124931.38354853,0.00018475773999853117,,full,selected,diversity guard,,,,,,,,1.0,,,,,,10.420541193153111,0.0,0a28398,2026-06-05T15:44:13.726305+00:00
3f365a28-24cc-4cfc-a770-d2dfa6f4d415,0618986f-0590-4eb6-a2f7-1718cd132cb3,european_ad_analysis,european,jax,forward,1000,3.32356319995597,0.5647192208457059,300881.89687900257,,,,,,,,,,,,,5.341063357344686,,,,,,10.80088996887207,0.0,,2026-05-16T13:47:33.040408+00:00
43bf2b57-53d6-4b1d-8991-8316ac602cd4,4756fb49-946f-4274-bec5-a92a6b2e842d,probe_run,european,jax,forward,1000,1.7236375000493354,0.07083583596379973,580168.3938597166,,,,,,,,,,,,,4.647219641716789,,,,,,10.69890892983176,0.0,,2026-05-25T12:32:06.581086+00:00
5bc4c194-3984-4b3c-afce-ef9ca04e88cc,056cedeb-d6ab-41ed-98b0-84bb763d7361,probe_run,european,jax,forward,1000,1.7317570000159321,0.10226885361815445,577448.2216562716,,,,,,,,,,,,,4.580162101125666,,,,,,10.69890892983176,0.0,,2026-05-25T12:32:24.165682+00:00
9e8c3215-e209-4bbf-a0f7-13880549a16d,final_local_profiler_v1,probe_run,european,jax,forward,1000,2.107029666603921,0.21586093979415974,474601.7656276217,2.107029666603921e-06,,probe,,,,,,,,,,3.895930625130848,,,,,,10.69890892983176,0.0078125,0a28398,2026-06-05T15:44:07.546325+00:00
eb40f06f-70c7-43ac-b7ab-e8b080e85534,0618986f-0590-4eb6-a2f7-1718cd132cb3,european_ad_analysis,european,jax,forward,5000,1.8805653999152128,0.03258834604381012,2658774.8558095507,,,,,,,,,,,,,3.8907906193549167,,,,,,10.209883689880371,0.0,,2026-05-16T13:47:33.639347+00:00
d7e4b5ce-9224-4698-9990-5a451b585c1e,0618986f-0590-4eb6-a2f7-1718cd132cb3,european_ad_analysis,european,jax,forward,10000,1.925636399846553,0.029191636552722947,5193088.373691348,,,,,,,,,,,,,3.8026611006274904,,,,,,10.209803581237793,0.0,,2026-05-16T13:47:34.232284+00:00
7b4c412f-67a4-4170-b3c5-af48e0fdfa68,056cedeb-d6ab-41ed-98b0-84bb763d7361,grid_search_full,european,jax,forward,10000,2.141345000063666,0.21096900860406492,4669962.103118686,,,,,,,,,,,,,3.2814279037382006,,,,,,10.420809313193189,0.0,,2026-05-25T12:32:30.759777+00:00
7fa72e2f-2565-4e8a-88d6-22b5c7de040a,final_local_profiler_v1,grid_search_full,european,jax,forward,10000,2.0784859999821492,0.08241717802391278,4811194.302047684,2.078485999982149e-05,,full,full_grid_only,dominated or outside 1.5x margin (score=2.04 vs best=0.02),,,,,,,,3.3940305813464438,,,,,,10.420809313193189,0.0078125,0a28398,2026-06-05T15:44:14.716902+00:00
391118fe-8c99-4841-8493-6ebaebbb63b8,0618986f-0590-4eb6-a2f7-1718cd132cb3,european_ad_analysis,european,jax,forward,50000,2.2324610000396206,0.041845432763552536,22396807.827376436,,,,,,,,,,,,,2.6223973206468436,,,,,,10.42736530303955,0.0,,2026-05-16T13:47:34.809698+00:00
cbdd459b-5d6f-4990-9741-fd2a9ce554d6,056cedeb-d6ab-41ed-98b0-84bb763d7361,grid_search_full,european,jax,forward,50000,2.7615648000391957,0.05636207213084465,18105676.897131052,,,,,,,,,,,,,2.370753240550949,,,,,,10.427615610007502,0.0,,2026-05-25T12:32:30.919615+00:00
4eccc2bc-13a1-403b-8317-3fe424c143b7,final_local_profiler_v1,grid_search_full,european,jax,forward,50000,2.953336000064155,0.20286541179122575,16930007.286307365,0.00014766680000320774,,full,full_grid_only,dominated or outside 1.5x margin (score=2.04 vs best=0.02),,,,,,,,2.3553487529684762,,,,,,10.427615610007502,0.00390625,0a28398,2026-06-05T15:44:14.872883+00:00
5c0f1981-e3c1-434e-8776-a0970bdb3ff9,0618986f-0590-4eb6-a2f7-1718cd132cb3,european_ad_analysis,european,jax,forward,100000,3.027758600001107,0.180097854715241,33027732.13160502,,,,,,,,,,,,,2.415923931621761,,,,,,10.413244247436523,0.0,,2026-05-16T13:47:35.457510+00:00
b8596627-1429-428e-9235-700d30b1225a,056cedeb-d6ab-41ed-98b0-84bb763d7361,grid_search_full,european,jax,forward,100000,5.129987000054825,1.252359755323194,19493226.785746492,,,,,,,,,,,,,2.250661007214792,,,,,,10.444163637298749,0.125,,2026-05-25T12:32:31.103992+00:00
d5955ccd-6384-48bc-a064-e965cd4d8223,final_local_profiler_v1,grid_search_full,european,jax,forward,100000,3.8220120000460156,0.4375007639276301,26164229.729994576,0.00038220120000460157,,full,full_grid_only,dominated or outside 1.5x margin (score=2.04 vs best=0.02),,,,,,,,2.1493154322742583,,,,,,10.444163637298749,0.0078125,0a28398,2026-06-05T15:44:15.036535+00:00
cfbb510a-14d0-4bf5-b969-4c5d40a7c19a,0618986f-0590-4eb6-a2f7-1718cd132cb3,european_ad_analysis,european,jax,none,1000,0.427343000046676,0.08746390887230722,2340040.6696512545,,,,,,,,,,,,,1.0,,,,,,10.80088996887207,0.0,,2026-05-16T13:47:32.855547+00:00
fee20ccd-ce9d-4e1d-b0a2-34602eacc347,9271fc15-783b-49a3-922a-d4b710e6d149,european_scalability,european,jax,none,1000,0.4511151999395224,0.06433101206617904,2216728.6762540084,,,,,,,,,,,,,1.0,,,,,,10.80088996887207,0.0,,2026-05-16T13:48:42.520698+00:00
55899af1-4ce9-4a8f-8cd8-3d3f6f054fe8,4756fb49-946f-4274-bec5-a92a6b2e842d,probe_run,european,jax,none,1000,0.521169999956328,0.0973360767867897,1918759.7138818353,,,,,,,,,,,,,1.0,,,,,,10.69890892983176,0.0,,2026-05-25T12:32:06.468634+00:00
ae9a4770-6aed-44c2-bf6a-ef9b53c1c1d8,056cedeb-d6ab-41ed-98b0-84bb763d7361,probe_run,european,jax,none,1000,0.5222884999511734,0.1061430918596876,1914650.6195206018,,,,,,,,,,,,,1.0,,,,,,10.69890892983176,0.0,,2026-05-25T12:32:24.054339+00:00
e5c1a198-d9c9-43fa-8db3-d6503c91b6e7,final_local_profiler_v1,probe_run,european,jax,none,1000,0.5951799999669068,0.016080476987879313,1680163.9840982591,5.951799999669069e-07,,probe,,,,,,,,,,1.0,,,,,,10.69890892983176,0.03515625,0a28398,2026-06-05T15:44:07.397321+00:00
2287dbe5-9ba7-4a19-8734-4df8c155f497,0618986f-0590-4eb6-a2f7-1718cd132cb3,european_ad_analysis,european,jax,none,5000,0.5034757999055728,0.04489704027396007,9930963.913136944,,,,,,,,,,,,,1.0,,,,,,10.209883689880371,0.0,,2026-05-16T13:47:33.513959+00:00
947f22d8-0ddb-4253-a04c-e0841176f9a3,9271fc15-783b-49a3-922a-d4b710e6d149,european_scalability,european,jax,none,5000,0.5665513999701943,0.037494259753344965,8825324.587077262,,,,,,,,,,,,,1.0,,,,,,10.209883689880371,0.0,,2026-05-16T13:48:42.803700+00:00
d0dd55f3-bb37-4713-a9d7-e4571b304921,f6d5d00b-fe07-42fa-bcac-8bbf14ef6b4c,european_baseline,european,jax,none,10000,0.5735064286065088,0.0889329249639608,17436596.176084273,,,,,,,,,,,,,1.0,,,,,,10.209803581237793,0.25,,2026-05-16T13:44:10.006299+00:00
10bfc12b-bf7e-48e2-843c-1124e976349c,78d17642-3b1d-424a-9f7e-ea5e22ab3722,european_baseline,european,jax,none,10000,0.5591757143130442,0.05088870356897194,17883466.22364519,,,,,,,,,,,,,1.0,,,,,,10.209803581237793,0.25,,2026-05-16T13:46:22.027198+00:00
c4dcd8cd-0a66-46f6-a37b-673357938c98,0618986f-0590-4eb6-a2f7-1718cd132cb3,european_ad_analysis,european,jax,none,10000,0.5378628000471508,0.03952083751887379,18592101.92473502,,,,,,,,,,,,,1.0,,,,,,10.209803581237793,0.0,,2026-05-16T13:47:34.106401+00:00
e95e4b09-f816-4166-9c37-c0d09785fdac,9271fc15-783b-49a3-922a-d4b710e6d149,european_scalability,european,jax,none,10000,0.5822767998324707,0.07821054639085329,17173962.628902856,,,,,,,,,,,,,1.0,,,,,,10.209803581237793,0.25,,2026-05-16T13:48:43.099303+00:00
eba5895a-bf14-4a8c-a6ee-3c44aaeb347d,284c6a9c-211f-4dc9-adf3-8968f3722734,thread_scalability_weak,european,jax,none,10000,0.574542199865391,0.07432598944526204,17405161.887748003,,,,,,,,,,,,,1.0,,,,,,10.209803581237793,0.25,,2026-05-16T13:49:40.517534+00:00
4b2e7d25-706b-409b-8b8b-bc3d6e08c638,056cedeb-d6ab-41ed-98b0-84bb763d7361,grid_search_full,european,jax,none,10000,0.799038799959817,0.10806355594882283,12515036.817364678,,,,,,,,,,,,,1.0,,,,,,10.420809313193189,0.0,,2026-05-25T12:32:30.057285+00:00
9d0193ec-c97c-4473-afe3-bbc54deece3f,final_local_profiler_v1,profiler_selected,european,jax,none,10000,0.6224266000117495,0.03015643891407454,16066151.414176757,6.2242660001174955e-06,,full,selected,diversity guard,,,,,,,,1.0,,,,,,10.420809313193189,0.0,0a28398,2026-06-05T15:44:13.997802+00:00
33e35c26-5136-4578-a1d7-46dbba5d3133,284c6a9c-211f-4dc9-adf3-8968f3722734,thread_scalability_weak,european,jax,none,20000,0.696472199888376,0.08915170946380112,28716149.76621523,,,,,,,,,,,,,1.0,,,,,,10.391823768615723,0.5,,2026-05-16T13:49:47.586960+00:00
adad4f61-7427-4472-ba28-ebe99858e94a,284c6a9c-211f-4dc9-adf3-8968f3722734,thread_scalability_weak,european,jax,none,40000,0.806866600032663,0.049416554683809864,49574489.75875411,,,,,,,,,,,,,1.0,,,,,,10.38753604888916,0.125,,2026-05-16T13:49:54.726359+00:00
f883ac75-58a0-442a-948e-4ed17c0e5adc,0618986f-0590-4eb6-a2f7-1718cd132cb3,european_ad_analysis,european,jax,none,50000,0.8695439999428345,0.018064676522489585,57501403.03801429,,,,,,,,,,,,,1.0,,,,,,10.42736530303955,0.0,,2026-05-16T13:47:34.679237+00:00
db03f62b-f8c6-42be-b66e-502feb1f1e28,9271fc15-783b-49a3-922a-d4b710e6d149,european_scalability,european,jax,none,50000,0.9598405999895476,0.09397246375640646,52091982.77354019,,,,,,,,,,,,,1.0,,,,,,10.42736530303955,1.125,,2026-05-16T13:48:43.380632+00:00
1158c264-3e81-4081-bfd8-3851cc83044a,284c6a9c-211f-4dc9-adf3-8968f3722734,thread_scalability_strong,european,jax,none,50000,1.2272362000658177,0.3290124857415064,40741953.339804076,,,,,,,,,,,,,1.0,,,,,,10.42736530303955,1.375,,2026-05-16T13:49:36.884092+00:00
0f0a3767-e43f-4f5c-a74b-9a0783a63c73,284c6a9c-211f-4dc9-adf3-8968f3722734,thread_scalability_weak,european,jax,none,50000,0.8855793999828165,0.03866032819381674,56460211.248105116,,,,,,,,,,,,,1.0,,,,,,10.42736530303955,0.125,,2026-05-16T13:49:42.247617+00:00
fba7e4c7-d56b-40ed-9c9a-c9bf0ed63ac1,284c6a9c-211f-4dc9-adf3-8968f3722734,thread_scalability_strong,european,jax,none,50000,0.8969413999693643,0.03843518006103956,55745001.84929337,,,,,,,,,,,,,1.0,,,,,,10.42736530303955,0.25,,2026-05-16T13:49:44.120910+00:00
df5ec7f5-4464-4b4a-b565-7513b9027211,284c6a9c-211f-4dc9-adf3-8968f3722734,thread_scalability_strong,european,jax,none,50000,0.8521146000020963,0.04286724942875498,58677553.46508204,,,,,,,,,,,,,1.0,,,,,,10.42736530303955,0.0,,2026-05-16T13:49:51.190573+00:00
e00422ea-adc2-4893-8814-5b69d643965f,056cedeb-d6ab-41ed-98b0-84bb763d7361,grid_search_full,european,jax,none,50000,1.1731680000139022,0.016762407976549563,42619641.858120486,,,,,,,,,,,,,1.0,,,,,,10.427615610007502,0.0,,2026-05-25T12:32:30.345538+00:00
f8abe0be-9c05-4c6d-aa39-2cfb8c23cd91,final_local_profiler_v1,profiler_selected,european,jax,none,50000,1.3879705999897851,0.22148720566078114,36023817.79582938,6.939852999948926e-05,,full,selected,diversity guard,,,,,,,,1.0,,,,,,10.427615610007502,0.0,0a28398,2026-06-05T15:44:14.301053+00:00
4b6059ef-f56c-4503-88bd-25998e45ad4c,0618986f-0590-4eb6-a2f7-1718cd132cb3,european_ad_analysis,european,jax,none,100000,1.43940060006571,0.10059855477255351,69473362.72850998,,,,,,,,,,,,,1.0,,,,,,10.413244247436523,0.75,,2026-05-16T13:47:35.292409+00:00
7ba73eab-d711-4fcf-a6cc-6702bf0e94d7,9271fc15-783b-49a3-922a-d4b710e6d149,european_scalability,european,jax,none,100000,1.284810600009223,0.10591897296248337,77832483.63555075,,,,,,,,,,,,,1.0,,,,,,10.413244247436523,0.75,,2026-05-16T13:48:43.647260+00:00
9ad2c75b-f88f-456d-91d8-e52a3cf64743,284c6a9c-211f-4dc9-adf3-8968f3722734,thread_scalability_weak,european,jax,none,100000,1.2951161999808392,0.060863151523302045,77213148.90623672,,,,,,,,,,,,,1.0,,,,,,10.413244247436523,0.375,,2026-05-16T13:49:49.437498+00:00
e7510cfc-e1d9-4102-8cce-a32dae5e90ce,056cedeb-d6ab-41ed-98b0-84bb763d7361,grid_search_full,european,jax,none,100000,1.805129800004579,0.045348665176869044,55397678.32747891,,,,,,,,,,,,,1.0,,,,,,10.444163637298749,0.0,,2026-05-25T12:32:30.622611+00:00
de290286-0aab-4326-8532-92c9cfbd9ab5,final_local_profiler_v1,profiler_selected,european,jax,none,100000,1.8395945999145624,0.05783960263252618,54359802.97215722,0.00018395945999145625,,full,selected,diversity guard,,,,,,,,1.0,,,,,,10.444163637298749,0.0,0a28398,2026-06-05T15:44:14.575746+00:00
a881d3a1-2d6d-4162-ac4b-288f4aaa972a,284c6a9c-211f-4dc9-adf3-8968f3722734,thread_scalability_weak,european,jax,none,200000,1.898102200084395,0.16186853851821564,105368404.2888246,,,,,,,,,,,,,1.0,,,,,,10.416099548339844,0.75,,2026-05-16T13:49:56.431254+00:00
e46b35f1-7f44-4450-896d-7dd08e82e840,284c6a9c-211f-4dc9-adf3-8968f3722734,thread_scalability_strong,european,jax,none,250000,3.2772988000033365,0.4891085143006764,76282333.48748837,,,,,,,,,,,,,1.0,,,,,,10.42575454711914,4.86328125,,2026-05-16T13:49:38.763828+00:00
0b193fa4-9992-464b-bccc-2a200607ee22,284c6a9c-211f-4dc9-adf3-8968f3722734,thread_scalability_strong,european,jax,none,250000,2.34609700000874,0.38298097159849254,106559958.94418204,,,,,,,,,,,,,1.0,,,,,,10.42575454711914,3.88671875,,2026-05-16T13:49:45.833430+00:00
09620baa-0381-41a3-b659-dd3b834cf573,284c6a9c-211f-4dc9-adf3-8968f3722734,thread_scalability_strong,european,jax,none,250000,2.339414600010059,0.3447970915476719,106864341.18985367,,,,,,,,,,,,,1.0,,,,,,10.42575454711914,4.8359375,,2026-05-16T13:49:52.945621+00:00
221a439f-4fe0-492a-be83-78f62e8d6658,0618986f-0590-4eb6-a2f7-1718cd132cb3,european_ad_analysis,european,jax,reverse,1000,2.2753074001229834,0.1470437156232305,439501.0537679211,,,,,,,,,,,,,4.946544104235621,,,,,,10.80088996887207,0.125,,2026-05-16T13:47:33.266040+00:00
d856110f-9921-428f-8416-5ee861c70a85,4756fb49-946f-4274-bec5-a92a6b2e842d,probe_run,european,jax,reverse,1000,2.8295270000171513,0.8881883427214585,353415.95962644584,,,,,,,,,,,,,7.567967967005592,,,,,,10.69890892983176,0.125,,2026-05-25T12:32:06.804003+00:00
9dd6c2e8-9731-4c5e-a0d8-25b2c2da878b,056cedeb-d6ab-41ed-98b0-84bb763d7361,probe_run,european,jax,reverse,1000,2.4712055001145927,0.36115549566326616,404660.8021686698,,,,,,,,,,,,,6.4688449324258706,,,,,,10.69890892983176,0.0,,2026-05-25T12:32:24.367889+00:00
76353b1a-c680-49d6-97b2-123e56a740bb,final_local_profiler_v1,probe_run,european,jax,reverse,1000,2.3413826666001114,0.2634939305772896,427098.06229670515,2.3413826666001116e-06,,probe,,,,,,,,,,6.057111910258327,,,,,,10.69890892983176,0.03515625,0a28398,2026-06-05T15:44:07.829082+00:00
9253aac2-a29c-4642-8e8b-8a4b9ff665af,0618986f-0590-4eb6-a2f7-1718cd132cb3,european_ad_analysis,european,jax,reverse,5000,2.290407799955574,0.0758592168395322,2183017.364897632,,,,,,,,,,,,,4.662939286573736,,,,,,10.209883689880371,0.0,,2026-05-16T13:47:33.851803+00:00
05713a76-92a9-4709-bb07-ad766a101e49,0618986f-0590-4eb6-a2f7-1718cd132cb3,european_ad_analysis,european,jax,reverse,10000,2.359233800052607,0.10279330361648119,4238664.26454937,,,,,,,,,,,,,4.57803900079189,,,,,,10.209803581237793,0.0,,2026-05-16T13:47:34.447047+00:00
3319ed7f-6d3a-4e46-8247-1926e21b1ac5,056cedeb-d6ab-41ed-98b0-84bb763d7361,grid_search_full,european,jax,reverse,10000,2.4612242000330298,0.09038795143689249,4063018.7204667497,,,,,,,,,,,,,4.038169944895271,,,,,,10.420809313193189,0.0,,2026-05-25T12:32:31.349099+00:00
616ac3f2-6f3e-4b3d-8d2d-390f2fd9c63c,final_local_profiler_v1,grid_search_full,european,jax,reverse,10000,2.558452999937799,0.01848492260094611,3908611.962089246,2.558452999937799e-05,,full,full_grid_only,dominated or outside 1.5x margin (score=2.32 vs best=0.02),,,,,,,,4.260865698423261,,,,,,10.420809313193189,0.0078125,0a28398,2026-06-05T15:44:15.254212+00:00
229adee0-21aa-4fbc-9454-d9d92c68f426,0618986f-0590-4eb6-a2f7-1718cd132cb3,european_ad_analysis,european,jax,reverse,50000,2.7871274000972335,0.10789195116047846,17939617.68602887,,,,,,,,,,,,,3.2582486504395707,,,,,,10.42736530303955,0.0,,2026-05-16T13:47:35.022546+00:00
64ca56b8-813f-4dff-90a6-37b28c2ef0b7,056cedeb-d6ab-41ed-98b0-84bb763d7361,grid_search_full,european,jax,reverse,50000,3.125795999994807,0.020219463230634227,15995925.517878667,,,,,,,,,,,,,2.7136269949408907,,,,,,10.427615610007502,0.0,,2026-05-25T12:32:31.601489+00:00
6e3bd9ba-a6af-4734-a521-79a294d3c9a3,final_local_profiler_v1,grid_search_full,european,jax,reverse,50000,3.203494000035789,0.04648374018540166,15607958.060618,0.00016017470000178946,,full,full_grid_only,dominated or outside 1.5x margin (score=2.32 vs best=0.02),,,,,,,,2.8368478668326924,,,,,,10.427615610007502,0.01171875,0a28398,2026-06-05T15:44:15.534728+00:00
aba4d798-73f2-4ce7-b169-98ce0c729791,0618986f-0590-4eb6-a2f7-1718cd132cb3,european_ad_analysis,european,jax,reverse,100000,3.264419799870666,0.08513627908292704,30633314.993360206,,,,,,,,,,,,,2.6494625784969794,,,,,,10.413244247436523,0.0,,2026-05-16T13:47:35.703321+00:00
c5cc54b5-f095-471b-8150-a5093125cb2f,056cedeb-d6ab-41ed-98b0-84bb763d7361,grid_search_full,european,jax,reverse,100000,3.9401590000124997,0.10629180376500287,25379686.45419709,,,,,,,,,,,,,2.22449850867217,,,,,,10.444163637298749,0.0,,2026-05-25T12:32:31.891028+00:00
f29dd063-09ec-4209-83ef-5688524bec37,final_local_profiler_v1,grid_search_full,european,jax,reverse,100000,3.929388400001699,0.11238647796934291,25449253.120398268,0.0003929388400001699,,full,full_grid_only,dominated or outside 1.5x margin (score=2.32 vs best=0.02),,,,,,,,2.185440034280127,,,,,,10.444163637298749,0.01171875,0a28398,2026-06-05T15:44:15.834249+00:00
59ff5dd6-6f39-4ad6-ac80-78c07999513b,final_local_profiler_v1,probe_run,european,rust,none,1000,0.6907339998936853,1.0641671563176776,1447735.3078810591,6.907339998936853e-07,,probe,,,,,,,,,,1.0,,,,,,13.433277824059052,0.00390625,0a28398,2026-06-05T15:44:07.847090+00:00
4cf528f7-00d3-474b-802e-630e9e13eb80,final_local_profiler_v1,profiler_selected,european,rust,none,10000,0.18341999998483516,0.08846699633835084,54519681.60956702,1.8341999998483516e-06,,full,selected,diversity guard,,,,,,,,1.0,,,,,,10.776247609033549,0.015625,0a28398,2026-06-05T15:44:15.909486+00:00
864bc9e9-c64c-4957-b728-0b76c739f2ce,final_local_profiler_v1,profiler_selected,european,rust,none,50000,0.3019728000253963,0.021532819899967137,165577826.86319742,1.5098640001269813e-05,,full,selected,diversity guard,,,,,,,,1.0,,,,,,10.807501214098027,0.00390625,0a28398,2026-06-05T15:44:15.918735+00:00
bb2a8d2a-7c46-4898-a629-aedac7772119,final_local_profiler_v1,profiler_selected,european,rust,none,100000,0.49897259996214416,0.029474737312212885,200411806.19454205,4.989725999621442e-05,,full,selected,diversity guard,,,,,,,,1.0,,,,,,10.682168697330116,0.00390625,0a28398,2026-06-05T15:44:15.928413+00:00
a28480d3-b9ba-4392-98b3-4b80a10574b4,6f71b5dd-f2d6-4b5c-9b9f-c646ebb5d39b,lv_smoke_test,european_local_vol,cpp,none,1000,7.426610999573313,0.0,134650.9195186679,,,,,,,,,,,,,1.0,,,,,,10.799289953487206,0.0,,2026-05-16T15:18:41.192782+00:00
01cafbd0-d126-4879-b49b-a02f4d3aebe4,final_local_profiler_v1,probe_run,european_local_vol,cpp,none,1000,5.880650000032499,0.042166954476046375,170049.22925092865,5.880650000032498e-06,,probe,,,,,,,,,,1.0,,,,,,10.799289953487206,0.0,0a28398,2026-06-05T15:44:09.068720+00:00
a4e2a292-3a8e-4b23-ac8f-55aa0c1f87e0,cbd4cf72-44db-4594-9fb4-154ee88eb4a1,lv_engine_scalability,european_local_vol,cpp,none,10000,69.82895185722425,12.902383594213639,143207.07577634128,,,,,,,,,,,,,1.0,,,,,,10.299848161476232,0.0,,2026-05-16T15:18:44.315211+00:00
837b4a80-a51a-44d3-a1a2-908744c8610b,final_local_profiler_v1,profiler_selected,european_local_vol,cpp,none,10000,60.83712219997324,3.8453143760113218,164373.3240229499,0.0006083712219997323,,full,selected,top-3 probe Pareto; diversity guard; fastest probe runtime,,,,,,,,1.0,,,,,,10.29984816147623,0.0,0a28398,2026-06-05T15:45:48.118627+00:00
505d97fb-a507-4e07-ad50-8a71d60feec4,cbd4cf72-44db-4594-9fb4-154ee88eb4a1,lv_engine_scalability,european_local_vol,cpp,none,25000,158.8224934284881,19.20654539504942,157408.43416021913,,,,,,,,,,,,,1.0,,,,,,10.452371317043232,0.0,,2026-05-16T15:18:51.250878+00:00
a69c7546-50e0-49ee-8564-ff7b1cf2a065,cbd4cf72-44db-4594-9fb4-154ee88eb4a1,lv_engine_scalability,european_local_vol,cpp,none,50000,338.5677401429348,45.3614093577065,147680.93374428188,,,,,,,,,,,,,1.0,,,,,,10.453598428849663,0.0,,2026-05-16T15:19:04.661014+00:00
40694b36-c9cb-4e11-9a02-994a9dc76ca6,174e1fa8-5fd6-45c9-b8cf-08798b5e5240,lv_n_scaling,european_local_vol,cpp,none,50000,17.553552142739395,5.903005592182773,2848426.3238242236,,,,,,,,,,,,,1.0,,,,,,10.48910440930243,0.0,,2026-05-16T15:27:40.981731+00:00
c970b9f4-6e9a-496e-b5b3-3248aaa98513,174e1fa8-5fd6-45c9-b8cf-08798b5e5240,lv_n_scaling,european_local_vol,cpp,none,50000,66.69018385725524,8.285019122564792,749735.524901548,,,,,,,,,,,,,1.0,,,,,,10.39965508734385,0.0,,2026-05-16T15:27:42.767902+00:00
2c49c722-9ba1-4b8c-a540-fa0b2eca8f60,174e1fa8-5fd6-45c9-b8cf-08798b5e5240,lv_n_scaling,european_local_vol,cpp,none,50000,170.19224614289539,25.689137413626423,293785.41698086186,,,,,,,,,,,,,1.0,,,,,,10.451137765515014,0.0,,2026-05-16T15:27:47.028798+00:00
3711f9b9-484e-4bec-9a1f-eb1e2f0e3a9c,174e1fa8-5fd6-45c9-b8cf-08798b5e5240,lv_n_scaling,european_local_vol,cpp,none,50000,328.01733842851326,49.2742779686654,152430.96672737863,,,,,,,,,,,,,1.0,,,,,,10.453598428849663,0.0,,2026-05-16T15:27:54.967842+00:00
d8bdeada-ab95-4f52-8500-79fac594be70,174e1fa8-5fd6-45c9-b8cf-08798b5e5240,lv_n_scaling,european_local_vol,cpp,none,50000,633.1583072856769,32.17795471813005,78969.19210354816,,,,,,,,,,,,,1.0,,,,,,10.504946561828744,0.0,,2026-05-16T15:28:10.806417+00:00
a59ee646-7b2c-49b5-8c7d-742b5b5e73bb,76a54437-9266-4d5b-b746-66151ecbb7b6,lv_thread_weak,european_local_vol,cpp,none,50000,961.8084953999642,7.582165477894453,51985.400668776274,,,,,,,,,,,,,1.0,,,,,,10.452699989366025,0.0,,2026-05-16T15:44:02.610805+00:00
cfd2fc16-d15a-4595-b838-7280ae576d68,00080891-e2a7-4f0c-80be-7e8504465a96,lv_surface_sensitivity,european_local_vol,cpp,none,50000,347.7610767141804,64.46725302134752,143776.87253681428,,,,,,,,,,,,,1.0,,,,,,10.444313911839531,0.0,,2026-05-16T15:45:17.405142+00:00
6d33139e-2cb8-4b25-823c-60b42971f7ab,00080891-e2a7-4f0c-80be-7e8504465a96,lv_surface_sensitivity,european_local_vol,cpp,none,50000,327.91096671423605,14.382352321862497,152480.41412281708,,,,,,,,,,,,,1.0,,,,,,10.448259895776049,0.0,,2026-05-16T15:45:33.608365+00:00
471bb295-fd05-40e0-b828-1e1d2fd7b065,00080891-e2a7-4f0c-80be-7e8504465a96,lv_surface_sensitivity,european_local_vol,cpp,none,50000,341.15999714283265,75.30549739123933,146558.8006177249,,,,,,,,,,,,,1.0,,,,,,10.45842707551814,0.0,,2026-05-16T15:45:50.108915+00:00
4248d9cd-b3e1-4974-bcfd-f777d3bb99ca,final_local_profiler_v1,profiler_selected,european_local_vol,cpp,none,50000,382.1981216000495,83.3895938758683,130822.20234541708,0.019109906080002476,,full,selected,top-3 probe Pareto; diversity guard; fastest probe runtime,,,,,,,,1.0,,,,,,10.453598428849663,0.0,0a28398,2026-06-05T15:45:50.704238+00:00
773620d2-783d-4dc2-ac36-9c59fcd2bd32,cbd4cf72-44db-4594-9fb4-154ee88eb4a1,lv_engine_scalability,european_local_vol,cpp,none,100000,633.3619265713943,41.82182305701553,157887.6086558192,,,,,,,,,,,,,1.0,,,,,,10.481566278295533,0.0,,2026-05-16T15:19:30.425410+00:00
ae1b9971-dce8-4309-b2ea-43bd0bafbc0b,3d7ce98b-69f1-47c5-aaeb-f1457800473b,lv_thread_strong,european_local_vol,cpp,none,100000,1944.4323001998782,37.310904203764125,51428.89263345424,,,,,,,,,,,,,1.0,,,,,,10.425932517908521,0.0,,2026-05-16T15:43:01.646711+00:00
00c60c3f-4bf7-4a9e-a7f7-b9596ed905d4,3d7ce98b-69f1-47c5-aaeb-f1457800473b,lv_thread_strong,european_local_vol,cpp,none,100000,973.8668684001823,5.893674090717796,102683.43984663405,,,,,,,,,,,,,1.0,,,,,,10.430637509263624,0.0,,2026-05-16T15:43:09.129951+00:00
540ad813-514a-438c-a0f6-56153f5905ce,3d7ce98b-69f1-47c5-aaeb-f1457800473b,lv_thread_strong,european_local_vol,cpp,none,100000,629.8642689998815,31.74332599778868,158764.36388236974,,,,,,,,,,,,,1.0,,,,,,10.481566278295535,0.0,,2026-05-16T15:43:14.265100+00:00
1b1aa6c6-9698-4c85-b097-57873d9c539d,76a54437-9266-4d5b-b746-66151ecbb7b6,lv_thread_weak,european_local_vol,cpp,none,100000,975.2098519998981,13.82497833692912,102542.03215331181,,,,,,,,,,,,,1.0,,,,,,10.430637509263624,0.0,,2026-05-16T15:44:10.247662+00:00
72a10ab2-8c56-4bf3-8754-f6324a201cae,46ddfaae-2386-46e6-8915-55044c89db35,lv_timing_stability,european_local_vol,cpp,none,100000,632.7069194001069,43.434175040329066,158051.06113714346,,,,,,,,,,,,,1.0,,,,,,10.481566278295535,0.0,,2026-05-16T15:47:03.739753+00:00
1153b411-1070-459b-8567-91148fe7ae6d,final_local_profiler_v1,profiler_selected,european_local_vol,cpp,none,100000,667.8773445999013,120.47607643509694,149728.0912558967,0.06678773445999013,,full,selected,top-3 probe Pareto; diversity guard; fastest probe runtime,,,,,,,,1.0,,,,,,10.481566278295535,0.0,0a28398,2026-06-05T15:45:55.285621+00:00
a815bdcb-4813-4a69-8f2e-2a519bdc9e38,76a54437-9266-4d5b-b746-66151ecbb7b6,lv_thread_weak,european_local_vol,cpp,none,200000,1238.6946654001804,29.62349313469987,161460.29008317942,,,,,,,,,,,,,1.0,,,,,,10.442908206434115,0.0,,2026-05-16T15:44:19.728128+00:00
aba9b498-9b98-4043-a264-ce800b4ff950,cbd4cf72-44db-4594-9fb4-154ee88eb4a1,lv_engine_scalability,european_local_vol,cpp,none,250000,1620.9604538571512,61.93189544261422,154229.5491571761,,,,,,,,,,,,,1.0,,,,,,10.439309015302879,0.0,,2026-05-16T15:20:32.566241+00:00
85258c31-fced-4af3-891d-14635ae8cc20,cbd4cf72-44db-4594-9fb4-154ee88eb4a1,lv_engine_scalability,european_local_vol,cpp,none,500000,3062.6414965714243,82.0890734282187,163257.76313020693,,,,,,,,,,,,,1.0,,,,,,10.463007482270225,0.0,,2026-05-16T15:22:37.768795+00:00
091db5f4-8229-4ccc-a900-d1ed05a6dc35,cd7d90a0-0fff-4d39-bca7-22988ffc6f59,lv_stress_limit,european_local_vol,cpp,none,500000,3099.26238800017,41.94168571790597,161328.70902957977,,,,,,,,,,,,,1.0,,,,,,10.463007482270225,0.0,,2026-05-16T15:47:30.485679+00:00
95fc5c55-3e4f-46e1-8fd2-cc817d5a4fd1,cd7d90a0-0fff-4d39-bca7-22988ffc6f59,lv_stress_limit,european_local_vol,cpp,none,1000000,6362.970342999991,202.2264410553729,157159.30549638922,,,,,,,,,,,,,1.0,,,,,,10.465653162800482,0.0,,2026-05-16T15:49:05.117878+00:00
998d4b61-66a8-455d-aa77-6425060997b9,6f71b5dd-f2d6-4b5c-9b9f-c646ebb5d39b,lv_smoke_test,european_local_vol,cpu,none,1000,15.999121000277228,0.0,62503.43378131038,,,,,,,,,,,,,1.0,,,,,,10.617705144273907,1.75,,2026-05-16T15:18:39.891825+00:00
5bd79669-5719-4d18-8857-89cb52955bcb,056cedeb-d6ab-41ed-98b0-84bb763d7361,probe_run,european_local_vol,cpu,none,1000,13.959129499880873,0.5072833546685165,71637.70491623665,,,,,,,,,,,,,1.0,,,,,,10.617705144273907,1.75,,2026-05-25T12:32:24.416612+00:00
3a18cf1e-57f0-49f5-b1d4-2756e50978fb,final_local_profiler_v1,probe_run,european_local_vol,cpu,none,1000,15.125995999900018,2.42792174377348,66111.34896549027,1.512599599990002e-05,,probe,,,,,,,,,,1.0,,,,,,10.617705144273907,0.0,0a28398,2026-06-05T15:44:07.919349+00:00
766b1cc1-e0cd-48ba-9751-d85be42d6bad,cbd4cf72-44db-4594-9fb4-154ee88eb4a1,lv_engine_scalability,european_local_vol,cpu,none,10000,100.66389414259902,3.467619111287444,99340.4843432159,,,,,,,,,,,,,1.0,,,,,,10.602178772105725,0.0,,2026-05-16T15:18:42.234756+00:00
ae41dd47-a785-4db7-ae8b-eef75c957e0f,056cedeb-d6ab-41ed-98b0-84bb763d7361,grid_search_full,european_local_vol,cpu,none,10000,114.55702280004516,19.048925197596812,87292.7713690204,,,,,,,,,,,,,1.0,,,,,,10.602178772105725,0.0,,2026-05-25T12:32:32.690477+00:00
7a76ab46-4b98-495e-90d4-12fa7ea4f178,final_local_profiler_v1,profiler_selected,european_local_vol,cpu,none,10000,102.57394739992378,5.78114181979646,97490.64215118068,0.0010257394739992378,,full,selected,diversity guard,,,,,,,,1.0,,,,,,10.602178772105725,0.0,0a28398,2026-06-05T15:44:16.663065+00:00
8cd273b0-97c3-4a21-a947-ff313c787460,cbd4cf72-44db-4594-9fb4-154ee88eb4a1,lv_engine_scalability,european_local_vol,cpu,none,25000,255.7871315713263,7.580369457193862,97737.52043905595,,,,,,,,,,,,,1.0,,,,,,10.692873528636373,0.01171875,,2026-05-16T15:18:47.471201+00:00
41234401-294d-47fc-a0e6-3a6747a22cfb,cbd4cf72-44db-4594-9fb4-154ee88eb4a1,lv_engine_scalability,european_local_vol,cpu,none,50000,501.54032571429394,10.409794779944491,99692.88098377729,,,,,,,,,,,,,1.0,,,,,,10.497984162229226,0.0,,2026-05-16T15:18:57.585250+00:00
4068da33-acea-4c44-a80b-c9ef07ad559a,056cedeb-d6ab-41ed-98b0-84bb763d7361,grid_search_full,european_local_vol,cpu,none,50000,559.3194634000156,10.000731124138255,89394.35022707384,,,,,,,,,,,,,1.0,,,,,,10.497984162229226,0.0,,2026-05-25T12:32:36.753524+00:00
950470d3-036b-45d7-b473-4c0c6bc3b4e2,final_local_profiler_v1,profiler_selected,european_local_vol,cpu,none,50000,512.7442810000048,20.402437369366204,97514.49572969403,0.02563721405000024,,full,selected,diversity guard,,,,,,,,1.0,,,,,,10.497984162229226,0.0,0a28398,2026-06-05T15:44:20.411817+00:00
c94e82d4-cb55-4ad0-89bf-91eedf913fe3,cbd4cf72-44db-4594-9fb4-154ee88eb4a1,lv_engine_scalability,european_local_vol,cpu,none,100000,995.3763525714488,24.65941626143048,100464.51248481104,,,,,,,,,,,,,1.0,,,,,,10.493294790051618,0.0,,2026-05-16T15:19:17.131258+00:00
1ccc1e13-325b-4bdb-9972-74a15218ed7e,056cedeb-d6ab-41ed-98b0-84bb763d7361,grid_search_full,european_local_vol,cpu,none,100000,1008.1464273999701,51.97830309692041,99191.94006162578,,,,,,,,,,,,,1.0,,,,,,10.493294790051618,0.0,,2026-05-25T12:32:43.986114+00:00
4f2d2a5a-8dd4-4ae8-9017-f6d4c00714ae,final_local_profiler_v1,profiler_selected,european_local_vol,cpu,none,100000,1004.5663428000353,32.18339058601455,99545.44139043047,0.10045663428000354,,full,selected,diversity guard,,,,,,,,1.0,,,,,,10.493294790051618,0.0,0a28398,2026-06-05T15:44:27.481201+00:00
28c35c87-43f8-429c-b8e1-71c164dc8560,cbd4cf72-44db-4594-9fb4-154ee88eb4a1,lv_engine_scalability,european_local_vol,cpu,none,250000,2448.3271087141734,25.725065531890685,102110.53870628276,,,,,,,,,,,,,1.0,,,,,,10.454892619023589,0.0,,2026-05-16T15:20:00.153846+00:00
746ef2b3-bbcf-4266-8a0c-c7a9de9079ac,cbd4cf72-44db-4594-9fb4-154ee88eb4a1,lv_engine_scalability,european_local_vol,cpu,none,500000,5022.383864142545,52.02000513489001,99554.31793451005,,,,,,,,,,,,,1.0,,,,,,10.47541527755872,0.0,,2026-05-16T15:21:35.130643+00:00
7a43f8b6-71cc-4d8f-ba79-48b0a1a158e9,6f71b5dd-f2d6-4b5c-9b9f-c646ebb5d39b,lv_smoke_test,european_local_vol,jax,forward,1000,45.499030999963,0.0,21978.490047421303,,,,,,,,,,,,,4.997101180464567,,,,,,10.338233718138095,0.0,,2026-05-16T15:18:40.698916+00:00
e7de97f3-b1fa-4fca-b8a5-f54444cb3855,056cedeb-d6ab-41ed-98b0-84bb763d7361,probe_run,european_local_vol,jax,forward,1000,41.844230000037896,0.18820495501564002,23898.157523727747,,,,,,,,,,,,,4.587406222723278,,,,,,10.338233718138095,0.0,,2026-05-25T12:32:25.169667+00:00
79355ed8-6a6a-445e-8dff-383a2b7912cc,final_local_profiler_v1,probe_run,european_local_vol,jax,forward,1000,48.44876733333573,3.2462264496328723,20640.36001411203,4.844876733333573e-05,,probe,,,,,,,,,,5.023747775251699,,,,,,10.338233718138095,4.75,0a28398,2026-06-05T15:44:08.448657+00:00
8ebb8389-369a-458a-8e47-3e64abdffe3e,506efe78-9cf3-4de6-9ad0-e868b4ca2ba7,lv_ad_m_scaling,european_local_vol,jax,forward,5000,210.41767699989578,4.59665285316186,23762.262141134066,,,,,,,,,,,,,4.936357419815909,,,,,,10.858841281852154,16.39453125,,2026-05-16T15:23:05.770247+00:00
dbd079fa-5ef2-4205-82df-e205adfec466,506efe78-9cf3-4de6-9ad0-e868b4ca2ba7,lv_ad_m_scaling,european_local_vol,jax,forward,10000,437.0419698569614,7.593320325903556,22881.097674149878,,,,,,,,,,,,,5.02126973836289,,,,,,10.72713156721504,32.41015625,,2026-05-16T15:23:14.177103+00:00
73be12f6-caf4-4145-aaef-f5c6a6309f37,056cedeb-d6ab-41ed-98b0-84bb763d7361,grid_search_full,european_local_vol,jax,forward,10000,435.0371969999742,11.190910067813434,22986.540160152315,,,,,,,,,,,,,5.051518036116198,,,,,,10.72713156721504,0.03515625,,2026-05-25T12:32:56.547927+00:00
00dfcd09-a5ab-4c1e-b7b1-04ce3b29fc94,final_local_profiler_v1,grid_search_full,european_local_vol,jax,forward,10000,442.56623279998166,23.59199834045413,22595.487994493047,0.004425662327999816,,full,full_grid_only,dominated or outside 1.5x margin (score=46.50 vs best=5.92),,,,,,,,4.440911173516454,,,,,,10.72713156721504,0.0546875,0a28398,2026-06-05T15:44:40.339481+00:00
71d41e90-04af-407c-b988-5e40a3e33c6f,506efe78-9cf3-4de6-9ad0-e868b4ca2ba7,lv_ad_m_scaling,european_local_vol,jax,forward,25000,985.6953071430326,51.18392764582992,25362.80716650738,,,,,,,,,,,,,5.998537305889385,,,,,,10.548734688295786,0.08203125,,2026-05-16T15:23:30.573232+00:00
fc8810c5-13be-4643-88c0-a4ddec4ca42a,700fca65-155a-4d84-baa6-1215146464bf,lv_ad_n_scaling,european_local_vol,jax,forward,25000,50.13446059983835,3.515804230950466,498659.00023427414,,,,,,,,,,,,,7.142770320058824,,,,,,10.49956378908301,0.0,,2026-05-16T15:28:17.004862+00:00
2e1e8ef1-c6b7-44af-961b-3ad6aec3a7b4,700fca65-155a-4d84-baa6-1215146464bf,lv_ad_n_scaling,european_local_vol,jax,forward,25000,203.33318159991904,3.796665204173749,122950.91142177826,,,,,,,,,,,,,5.107919473016241,,,,,,10.676378709588317,0.0,,2026-05-16T15:28:20.408960+00:00
e11166bf-704b-4b39-9d3e-751ae6b3f3c4,700fca65-155a-4d84-baa6-1215146464bf,lv_ad_n_scaling,european_local_vol,jax,forward,25000,504.74840520018915,27.039492249871067,49529.62652766521,,,,,,,,,,,,,6.810631138029367,,,,,,10.606137563195734,0.00390625,,2026-05-16T15:28:27.560252+00:00
be1069b0-a19f-4237-81ae-f937e46d4b7b,700fca65-155a-4d84-baa6-1215146464bf,lv_ad_n_scaling,european_local_vol,jax,forward,25000,974.6306375998756,15.792379250342933,25650.742994869288,,,,,,,,,,,,,6.6158690262289745,,,,,,10.548734688295786,0.0,,2026-05-16T15:28:40.288492+00:00
0f8e73fa-8da5-41a9-b3b8-bfbcded18cb7,700fca65-155a-4d84-baa6-1215146464bf,lv_ad_n_scaling,european_local_vol,jax,forward,25000,1901.4949376000004,13.453427073613518,13147.550122617795,,,,,,,,,,,,,6.317165556575866,,,,,,10.390304424697037,0.0,,2026-05-16T15:29:05.475605+00:00
233681b6-ce58-4844-8fa1-f033a43dcfc1,70cfc986-0bf3-4101-8401-157eb3f5eaf6,lv_memory_pressure,european_local_vol,jax,forward,25000,961.799721999887,16.859511486786914,25992.93743609851,,,,,,,,,,,,,5.9797128193023825,,,,,,10.548734688295786,0.0078125,,2026-05-16T15:29:24.521118+00:00
342fd621-da87-46d7-8a6a-f6caeb7f5cfc,70cfc986-0bf3-4101-8401-157eb3f5eaf6,lv_memory_pressure,european_local_vol,jax,forward,25000,1979.6349022000868,100.78128547047005,12628.591247919505,,,,,,,,,,,,,6.056201492045372,,,,,,10.390304424697037,0.01953125,,2026-05-16T15:33:02.642706+00:00
d48ce452-0fbc-40ca-955e-17dd69a4d3df,506efe78-9cf3-4de6-9ad0-e868b4ca2ba7,lv_ad_m_scaling,european_local_vol,jax,forward,50000,1511.258251714415,31.85491244285052,33085.013725006,,,,,,,,,,,,,4.868035715345263,,,,,,10.398122891668713,0.015625,,2026-05-16T15:23:58.429931+00:00
a47a1576-4243-4f9d-bdc1-c94a122317b6,70cfc986-0bf3-4101-8401-157eb3f5eaf6,lv_memory_pressure,european_local_vol,jax,forward,50000,1515.6985413999791,38.297672846398854,32988.09006823835,,,,,,,,,,,,,4.858780635569867,,,,,,10.398122891668713,0.00390625,,2026-05-16T15:29:45.910092+00:00
bf17d671-4f5c-4111-b4f2-508c46326c88,70cfc986-0bf3-4101-8401-157eb3f5eaf6,lv_memory_pressure,european_local_vol,jax,forward,50000,3006.0401000002457,49.280040092830234,16633.177980558514,,,,,,,,,,,,,4.821791745441832,,,,,,10.457136092807664,0.0,,2026-05-16T15:33:46.062126+00:00
52f8d421-3a56-4ce7-a67d-5e422d629940,056cedeb-d6ab-41ed-98b0-84bb763d7361,grid_search_full,european_local_vol,jax,forward,50000,1539.4094845999916,22.67875447662681,32479.986969154124,,,,,,,,,,,,,4.781520140849057,,,,,,10.398122891668713,0.02734375,,2026-05-25T12:33:10.000643+00:00
8eb84f9b-cdef-4791-899b-9499c5677672,final_local_profiler_v1,grid_search_full,european_local_vol,jax,forward,50000,1548.2109653999487,51.78867476325274,32295.340310474756,0.07741054826999744,,full,full_grid_only,dominated or outside 1.5x margin (score=46.50 vs best=5.92),,,,,,,,4.867965613437781,,,,,,10.398122891668713,0.05078125,0a28398,2026-06-05T15:44:53.666612+00:00
38b57971-1b63-4de0-91c0-911d6d183b3f,506efe78-9cf3-4de6-9ad0-e868b4ca2ba7,lv_ad_m_scaling,european_local_vol,jax,forward,100000,3121.296381428562,105.98364090145346,32037.97005468342,,,,,,,,,,,,,4.855217326367234,,,,,,10.490112213077344,0.0078125,,2026-05-16T15:24:53.035691+00:00
2510c3de-d186-48a0-8cf4-9bbd818c12ae,70cfc986-0bf3-4101-8401-157eb3f5eaf6,lv_memory_pressure,european_local_vol,jax,forward,100000,3103.6315758003184,62.73717661338266,32220.319183411284,,,,,,,,,,,,,4.800602251298873,,,,,,10.490112213077344,0.00390625,,2026-05-16T15:30:29.803856+00:00
5081d2af-11bc-47c2-91cc-1246fe2f0608,70cfc986-0bf3-4101-8401-157eb3f5eaf6,lv_memory_pressure,european_local_vol,jax,forward,100000,6101.8701308001255,133.6986610449296,16388.418281017595,,,,,,,,,,,,,4.896215150496303,,,,,,10.509094316147523,0.015625,,2026-05-16T15:35:11.197824+00:00
41c9cdd4-7adb-4fcf-9152-8509df03e8e8,056cedeb-d6ab-41ed-98b0-84bb763d7361,grid_search_full,european_local_vol,jax,forward,100000,2850.106509399984,54.703858160258356,35086.40805885265,,,,,,,,,,,,,4.542976697630656,,,,,,10.490112213077344,0.015625,,2026-05-25T12:33:34.823478+00:00
b4ca2743-434a-4b96-b683-48ebfaaced66,final_local_profiler_v1,grid_search_full,european_local_vol,jax,forward,100000,3148.75032380005,126.69207300136617,31758.63111283959,0.314875032380005,,full,full_grid_only,dominated or outside 1.5x margin (score=46.50 vs best=5.92),,,,,,,,4.799035105056696,,,,,,10.490112213077344,0.01171875,0a28398,2026-06-05T15:45:20.691761+00:00
0afeafea-74fd-4771-b41b-f4c55fdaead8,506efe78-9cf3-4de6-9ad0-e868b4ca2ba7,lv_ad_m_scaling,european_local_vol,jax,forward,250000,6252.3898927143555,109.7291494041029,39984.71053305783,,,,,,,,,,,,,4.075019522436491,,,,,,10.462634454351376,0.015625,,2026-05-16T15:26:47.742648+00:00
523bf236-2e95-4f42-9d71-fe358a8e5771,70cfc986-0bf3-4101-8401-157eb3f5eaf6,lv_memory_pressure,european_local_vol,jax,forward,250000,6278.736117999688,161.77156988192692,39816.93055761775,,,,,,,,,,,,,4.062590264031267,,,,,,10.462634454351376,0.0078125,,2026-05-16T15:32:00.389497+00:00
94e42500-a670-4a01-9dc5-b30733264efb,70cfc986-0bf3-4101-8401-157eb3f5eaf6,lv_memory_pressure,european_local_vol,jax,forward,250000,12392.933222600186,121.28286145184522,20172.78682209723,,,,,,,,,,,,,4.01229372547629,,,,,,10.46439424062079,0.01171875,,2026-05-16T15:38:12.230780+00:00
b06ff781-ee27-4cd1-bc83-12311ae68db3,6f71b5dd-f2d6-4b5c-9b9f-c646ebb5d39b,lv_smoke_test,european_local_vol,jax,none,1000,10.205069999756233,0.0,97990.50864167388,,,,,,,,,,,,,1.0,,,,,,10.338233718138095,4.8671875,,2026-05-16T15:18:40.385834+00:00
17a5be6d-7875-4580-9d3a-c2a3aec1697c,056cedeb-d6ab-41ed-98b0-84bb763d7361,probe_run,european_local_vol,jax,none,1000,10.009663499999988,0.22006789370891672,99903.4582930786,,,,,,,,,,,,,1.0,,,,,,10.338233718138095,3.0,,2026-05-25T12:32:24.797635+00:00
080855a2-6c80-43c4-9254-c44efab273c9,final_local_profiler_v1,probe_run,european_local_vol,jax,none,1000,10.010629666718765,0.8174730073643817,99893.81620265002,1.0010629666718765e-05,,probe,,,,,,,,,,1.0,,,,,,10.338233718138095,1.9296875,0a28398,2026-06-05T15:44:07.969074+00:00
8d33284e-f064-4373-bfe6-ba2f0a4c5f9a,506efe78-9cf3-4de6-9ad0-e868b4ca2ba7,lv_ad_m_scaling,european_local_vol,jax,none,5000,42.420804142758634,0.2456231103753426,117866.69538779868,,,,,,,,,,,,,1.0,,,,,,10.858841281852154,0.0,,2026-05-16T15:23:03.030215+00:00
5998900a-13b8-44a6-b2ed-da22cbe3e57f,cbd4cf72-44db-4594-9fb4-154ee88eb4a1,lv_engine_scalability,european_local_vol,jax,none,10000,93.37915385705335,12.634434110798043,107090.28286236344,,,,,,,,,,,,,1.0,,,,,,10.72713156721504,0.0,,2026-05-16T15:18:43.509627+00:00
6df7c51f-5a3f-4e8d-b449-6216b98fc231,506efe78-9cf3-4de6-9ad0-e868b4ca2ba7,lv_ad_m_scaling,european_local_vol,jax,none,10000,98.76032471428127,19.84916499393749,101255.23613789766,,,,,,,,,,,,,1.0,,,,,,10.72713156721504,0.0,,2026-05-16T15:23:08.494037+00:00
dc200e0e-6c45-4970-b6a2-41196b6e7bab,056cedeb-d6ab-41ed-98b0-84bb763d7361,profiler_selected,european_local_vol,jax,none,10000,87.47318859996085,5.837455674197708,114320.74399085614,,,,,,,,,,,,,1.0,,,,,,10.72713156721504,43.203125,,2026-05-25T12:32:44.946228+00:00
830a295f-0f66-4b85-ba95-33c9fd81fd8a,final_local_profiler_v1,profiler_selected,european_local_vol,jax,none,10000,87.03780519995234,5.877543447489013,114892.60301344864,0.0008703780519995234,,full,selected,within 1.5x safety margin; diversity guard,,,,,,,,1.0,,,,,,10.72713156721504,0.0,0a28398,2026-06-05T15:44:28.438840+00:00
08767c04-2f42-4967-a54c-9d22d860bfda,cbd4cf72-44db-4594-9fb4-154ee88eb4a1,lv_engine_scalability,european_local_vol,jax,none,25000,199.5782585714291,41.35951314144285,125264.14539814462,,,,,,,,,,,,,1.0,,,,,,10.548734688295786,0.0234375,,2026-05-16T15:18:49.666453+00:00
4b42f76b-5d71-4f60-ab96-f35bc0b714a3,506efe78-9cf3-4de6-9ad0-e868b4ca2ba7,lv_ad_m_scaling,european_local_vol,jax,none,25000,166.07530185709558,20.653558740896763,150534.12349966398,,,,,,,,,,,,,1.0,,,,,,10.548734688295786,0.0,,2026-05-16T15:23:18.887936+00:00
64ca8ef4-ab5d-49ce-b61a-35b690984509,700fca65-155a-4d84-baa6-1215146464bf,lv_ad_n_scaling,european_local_vol,jax,none,25000,7.4746981998032425,0.7493882852503615,3344616.6429379154,,,,,,,,,,,,,1.0,,,,,,10.49956378908301,0.0,,2026-05-16T15:28:16.328576+00:00
20266fc8-29ba-4ef0-af90-3bfbf651574d,700fca65-155a-4d84-baa6-1215146464bf,lv_ad_n_scaling,european_local_vol,jax,none,25000,28.67228699979023,0.8524348417618886,871922.0758421852,,,,,,,,,,,,,1.0,,,,,,10.676378709588317,0.0,,2026-05-16T15:28:18.253109+00:00
fcf9d013-2b8d-4c5f-958d-aafedcf6f490,700fca65-155a-4d84-baa6-1215146464bf,lv_ad_n_scaling,european_local_vol,jax,none,25000,72.55212479994952,1.9749320877864898,344579.84613039746,,,,,,,,,,,,,1.0,,,,,,10.606137563195734,0.04296875,,2026-05-16T15:28:22.745992+00:00
46ae88d5-9211-41a4-bf07-a1d9de1c92a8,700fca65-155a-4d84-baa6-1215146464bf,lv_ad_n_scaling,european_local_vol,jax,none,25000,156.72099239982344,5.295875160547003,159519.1532237143,,,,,,,,,,,,,1.0,,,,,,10.548734688295786,0.0,,2026-05-16T15:28:31.339658+00:00
03a00fb8-7699-41e9-941e-f98706326712,700fca65-155a-4d84-baa6-1215146464bf,lv_ad_n_scaling,european_local_vol,jax,none,25000,329.52283159993385,27.739400848371808,75867.27717353415,,,,,,,,,,,,,1.0,,,,,,10.390304424697037,0.0,,2026-05-16T15:28:47.386434+00:00
359a1902-d1fa-4f54-a80c-2e878ecb1b16,70cfc986-0bf3-4101-8401-157eb3f5eaf6,lv_memory_pressure,european_local_vol,jax,none,25000,152.39335259993823,5.725831192097191,164049.15026464307,,,,,,,,,,,,,1.0,,,,,,10.548734688295786,0.0,,2026-05-16T15:29:15.518320+00:00
b106f267-5eb0-4599-b92b-937322e52b9c,70cfc986-0bf3-4101-8401-157eb3f5eaf6,lv_memory_pressure,european_local_vol,jax,none,25000,334.4965674001287,61.86181239656341,74739.18251033862,,,,,,,,,,,,,1.0,,,,,,10.390304424697037,0.0,,2026-05-16T15:32:44.397479+00:00
e23219fd-b56f-4c56-ab05-280d84dbbf35,cbd4cf72-44db-4594-9fb4-154ee88eb4a1,lv_engine_scalability,european_local_vol,jax,none,50000,339.337806857007,47.75793163385185,147345.798168223,,,,,,,,,,,,,1.0,,,,,,10.398122891668713,0.00390625,,2026-05-16T15:19:01.290673+00:00
8fa1e90e-b2f7-43e4-9da1-4ea3412babff,506efe78-9cf3-4de6-9ad0-e868b4ca2ba7,lv_ad_m_scaling,european_local_vol,jax,none,50000,340.94695271440804,40.87425421664451,146650.3794855212,,,,,,,,,,,,,1.0,,,,,,10.398122891668713,0.0,,2026-05-16T15:23:39.860445+00:00
5efec3e9-b99a-4b49-a2a1-f765bdf4ef1a,174e1fa8-5fd6-45c9-b8cf-08798b5e5240,lv_n_scaling,european_local_vol,jax,none,50000,20.538191999678798,3.7510315236614318,2434488.8781243237,,,,,,,,,,,,,1.0,,,,,,10.54884764678101,0.0,,2026-05-16T15:27:40.807816+00:00
82341e32-d0f4-4637-bd0a-561562ebe77a,174e1fa8-5fd6-45c9-b8cf-08798b5e5240,lv_n_scaling,european_local_vol,jax,none,50000,61.707065428631076,4.752021588343217,810279.9841912562,,,,,,,,,,,,,1.0,,,,,,10.509271566620104,0.0,,2026-05-16T15:27:42.086991+00:00
4f56e3d9-246c-43d8-ad22-494fcdc72f28,174e1fa8-5fd6-45c9-b8cf-08798b5e5240,lv_n_scaling,european_local_vol,jax,none,50000,171.39924971408098,27.262634641577783,291716.5628403118,,,,,,,,,,,,,1.0,,,,,,10.510902500579437,0.0,,2026-05-16T15:27:45.376054+00:00
39c846fe-928e-4416-8b07-0041e8448803,174e1fa8-5fd6-45c9-b8cf-08798b5e5240,lv_n_scaling,european_local_vol,jax,none,50000,323.9684942855092,40.830269512646545,154335.9952648224,,,,,,,,,,,,,1.0,,,,,,10.398122891668713,0.0,,2026-05-16T15:27:51.508366+00:00
135bd854-e7ae-4688-b50a-e7abc620f812,174e1fa8-5fd6-45c9-b8cf-08798b5e5240,lv_n_scaling,european_local_vol,jax,none,50000,648.697175856926,39.52222133613191,77077.56694631856,,,,,,,,,,,,,1.0,,,,,,10.457136092807664,0.0,,2026-05-16T15:28:04.306709+00:00
88a5f18d-248c-48ab-85e7-cd80a90fceb7,70cfc986-0bf3-4101-8401-157eb3f5eaf6,lv_memory_pressure,european_local_vol,jax,none,50000,315.15418180006236,23.166535202625568,158652.50371870556,,,,,,,,,,,,,1.0,,,,,,10.398122891668713,0.0,,2026-05-16T15:29:31.311629+00:00
3d612d67-191c-4c37-adac-9ceaff5a47cc,70cfc986-0bf3-4101-8401-157eb3f5eaf6,lv_memory_pressure,european_local_vol,jax,none,50000,647.6180463998389,32.632797334405595,77206.00171343904,,,,,,,,,,,,,1.0,,,,,,10.457136092807664,0.0,,2026-05-16T15:33:16.753932+00:00
e7027f5f-32be-44a6-9d7f-57e3e1d95a4a,76a54437-9266-4d5b-b746-66151ecbb7b6,lv_thread_weak,european_local_vol,jax,none,50000,316.1598511998818,16.114057399874962,158147.84771134373,,,,,,,,,,,,,1.0,,,,,,10.398122891668713,0.78515625,,2026-05-16T15:44:44.405480+00:00
b1d9eb78-826a-4a87-8562-715137825cc8,00080891-e2a7-4f0c-80be-7e8504465a96,lv_surface_sensitivity,european_local_vol,jax,none,50000,314.9392134286505,26.77322531049991,158760.7953155935,,,,,,,,,,,,,1.0,,,,,,10.389741948065604,0.859375,,2026-05-16T15:45:03.696341+00:00
0ebe6de9-e6b1-4200-98d8-dbe17ae86146,00080891-e2a7-4f0c-80be-7e8504465a96,lv_surface_sensitivity,european_local_vol,jax,none,50000,318.13617257155005,24.61230534824001,157165.4037195497,,,,,,,,,,,,,1.0,,,,,,10.390821607589409,0.0,,2026-05-16T15:45:20.570007+00:00
1e65e1d0-89d0-4ab6-962a-5f67ea67aa40,00080891-e2a7-4f0c-80be-7e8504465a96,lv_surface_sensitivity,european_local_vol,jax,none,50000,325.46651842845415,14.81815251928896,153625.63326461267,,,,,,,,,,,,,1.0,,,,,,10.406192920142054,0.0,,2026-05-16T15:45:36.843649+00:00
e5d60131-6d19-4709-8432-921ba27399a5,056cedeb-d6ab-41ed-98b0-84bb763d7361,profiler_selected,european_local_vol,jax,none,50000,322.28466679998746,11.435071211876041,155142.34821177644,,,,,,,,,,,,,1.0,,,,,,10.398122891668713,0.00390625,,2026-05-25T12:32:47.506358+00:00
5a0e8301-dd08-48ea-a676-7de7c7d7954d,final_local_profiler_v1,profiler_selected,european_local_vol,jax,none,50000,364.3171082000208,51.87763534273902,137243.07443873465,0.01821585541000104,,full,selected,within 1.5x safety margin; diversity guard,,,,,,,,1.0,,,,,,10.398122891668713,0.00390625,0a28398,2026-06-05T15:44:31.278157+00:00
17292f72-a411-4049-946f-714970876fdd,cbd4cf72-44db-4594-9fb4-154ee88eb4a1,lv_engine_scalability,european_local_vol,jax,none,100000,629.936148285846,24.162813602471314,158746.24796833063,,,,,,,,,,,,,1.0,,,,,,10.490112213077344,0.0,,2026-05-16T15:19:23.877354+00:00
a28d5b5c-b8c4-42e2-9261-389636f6f26d,506efe78-9cf3-4de6-9ad0-e868b4ca2ba7,lv_ad_m_scaling,european_local_vol,jax,none,100000,644.056974857319,25.836632751562632,155265.76670045918,,,,,,,,,,,,,1.0,,,,,,10.490112213077344,0.0,,2026-05-16T15:24:15.223744+00:00
98bd7188-a965-4b5a-8e45-a4df87a18c2f,70cfc986-0bf3-4101-8401-157eb3f5eaf6,lv_memory_pressure,european_local_vol,jax,none,100000,650.8254022002802,38.41985292679578,153651.04014367703,,,,,,,,,,,,,1.0,,,,,,10.490112213077344,0.0,,2026-05-16T15:29:59.130993+00:00
6134939e-0de9-4c21-ae7e-a02658f95761,70cfc986-0bf3-4101-8401-157eb3f5eaf6,lv_memory_pressure,european_local_vol,jax,none,100000,1239.6187372001805,24.8974570762444,80669.96488441384,,,,,,,,,,,,,1.0,,,,,,10.509094316147523,0.0,,2026-05-16T15:34:12.477475+00:00
f5c411a5-dbea-45b9-91bb-9fb8086421d2,3d7ce98b-69f1-47c5-aaeb-f1457800473b,lv_thread_strong,european_local_vol,jax,none,100000,642.4102657998446,20.7248610382882,155663.76398965725,,,,,,,,,,,,,1.0,,,,,,10.490112213077344,4.61328125,,2026-05-16T15:43:44.123775+00:00
d4114b95-915d-473d-bee7-cc1776b99193,3d7ce98b-69f1-47c5-aaeb-f1457800473b,lv_thread_strong,european_local_vol,jax,none,100000,637.5120628001241,32.25924430111511,156859.7769911571,,,,,,,,,,,,,1.0,,,,,,10.490112213077344,3.1484375,,2026-05-16T15:43:49.676085+00:00
b0a1f2e8-98e4-41a2-b691-b0903b239144,3d7ce98b-69f1-47c5-aaeb-f1457800473b,lv_thread_strong,european_local_vol,jax,none,100000,642.684950599687,19.405766778758277,155597.23299369367,,,,,,,,,,,,,1.0,,,,,,10.490112213077344,4.625,,2026-05-16T15:43:55.224340+00:00
213adcaf-ebf1-4692-aec5-b0e8515a66ae,76a54437-9266-4d5b-b746-66151ecbb7b6,lv_thread_weak,european_local_vol,jax,none,100000,675.0372919997972,95.79067374023599,148139.96379925933,,,,,,,,,,,,,1.0,,,,,,10.490112213077344,1.58984375,,2026-05-16T15:44:50.039708+00:00
89905bbc-218e-4659-9400-d09a6005a959,46ddfaae-2386-46e6-8915-55044c89db35,lv_timing_stability,european_local_vol,jax,none,100000,629.473449599891,29.887636527256554,158862.9354638587,,,,,,,,,,,,,1.0,,,,,,10.490112213077344,0.00390625,,2026-05-16T15:46:04.953636+00:00
f83dba5f-fd20-49e8-bd94-9db70e690ef1,056cedeb-d6ab-41ed-98b0-84bb763d7361,profiler_selected,european_local_vol,jax,none,100000,657.861085399918,22.471116702019287,152007.77522690728,,,,,,,,,,,,,1.0,,,,,,10.490112213077344,0.0,,2026-05-25T12:32:52.612197+00:00
2f8707a8-cae2-43f1-83ea-54a2ce279ca6,final_local_profiler_v1,profiler_selected,european_local_vol,jax,none,100000,674.3379345999983,34.01320356483981,148293.60009135134,0.06743379345999984,,full,selected,within 1.5x safety margin; diversity guard,,,,,,,,1.0,,,,,,10.490112213077344,192.26171875,0a28398,2026-06-05T15:44:36.341363+00:00
e8573e35-2f86-4195-8d0f-a7cfc5702fed,76a54437-9266-4d5b-b746-66151ecbb7b6,lv_thread_weak,european_local_vol,jax,none,200000,1252.036243800103,32.05882360815009,159739.7846830475,,,,,,,,,,,,,1.0,,,,,,10.493292195977265,9.25,,2026-05-16T15:44:59.890854+00:00
5fa11027-25a5-4403-bbfa-4d73941bfede,cbd4cf72-44db-4594-9fb4-154ee88eb4a1,lv_engine_scalability,european_local_vol,jax,none,250000,1558.3245108572166,41.0492040619071,160428.71575091753,,,,,,,,,,,,,1.0,,,,,,10.462634454351376,0.0,,2026-05-16T15:20:16.117217+00:00
21d3d1ac-a04a-462a-803c-6613beaee2aa,506efe78-9cf3-4de6-9ad0-e868b4ca2ba7,lv_ad_m_scaling,european_local_vol,jax,none,250000,1558.154557142838,24.04775362099265,160446.21430779036,,,,,,,,,,,,,1.0,,,,,,10.462634454351376,0.0,,2026-05-16T15:25:29.083638+00:00
685fd47a-b022-442d-8127-467b4c17c25c,70cfc986-0bf3-4101-8401-157eb3f5eaf6,lv_memory_pressure,european_local_vol,jax,none,250000,1527.865746399948,20.54017200887354,163626.942085105,,,,,,,,,,,,,1.0,,,,,,10.462634454351376,0.0,,2026-05-16T15:30:57.918115+00:00
211f603c-1228-4b74-aae0-1e46f189e725,70cfc986-0bf3-4101-8401-157eb3f5eaf6,lv_memory_pressure,european_local_vol,jax,none,250000,3102.3130154000683,58.624269311550414,80585.03405652007,,,,,,,,,,,,,1.0,,,,,,10.46439424062079,0.0,,2026-05-16T15:36:07.852797+00:00
bf2b5dd3-7e41-41bd-baef-60b45dfa1e1e,cbd4cf72-44db-4594-9fb4-154ee88eb4a1,lv_engine_scalability,european_local_vol,jax,none,500000,3103.7386431428654,45.03952557534685,161096.03851621243,,,,,,,,,,,,,1.0,,,,,,10.46081463110164,0.11328125,,2026-05-16T15:22:06.652879+00:00
13b737e7-83f9-414c-b8a7-8782199f4874,6f71b5dd-f2d6-4b5c-9b9f-c646ebb5d39b,lv_smoke_test,european_local_vol,jax,reverse,1000,23.859394999817596,0.0,41912.2111020688,,,,,,,,,,,,,2.6086646818747963,,,,,,10.338233718138095,0.0,,2026-05-16T15:18:41.173309+00:00
0cac2303-1018-4920-90d0-474f18e4c0d0,056cedeb-d6ab-41ed-98b0-84bb763d7361,probe_run,european_local_vol,jax,reverse,1000,24.229495499980658,0.4864831014597899,41272.010801908706,,,,,,,,,,,,,2.585743983274182,,,,,,10.338233718138095,0.0,,2026-05-25T12:32:25.716651+00:00
da9e66cf-41fc-4a4f-b1e3-2e9ad69faf74,final_local_profiler_v1,probe_run,european_local_vol,jax,reverse,1000,23.959774999942358,0.42083392658612223,41736.61897920184,2.3959774999942357e-05,,probe,,,,,,,,,,2.5944373412710506,,,,,,10.338233718138095,0.0,0a28398,2026-06-05T15:44:09.032535+00:00
e085748e-cdab-429c-94b8-80d4a54d56d1,506efe78-9cf3-4de6-9ad0-e868b4ca2ba7,lv_ad_m_scaling,european_local_vol,jax,reverse,5000,90.34667485736593,4.8739180267399576,55342.379870578625,,,,,,,,,,,,,2.12839425919777,,,,,,10.858841281852154,0.078125,,2026-05-16T15:23:07.537608+00:00
81d854f7-3745-4cb9-895d-c52250e6db9b,506efe78-9cf3-4de6-9ad0-e868b4ca2ba7,lv_ad_m_scaling,european_local_vol,jax,reverse,10000,179.35926585713398,5.2479266002747185,55754.0194659659,,,,,,,,,,,,,2.083606232175839,,,,,,10.72713156721504,134.61328125,,2026-05-16T15:23:17.220174+00:00
c6e326c3-7d0a-4f23-8450-b5bf12813638,056cedeb-d6ab-41ed-98b0-84bb763d7361,grid_search_full,european_local_vol,jax,reverse,10000,190.97021939992374,20.628545935086954,52364.18553333868,,,,,,,,,,,,,2.2386574349437116,,,,,,10.72713156721504,227.27734375,,2026-05-25T12:33:37.127204+00:00
4e998a04-7d10-4634-91d9-b7995a52511f,final_local_profiler_v1,grid_search_full,european_local_vol,jax,reverse,10000,208.020392599974,37.307140892771784,48072.210012746844,0.00208020392599974,,full,full_grid_only,dominated or outside 1.5x margin (score=19.19 vs best=5.92),,,,,,,,2.3967660817275163,,,,,,10.72713156721504,148.97265625,0a28398,2026-06-05T15:45:23.083139+00:00
666a51bd-34a0-48b0-88bb-603a0778b99f,506efe78-9cf3-4de6-9ad0-e868b4ca2ba7,lv_ad_m_scaling,european_local_vol,jax,reverse,25000,373.7697901430823,14.284414330617155,66886.09047411186,,,,,,,,,,,,,2.353012976672853,,,,,,10.548734688295786,48.21484375,,2026-05-16T15:23:36.558135+00:00
75766306-12f9-48a9-82a0-166bc5251a6a,700fca65-155a-4d84-baa6-1215146464bf,lv_ad_n_scaling,european_local_vol,jax,reverse,25000,18.60529800032964,0.8304468376584548,1343703.2827723084,,,,,,,,,,,,,2.474048899449662,,,,,,10.49956378908301,0.0,,2026-05-16T15:28:17.645996+00:00
5d4913ca-ee80-4187-a2e6-3d8aa059f370,700fca65-155a-4d84-baa6-1215146464bf,lv_ad_n_scaling,european_local_vol,jax,reverse,25000,73.86458600012702,2.1542714401381318,338457.1870470784,,,,,,,,,,,,,2.5147990446289983,,,,,,10.676378709588317,9.828125,,2026-05-16T15:28:21.674219+00:00
94197e9d-ec76-4b34-b655-a0d7e55c96c8,700fca65-155a-4d84-baa6-1215146464bf,lv_ad_n_scaling,european_local_vol,jax,reverse,25000,186.93204499995772,9.80248572179135,133738.43954901182,,,,,,,,,,,,,2.615338964093755,,,,,,10.606137563195734,96.27734375,,2026-05-16T15:28:30.048809+00:00
3899e782-9f68-4357-b5cc-92097abe8c13,700fca65-155a-4d84-baa6-1215146464bf,lv_ad_n_scaling,european_local_vol,jax,reverse,25000,372.39787399994384,14.412317698124697,67132.49925804831,,,,,,,,,,,,,2.521120301540721,,,,,,10.548734688295786,96.2421875,,2026-05-16T15:28:44.519262+00:00
947b43de-97be-40de-a14b-b110eb3050e8,700fca65-155a-4d84-baa6-1215146464bf,lv_ad_n_scaling,european_local_vol,jax,reverse,25000,738.4210779999194,14.731679716951671,33856.02164514964,,,,,,,,,,,,,2.330369477891354,,,,,,10.390304424697037,0.08203125,,2026-05-16T15:29:14.288868+00:00
e6ed44e8-d358-40ab-ad34-e634509fca12,70cfc986-0bf3-4101-8401-157eb3f5eaf6,lv_memory_pressure,european_local_vol,jax,reverse,25000,380.10665779984265,21.09474590411322,65771.01318010733,,,,,,,,,,,,,2.4480938629380544,,,,,,10.548734688295786,96.12109375,,2026-05-16T15:29:28.781851+00:00
1b8393c7-de5a-45b7-9c20-d9a490a29a02,70cfc986-0bf3-4101-8401-157eb3f5eaf6,lv_memory_pressure,european_local_vol,jax,reverse,25000,754.8450841997692,12.270965879714602,33119.37843048041,,,,,,,,,,,,,2.247859796471887,,,,,,10.390304424697037,0.0078125,,2026-05-16T15:33:11.505621+00:00
c411e2c4-29ef-4d32-8cf4-610239cf09c3,506efe78-9cf3-4de6-9ad0-e868b4ca2ba7,lv_ad_m_scaling,european_local_vol,jax,reverse,50000,654.6392208573317,20.521617479456904,76377.94743571698,,,,,,,,,,,,,2.0989035638349662,,,,,,10.398122891668713,0.01171875,,2026-05-16T15:24:08.669246+00:00
2c7fcb90-14ab-4969-89e2-98ca66ae888d,70cfc986-0bf3-4101-8401-157eb3f5eaf6,lv_memory_pressure,european_local_vol,jax,reverse,50000,649.4114357998114,22.22838391053496,76992.7926175496,,,,,,,,,,,,,2.0674930017492263,,,,,,10.398122891668713,0.00390625,,2026-05-16T15:29:53.992761+00:00
1b0a6da4-6ca2-4616-afc6-2269e0d50883,70cfc986-0bf3-4101-8401-157eb3f5eaf6,lv_memory_pressure,european_local_vol,jax,reverse,50000,1310.9188038000866,25.962534817668903,38141.187581610844,,,,,,,,,,,,,2.052269199123736,,,,,,10.457136092807664,0.19921875,,2026-05-16T15:34:02.159854+00:00
e6df2932-d27e-4a72-a57d-6f891396807c,00080891-e2a7-4f0c-80be-7e8504465a96,lv_surface_sensitivity,european_local_vol,jax,reverse,50000,669.8663948571785,47.30873317606519,74641.75003234853,,,,,,,,,,,,,2.152092127487976,,,,,,10.389741948065604,13.21875,,2026-05-16T15:45:13.899120+00:00
8177a295-8906-4cb6-85ec-9889267439fe,00080891-e2a7-4f0c-80be-7e8504465a96,lv_surface_sensitivity,european_local_vol,jax,reverse,50000,663.3688247142605,27.370959813557814,75372.85162825823,,,,,,,,,,,,,2.0904518715432214,,,,,,10.390821607589409,0.01171875,,2026-05-16T15:45:30.354696+00:00
1b189845-997e-4e34-b5d5-bffd2b961610,00080891-e2a7-4f0c-80be-7e8504465a96,lv_surface_sensitivity,european_local_vol,jax,reverse,50000,682.3784087143524,77.09796483139759,73273.12728754625,,,,,,,,,,,,,2.1068910947018558,,,,,,10.406192920142054,0.1640625,,2026-05-16T15:45:46.766943+00:00
17f8b235-a6df-49b7-b3b4-639a1eb32bee,056cedeb-d6ab-41ed-98b0-84bb763d7361,grid_search_full,european_local_vol,jax,reverse,50000,784.0448781999839,37.187206710063016,63771.85973689462,,,,,,,,,,,,,2.551661317753116,,,,,,10.398122891668713,0.13671875,,2026-05-25T12:33:45.381679+00:00
a8a46ebc-6693-417a-9491-90da7e0a542c,final_local_profiler_v1,grid_search_full,european_local_vol,jax,reverse,50000,810.9627596000337,85.56713197688026,61655.11228241845,0.04054813798000168,,full,full_grid_only,dominated or outside 1.5x margin (score=19.19 vs best=5.92),,,,,,,,2.590344057120247,,,,,,10.398122891668713,0.0078125,0a28398,2026-06-05T15:45:31.456389+00:00
cc620b28-1f30-45ee-997d-4d6fa24002d7,506efe78-9cf3-4de6-9ad0-e868b4ca2ba7,lv_ad_m_scaling,european_local_vol,jax,reverse,100000,1311.9540511430127,35.23299845366132,76222.18164796021,,,,,,,,,,,,,2.06462890096481,,,,,,10.490112213077344,0.171875,,2026-05-16T15:25:13.391158+00:00
0c6209e0-d342-48ec-96f1-1a040b15d219,70cfc986-0bf3-4101-8401-157eb3f5eaf6,lv_memory_pressure,european_local_vol,jax,reverse,100000,1332.9063098000915,64.32478621176703,75024.02776906198,,,,,,,,,,,,,2.098523419629638,,,,,,10.490112213077344,0.0078125,,2026-05-16T15:30:45.449027+00:00
eaab740a-4e36-44d9-acf3-f8a8828a3b8c,70cfc986-0bf3-4101-8401-157eb3f5eaf6,lv_memory_pressure,european_local_vol,jax,reverse,100000,2595.081101999858,78.57258806012868,38534.441148269536,,,,,,,,,,,,,2.1245370395528784,,,,,,10.509094316147523,0.15234375,,2026-05-16T15:35:42.648914+00:00
2e0c7ade-2c24-4cce-8e0f-05d680d05e22,46ddfaae-2386-46e6-8915-55044c89db35,lv_timing_stability,european_local_vol,jax,reverse,100000,1275.2944594002201,41.17498335282833,78413.26311966468,,,,,,,,,,,,,2.0341557364768503,,,,,,10.490112213077344,14.3046875,,2026-05-16T15:46:49.165892+00:00
3b1735e4-c2e4-4d80-9dcb-4e8e1963b7e1,056cedeb-d6ab-41ed-98b0-84bb763d7361,grid_search_full,european_local_vol,jax,reverse,100000,1503.485159999991,21.861136223235256,66512.12972398118,,,,,,,,,,,,,2.327217757262663,,,,,,10.490112213077344,0.12109375,,2026-05-25T12:34:01.071532+00:00
abd258d1-d906-43b4-879c-250001ad4876,final_local_profiler_v1,grid_search_full,european_local_vol,jax,reverse,100000,1548.8681687999815,45.827863881179184,64563.27401800576,0.15488681687999814,,full,full_grid_only,dominated or outside 1.5x margin (score=19.19 vs best=5.92),,,,,,,,2.4607062427913133,,,,,,10.490112213077344,0.0546875,0a28398,2026-06-05T15:45:47.664930+00:00
e58d6140-8fd6-4559-9ac7-16639619c6c4,506efe78-9cf3-4de6-9ad0-e868b4ca2ba7,lv_ad_m_scaling,european_local_vol,jax,reverse,250000,3627.0410071431666,82.56663897359019,68926.7089916119,,,,,,,,,,,,,2.344128814733212,,,,,,10.462634454351376,1.3515625,,2026-05-16T15:27:40.180055+00:00
e731ea1b-bc6a-422d-beff-f8741537404a,70cfc986-0bf3-4101-8401-157eb3f5eaf6,lv_memory_pressure,european_local_vol,jax,reverse,250000,3573.4519451998494,51.418967665459284,69960.36432946028,,,,,,,,,,,,,2.304017816765501,,,,,,10.462634454351376,1.3359375,,2026-05-16T15:32:41.760894+00:00
b08c51b7-3e47-48e0-a8fd-f27ccb6442cc,cd7d90a0-0fff-4d39-bca7-22988ffc6f59,lv_stress_limit,european_local_vol,jax,reverse,500000,6878.318234333467,103.93858449980513,72692.1876781195,,,,,,,,,,,,,2.1984282509031465,,,,,,10.46081463110164,527.8515625,,2026-05-16T15:48:33.527973+00:00
9cb5e09c-89b5-4e00-97ee-f49a2a2d8f73,6f71b5dd-f2d6-4b5c-9b9f-c646ebb5d39b,lv_smoke_test,european_local_vol,rust,none,1000,5.095176999930118,0.0,196264.0355798661,,,,,,,,,,,,,1.0,,,,,,12.196881472181524,0.0,,2026-05-16T15:18:41.211800+00:00
d7fe778c-d42a-4a43-b87e-7911ad5bf385,final_local_profiler_v1,probe_run,european_local_vol,rust,none,1000,6.387469000022368,1.3537911659669253,156556.5327982802,6.387469000022368e-06,,probe,,,,,,,,,,1.0,,,,,,11.286910309305982,0.01171875,0a28398,2026-06-05T15:44:09.104979+00:00
f62df056-58c8-4afc-b03d-e506eb5f0f18,cbd4cf72-44db-4594-9fb4-154ee88eb4a1,lv_engine_scalability,european_local_vol,rust,none,10000,57.304260285751035,9.4164406954596,174507.0951118541,,,,,,,,,,,,,1.0,,,,,,11.091025814341176,0.0,,2026-05-16T15:18:44.869410+00:00
491188b2-4573-4e7c-b36a-059c2e1460cd,final_local_profiler_v1,profiler_selected,european_local_vol,rust,none,10000,49.447168199912994,4.312852355846606,202236.0503956543,0.0004944716819991299,,full,selected,within 1.5x safety margin; diversity guard,,,,,,,,1.0,,,,,,10.563902849206718,0.0,0a28398,2026-06-05T15:45:55.641967+00:00
0c1bf053-4f0e-4dfd-af1f-f68cd11ee19c,cbd4cf72-44db-4594-9fb4-154ee88eb4a1,lv_engine_scalability,european_local_vol,rust,none,25000,122.05195642841967,11.927118193002233,204830.80100941975,,,,,,,,,,,,,1.0,,,,,,10.964585104239015,0.0,,2026-05-16T15:18:52.474813+00:00
f71e527d-467c-4c2a-80ea-7d76ca25ebf7,cbd4cf72-44db-4594-9fb4-154ee88eb4a1,lv_engine_scalability,european_local_vol,rust,none,50000,239.27420128568752,14.07174578977439,208965.2780422459,,,,,,,,,,,,,1.0,,,,,,10.664592999754907,0.0,,2026-05-16T15:19:07.137945+00:00
7434f4a9-4317-4ddc-b3b3-999d11ce7bc5,174e1fa8-5fd6-45c9-b8cf-08798b5e5240,lv_n_scaling,european_local_vol,rust,none,50000,12.775187142843995,3.0971852413984062,3913836.990482557,,,,,,,,,,,,,1.0,,,,,,10.893386709968969,0.0,,2026-05-16T15:27:41.112860+00:00
7318d0d1-95ff-4eb0-a853-e409da8a5271,174e1fa8-5fd6-45c9-b8cf-08798b5e5240,lv_n_scaling,european_local_vol,rust,none,50000,49.86872699997288,3.9189613991987002,1002632.3711857974,,,,,,,,,,,,,1.0,,,,,,10.520427007474508,0.0,,2026-05-16T15:27:43.293567+00:00
19720e2a-bd77-4072-841a-66b1f8aca13a,174e1fa8-5fd6-45c9-b8cf-08798b5e5240,lv_n_scaling,european_local_vol,rust,none,50000,132.26383099988328,7.516456543526594,378032.2981877345,,,,,,,,,,,,,1.0,,,,,,10.769215650949661,0.0,,2026-05-16T15:27:48.324841+00:00
b443e4c1-720c-4b13-8ad1-24080ae99b0b,174e1fa8-5fd6-45c9-b8cf-08798b5e5240,lv_n_scaling,european_local_vol,rust,none,50000,256.0670434286294,18.635976496272782,195261.36331533003,,,,,,,,,,,,,1.0,,,,,,10.607886829684228,0.0,,2026-05-16T15:27:57.597399+00:00
707f1d51-a2d8-42e2-ab1a-6aa8263d8e53,174e1fa8-5fd6-45c9-b8cf-08798b5e5240,lv_n_scaling,european_local_vol,rust,none,50000,519.4284400001509,63.0230585486922,96259.65031869545,,,,,,,,,,,,,1.0,,,,,,10.40910584738359,0.0,,2026-05-16T15:28:15.931250+00:00
327ef8f2-20d8-4aae-9148-9e9883525f7d,76a54437-9266-4d5b-b746-66151ecbb7b6,lv_thread_weak,european_local_vol,rust,none,50000,893.5947918000238,2.0731339110614764,55953.77284964014,,,,,,,,,,,,,1.0,,,,,,10.341463501508612,0.0,,2026-05-16T15:44:26.561438+00:00
79fb6642-69bd-4ced-a1b8-216cabd815d9,final_local_profiler_v1,profiler_selected,european_local_vol,rust,none,50000,244.04222620000837,8.496754620465538,204882.57617770528,0.012202111310000418,,full,selected,within 1.5x safety margin; diversity guard,,,,,,,,1.0,,,,,,10.393818677298702,0.0,0a28398,2026-06-05T15:45:57.371718+00:00
c2b78381-e753-4d0c-87cc-58a7d113d352,cbd4cf72-44db-4594-9fb4-154ee88eb4a1,lv_engine_scalability,european_local_vol,rust,none,100000,497.05149114275366,32.18954829455058,201186.3997633193,,,,,,,,,,,,,1.0,,,,,,10.661855585734667,0.0,,2026-05-16T15:19:35.635034+00:00
44e72313-ab20-4679-8c38-ddb19e900343,3d7ce98b-69f1-47c5-aaeb-f1457800473b,lv_thread_strong,european_local_vol,rust,none,100000,1787.2574488001192,2.7144537886364453,55951.64818987623,,,,,,,,,,,,,1.0,,,,,,10.516006173846211,0.0,,2026-05-16T15:43:27.388232+00:00
57c185c5-c86d-4899-b71a-f6e49842e950,3d7ce98b-69f1-47c5-aaeb-f1457800473b,lv_thread_strong,european_local_vol,rust,none,100000,900.0420344000304,4.13001267493172,111105.92192136912,,,,,,,,,,,,,1.0,,,,,,10.443305955600971,0.0,,2026-05-16T15:43:34.296448+00:00
1e6ee3ec-5217-41d1-a39d-e4ad8e5d52fd,3d7ce98b-69f1-47c5-aaeb-f1457800473b,lv_thread_strong,european_local_vol,rust,none,100000,488.1029537998984,34.64525430264947,204874.81016350453,,,,,,,,,,,,,1.0,,,,,,10.59861580645391,0.0,,2026-05-16T15:43:38.462173+00:00
cb4de676-0074-4b71-8ffa-fd7b641834e6,76a54437-9266-4d5b-b746-66151ecbb7b6,lv_thread_weak,european_local_vol,rust,none,100000,913.3927367996876,33.65739782576615,109481.93035821193,,,,,,,,,,,,,1.0,,,,,,10.443305955600971,0.0,,2026-05-16T15:44:33.571859+00:00
8f665a89-8d8e-4fbc-95b7-4a4d0d0b4d60,46ddfaae-2386-46e6-8915-55044c89db35,lv_timing_stability,european_local_vol,rust,none,100000,486.25776560002123,22.15333069284782,205652.24264666354,,,,,,,,,,,,,1.0,,,,,,10.675213443846644,0.0,,2026-05-16T15:47:14.892885+00:00
7094df50-fbfa-4b04-90d3-847931f4e0ea,final_local_profiler_v1,profiler_selected,european_local_vol,rust,none,100000,550.7693299999573,66.47732615624159,181564.21309808182,0.055076932999995734,,full,selected,within 1.5x safety margin; diversity guard,,,,,,,,1.0,,,,,,10.598615806453912,0.01171875,0a28398,2026-06-05T15:46:01.154194+00:00
3fd8325e-7791-41a0-a13d-83db9de25313,76a54437-9266-4d5b-b746-66151ecbb7b6,lv_thread_weak,european_local_vol,rust,none,200000,969.9807929999224,34.235246696231634,206189.64977795802,,,,,,,,,,,,,1.0,,,,,,10.629415992270973,0.125,,2026-05-16T15:44:41.105918+00:00
a7688026-b010-44a7-8e55-7c0d730fea3f,cbd4cf72-44db-4594-9fb4-154ee88eb4a1,lv_engine_scalability,european_local_vol,rust,none,250000,1227.653461857179,55.02271630667771,203640.52867313474,,,,,,,,,,,,,1.0,,,,,,10.55855574020436,0.0,,2026-05-16T15:20:44.888571+00:00
35f15bb0-c560-4508-bca9-1a382ecca0ae,cbd4cf72-44db-4594-9fb4-154ee88eb4a1,lv_engine_scalability,european_local_vol,rust,none,500000,2439.5977688570515,57.32744547339099,204951.81885424064,,,,,,,,,,,,,1.0,,,,,,10.544314017618156,0.0,,2026-05-16T15:23:02.258901+00:00
d191096e-71fa-48d8-a9ef-c548d2fac6cd,cd7d90a0-0fff-4d39-bca7-22988ffc6f59,lv_stress_limit,european_local_vol,rust,none,500000,2422.1950836666415,36.700481380849716,206424.33112493812,,,,,,,,,,,,,1.0,,,,,,10.544314017618156,0.0,,2026-05-16T15:47:42.543419+00:00
bb85831e-27b2-46be-9457-4efdc33e9882,cd7d90a0-0fff-4d39-bca7-22988ffc6f59,lv_stress_limit,european_local_vol,rust,none,1000000,5028.331154333197,36.929008050824905,198873.13888192177,,,,,,,,,,,,,1.0,,,,,,10.590893152193788,0.0,,2026-05-16T15:49:31.121223+00:00
d97677c6-60e4-4a85-9055-9ffdf374ff8f,sha_cloud_profiler_v2,sha_probe,asian,cpu,none,1000,7.5501926666656045,0.014894161051896705,132446.95124338203,7.550192666665605e-06,,sha_round_0,,,,0,0,,,,,1.0,c2d-standard-4,europe-west1,europe-west1-b,c2d,4,5.820446773347019,0.0,93d038d,2026-06-09T19:55:50.271272+00:00
d8dfbfe3-986e-4832-963f-6e89f6ada969,sha_cloud_profiler_v3,sha_probe,asian,cpu,none,1000,7.654908333331416,0.026478778912881158,130635.13715059734,7.654908333331416e-06,,sha_round_0,,,,0,0,,,,,1.0,c2d-standard-4,europe-west1,europe-west1-b,c2d,4,5.820446773347019,0.0,13789b8,2026-06-09T20:51:43.638745+00:00
d82a0267-1738-4efb-a9af-9750fc7b256e,sha_cloud_profiler_v3,sha_probe,asian,cpu,none,1000,7.654908333331416,0.026478778912881158,130635.13715059734,7.654908333331416e-06,,sha_round_0,,,,0,1,,,,,1.0,c2d-standard-4,europe-west1,europe-west1-b,c2d,4,5.820446773347019,0.0,13789b8,2026-06-09T20:51:47.401222+00:00
58ca33d0-df79-4367-95ea-23fb7856f901,sha_cloud_profiler_v2,sha_probe,asian,cpu,none,5000,29.512339600000814,0.04796345661926113,169420.65819816812,0.0001475616980000041,,sha_round_1,,,,1,0,,,,,1.0,c2d-standard-4,europe-west1,europe-west1-b,c2d,4,5.836762769480839,0.03125,93d038d,2026-06-09T19:55:55.022975+00:00
4f3371b5-f0d7-437d-9c09-5e7ad91bdb62,sha_cloud_profiler_v2,sha_probe,asian,cpu,none,5000,29.512339600000814,0.04796345661926113,169420.65819816812,0.0001475616980000041,,sha_round_1,,,,1,1,,,,,1.0,c2d-standard-4,europe-west1,europe-west1-b,c2d,4,5.836762769480839,0.03125,93d038d,2026-06-09T19:55:55.687651+00:00
d4f737de-8275-408d-89b9-b75e671c71a2,sha_cloud_profiler_v2,profiler_selected,asian,cpu,none,10000,55.01847279999765,0.14523573219397523,181757.13521441887,0.0005501847279999765,,full,selected_old,top-3 probe Pareto; diversity guard; fastest probe runtime,,,,,,,,1.0,c2d-standard-4,europe-west1,europe-west1-b,c2d,4,5.825527917501329,0.0,93d038d,2026-06-09T19:57:17.204516+00:00
be590bbb-0025-4b23-8936-c88476bbca46,sha_cloud_profiler_v3,profiler_selected,asian,cpu,none,10000,58.10490900000218,0.5898429606093927,172102.49825878954,0.0005810490900000219,,full,selected_old,top-3 probe Pareto; diversity guard; fastest probe runtime,,,,,,,,1.0,c2d-standard-4,europe-west1,europe-west1-b,c2d,4,5.825527917501329,0.0,13789b8,2026-06-09T20:53:21.960109+00:00
b9bff0a1-82cf-4728-9bcb-def7f033effb,sha_cloud_profiler_v2,profiler_selected,asian,cpu,none,50000,287.2865047999994,0.20751748238146453,174042.28588742294,0.01436432523999997,,full,selected_old,top-3 probe Pareto; diversity guard; fastest probe runtime,,,,,,,,1.0,c2d-standard-4,europe-west1,europe-west1-b,c2d,4,5.838918415223014,0.0,93d038d,2026-06-09T19:57:19.220891+00:00
23aa509a-3976-48e6-a890-0e2a3a39748a,sha_cloud_profiler_v3,profiler_selected,asian,cpu,none,50000,297.01444999999467,0.6866139511413913,168341.9779744753,0.014850722499999733,,full,selected_old,top-3 probe Pareto; diversity guard; fastest probe runtime,,,,,,,,1.0,c2d-standard-4,europe-west1,europe-west1-b,c2d,4,5.838918415223014,0.0,13789b8,2026-06-09T20:53:24.044061+00:00
d4c79da1-8efd-497e-9981-24898c82ab9c,sha_cloud_profiler_v2,profiler_selected,asian,cpu,none,100000,576.4887765999902,3.6538838618791143,173463.91475264967,0.057648877659999015,,full,selected_old,top-3 probe Pareto; diversity guard; fastest probe runtime,,,,0.0054905367333338015,2.059655933331801,551.113329266712,4.401724433030122,1.0,c2d-standard-4,europe-west1,europe-west1-b,c2d,4,5.786511890635599,0.0,93d038d,2026-06-09T19:57:23.258639+00:00
a742a1cc-cbe0-4144-9ef9-ba1d6e96f525,sha_cloud_profiler_v3,profiler_selected,asian,cpu,none,100000,593.0517373999976,0.6955296477187399,168619.3525684803,0.05930517373999976,,full,selected_old,top-3 probe Pareto; diversity guard; fastest probe runtime,,,,,,,,1.0,c2d-standard-4,europe-west1,europe-west1-b,c2d,4,5.786511890635599,0.0,13789b8,2026-06-09T20:53:28.209573+00:00
6cdb044d-730f-47a1-820a-f4ceeb2abca9,sha_cloud_profiler_v2,sha_probe,asian,jax,forward,1000,310.85845699999953,14.141904534365985,3216.8981653280275,0.00031085845699999954,,sha_round_0,,,,0,0,,,,,5.07784024483575,c2d-standard-4,europe-west1,europe-west1-b,c2d,4,5.666454879796595,22.421875,93d038d,2026-06-09T19:55:52.354488+00:00
c886a91d-a318-482d-bcdf-76368dde79b2,sha_cloud_profiler_v2,sha_probe,asian,jax,forward,1000,310.85845699999953,14.141904534365985,3216.8981653280275,0.00031085845699999954,,sha_round_0,,,,0,1,,,,,5.07784024483575,c2d-standard-4,europe-west1,europe-west1-b,c2d,4,5.666454879796595,22.421875,93d038d,2026-06-09T19:55:54.013098+00:00
290fcaf2-9ddd-41ed-b7d6-bc65d8cff2f6,sha_cloud_profiler_v3,sha_probe,asian,jax,forward,1000,304.0034873333373,3.170164464214601,3289.4359494748437,0.0003040034873333373,,sha_round_0,,,,0,0,,,,,4.938495625103649,c2d-standard-4,europe-west1,europe-west1-b,c2d,4,5.666454879796595,20.671875,13789b8,2026-06-09T20:51:45.685939+00:00
ef72fea9-7385-4f20-a010-fdf4c85dae00,sha_cloud_profiler_v3,sha_probe,asian,jax,forward,1000,304.0034873333373,3.170164464214601,3289.4359494748437,0.0003040034873333373,,sha_round_0,,,,0,1,,,,,4.938495625103649,c2d-standard-4,europe-west1,europe-west1-b,c2d,4,5.666454879796595,20.671875,13789b8,2026-06-09T20:51:47.404134+00:00
83d5b81d-4ffd-40cf-a769-48b2c161294c,sha_cloud_profiler_v2,grid_search_full,asian,jax,forward,10000,344.1242156000044,37.14230771607122,29059.27437441247,0.003441242156000044,,full,full_grid_only,dominated or outside 1.5x margin (score=292.71 vs best=7.57),,,,,,,,4.53142829112385,c2d-standard-4,europe-west1,europe-west1-b,c2d,4,5.988885012332589,49.17578125,93d038d,2026-06-09T19:57:31.017770+00:00
ba8995d9-bc6b-4624-9409-599d38ea4e8c,sha_cloud_profiler_v3,grid_search_full,asian,jax,forward,10000,348.86289880000163,26.956383279368595,28664.555716292616,0.003488628988000016,,full,full_grid_only,dominated or outside 1.5x margin (score=276.08 vs best=7.68),,,,,,,,4.397567478396276,c2d-standard-4,europe-west1,europe-west1-b,c2d,4,5.988885012332589,61.9140625,13789b8,2026-06-09T20:53:36.067027+00:00
13893ce3-3b80-4080-b797-c2f20f3bae71,sha_cloud_profiler_v2,grid_search_full,asian,jax,forward,50000,542.2979291999866,6.324983015654225,92200.24143142393,0.02711489645999933,,full,full_grid_only,dominated or outside 1.5x margin (score=292.71 vs best=7.57),,,,,,,,2.759410594118753,c2d-standard-4,europe-west1,europe-west1-b,c2d,4,5.77789087176735,34.97265625,93d038d,2026-06-09T19:57:36.346750+00:00
fa85feb7-15f3-4635-bb2c-41400dca9f85,sha_cloud_profiler_v3,grid_search_full,asian,jax,forward,50000,542.2234058000015,8.350826955068706,92212.91346918071,0.027111170290000073,,full,full_grid_only,dominated or outside 1.5x margin (score=276.08 vs best=7.68),,,,,,,,2.7184085237574522,c2d-standard-4,europe-west1,europe-west1-b,c2d,4,5.77789087176735,13.62109375,13789b8,2026-06-09T20:53:41.395328+00:00
d4ac3efd-e0e3-4016-b158-f8e871123b73,sha_cloud_profiler_v2,grid_search_full,asian,jax,forward,100000,802.8012808000028,17.562954824094604,124563.8271781886,0.08028012808000028,,full,full_grid_only,dominated or outside 1.5x margin (score=292.71 vs best=7.57),,,,,,,,2.363112951276277,c2d-standard-4,europe-west1,europe-west1-b,c2d,4,5.786070148379278,37.8828125,93d038d,2026-06-09T19:57:44.521856+00:00
68c5388c-8d8a-441a-aa96-97d53c672dd4,sha_cloud_profiler_v3,grid_search_full,asian,jax,forward,100000,817.4320703999967,22.947479314038944,122334.32430791059,0.08174320703999968,,full,full_grid_only,dominated or outside 1.5x margin (score=276.08 vs best=7.68),,,,,,,,2.3142641740061767,c2d-standard-4,europe-west1,europe-west1-b,c2d,4,5.786070148379278,37.05078125,13789b8,2026-06-09T20:53:49.692949+00:00
21afb522-813e-4156-9452-02c6759e29c4,sha_cloud_profiler_v2,sha_probe,asian,jax,none,1000,61.75555099999978,3.1317059964259713,16192.876329449375,6.175555099999977e-05,,sha_round_0,,,,0,0,,,,,1.0,c2d-standard-4,europe-west1,europe-west1-b,c2d,4,5.666454879796595,10.9375,93d038d,2026-06-09T19:55:50.523210+00:00
12ebbb26-5afa-45ab-b462-61e3fb837db5,sha_cloud_profiler_v3,sha_probe,asian,jax,none,1000,60.91282300000481,1.0373703701196622,16416.904532563218,6.091282300000481e-05,,sha_round_0,,,,0,0,,,,,1.0,c2d-standard-4,europe-west1,europe-west1-b,c2d,4,5.666454879796595,9.07421875,13789b8,2026-06-09T20:51:43.889188+00:00
48b48a1c-cf3c-4a20-9a51-9a6bb70cee79,sha_cloud_profiler_v2,sha_probe,asian,jax,none,5000,70.8953159999993,2.4930736371856033,70526.52110331309,0.0003544765799999965,,sha_round_1,,,,1,0,,,,,1.0,c2d-standard-4,europe-west1,europe-west1-b,c2d,4,6.007293264560759,47.75,93d038d,2026-06-09T19:55:55.683025+00:00
8826aed1-64b1-4d99-9803-ac9905b4aed4,sha_cloud_profiler_v3,sha_probe,asian,jax,none,5000,69.26450539999678,3.2694655319014214,72187.04545893188,0.0003463225269999839,,sha_round_1,,,,1,0,,,,,1.0,c2d-standard-4,europe-west1,europe-west1-b,c2d,4,6.007293264560759,46.94140625,13789b8,2026-06-09T20:51:48.886683+00:00
843c0915-7774-4eb4-95e6-71e8efcdd81e,sha_cloud_profiler_v2,profiler_selected,asian,jax,none,10000,73.73663620000457,2.448334162887051,135617.7948350644,0.0007373663620000458,,full,selected_both,diversity guard,,,,,,,,1.0,c2d-standard-4,europe-west1,europe-west1-b,c2d,4,5.988885012332589,76.78125,93d038d,2026-06-09T19:57:23.937778+00:00
cd36ce26-990f-440a-83ca-3b9597f6ff9b,sha_cloud_profiler_v3,profiler_selected,asian,jax,none,10000,77.2454496000023,4.4836144170110135,129457.46386075408,0.000772454496000023,,full,selected_both,diversity guard,,,,,,,,1.0,c2d-standard-4,europe-west1,europe-west1-b,c2d,4,5.988885012332589,77.24609375,13789b8,2026-06-09T20:53:28.922976+00:00
87896646-0075-4618-a29c-6ef0ecb90ad9,sha_cloud_profiler_v2,sha_probe,asian,jax,none,25000,121.29124357143033,4.67612494255546,206115.45618523654,0.0030322810892857584,,sha_round_2,,,,2,0,,,,,1.0,c2d-standard-4,europe-west1,europe-west1-b,c2d,4,5.874825798934808,9.9375,93d038d,2026-06-09T19:55:58.632020+00:00
b995c20c-73cd-44a3-8d88-cd76d908814c,sha_cloud_profiler_v3,sha_probe,asian,jax,none,25000,119.80066200000091,3.100285463656649,208679.9820855732,0.0029950165500000226,,sha_round_2,,,,2,0,,,,,1.0,c2d-standard-4,europe-west1,europe-west1-b,c2d,4,5.874825798934808,10.65234375,13789b8,2026-06-09T20:51:51.819425+00:00
2eda96d3-8037-4e92-8521-ce12952af7e2,sha_cloud_profiler_v2,profiler_selected,asian,jax,none,50000,198.60646920000136,5.2802792094038615,251754.13571069948,0.009930323460000067,,full,selected_both,diversity guard,,,,,,,,1.0,c2d-standard-4,europe-west1,europe-west1-b,c2d,4,5.77789087176735,0.73046875,93d038d,2026-06-09T19:57:25.440336+00:00
5c489b90-96e4-4d11-95ef-17dd7fdcda2a,sha_cloud_profiler_v3,profiler_selected,asian,jax,none,50000,199.5773283999995,3.8205841382229773,250529.4584352204,0.009978866419999973,,full,selected_both,diversity guard,,,,,,,,1.0,c2d-standard-4,europe-west1,europe-west1-b,c2d,4,5.77789087176735,0.44140625,13789b8,2026-06-09T20:53:30.437447+00:00
8d0e5728-b498-4698-85e5-f2e11c872774,sha_cloud_profiler_v2,profiler_selected,asian,jax,none,100000,348.33530160000237,10.257400226827684,287079.7175614179,0.03483353016000024,,full,selected_both,diversity guard,,,,0.0024932804769586215,58.883471928570714,308.21151962443287,11.518723997042404,1.0,c2d-standard-4,europe-west1,europe-west1-b,c2d,4,5.786070148379278,3.37109375,93d038d,2026-06-09T19:57:27.968236+00:00
7482a825-e48e-4777-bcf9-ec56f9f55635,sha_cloud_profiler_v3,profiler_selected,asian,jax,none,100000,343.80653459999735,10.767683891906103,290861.2546190993,0.03438065345999973,,full,selected_both,diversity guard,,,,0.002477256045967699,57.727684325001256,305.45328892177116,11.155473156683417,1.0,c2d-standard-4,europe-west1,europe-west1-b,c2d,4,5.786070148379278,3.14453125,13789b8,2026-06-09T20:53:32.935589+00:00
86d2cede-2be0-475a-b9ca-a1d6e8169397,sha_cloud_profiler_v2,sha_probe,asian,jax,reverse,1000,205.85334233333205,3.275448841929589,4857.827367120085,0.00020585334233333205,,sha_round_0,,,,0,0,,,,,3.2907666763986247,c2d-standard-4,europe-west1,europe-west1-b,c2d,4,5.666454879796595,19.62109375,93d038d,2026-06-09T19:55:53.986985+00:00
7ed65b62-4a2d-4444-b399-f16d2e6141fb,sha_cloud_profiler_v2,sha_probe,asian,jax,reverse,1000,205.85334233333205,3.275448841929589,4857.827367120085,0.00020585334233333205,,sha_round_0,,,,0,1,,,,,3.2907666763986247,c2d-standard-4,europe-west1,europe-west1-b,c2d,4,5.666454879796595,19.62109375,93d038d,2026-06-09T19:55:54.016489+00:00
5141865e-344a-418f-8ff4-fb5f95a68feb,sha_cloud_profiler_v3,sha_probe,asian,jax,reverse,1000,208.61277733333358,4.0488664501975276,4793.57023468482,0.00020861277733333358,,sha_round_0,,,,0,0,,,,,3.266387871597573,c2d-standard-4,europe-west1,europe-west1-b,c2d,4,5.666454879796595,20.65625,13789b8,2026-06-09T20:51:47.368256+00:00
604d88dd-42ea-41a4-a7ff-9048702175be,sha_cloud_profiler_v3,sha_probe,asian,jax,reverse,1000,208.61277733333358,4.0488664501975276,4793.57023468482,0.00020861277733333358,,sha_round_0,,,,0,1,,,,,3.266387871597573,c2d-standard-4,europe-west1,europe-west1-b,c2d,4,5.666454879796595,20.65625,13789b8,2026-06-09T20:51:47.406862+00:00
386900c4-1220-44d9-a407-cb9f67fb18ac,sha_cloud_profiler_v2,grid_search_full,asian,jax,reverse,10000,237.0288885999969,4.5088768552769185,42188.950296584786,0.0023702888859999686,,full,full_grid_only,dominated or outside 1.5x margin (score=176.84 vs best=7.57),,,,,,,,3.1961901563715416,c2d-standard-4,europe-west1,europe-west1-b,c2d,4,5.988885012332589,40.98046875,93d038d,2026-06-09T19:57:47.013303+00:00
10986f71-48ec-4b8e-8139-2639d66f3875,sha_cloud_profiler_v3,grid_search_full,asian,jax,reverse,10000,235.5780837999987,5.989249199819992,42448.77044033438,0.002355780837999987,,full,full_grid_only,dominated or outside 1.5x margin (score=181.56 vs best=7.68),,,,,,,,2.998068865496627,c2d-standard-4,europe-west1,europe-west1-b,c2d,4,5.988885012332589,16.859375,13789b8,2026-06-09T20:53:52.217567+00:00
0e6f1a71-5fb1-4e19-8c3d-c1f28ec86fe0,sha_cloud_profiler_v2,grid_search_full,asian,jax,reverse,50000,397.09123600000567,2.6513056233100105,125915.64725442413,0.019854561800000285,,full,full_grid_only,dominated or outside 1.5x margin (score=176.84 vs best=7.57),,,,,,,,2.042606361431672,c2d-standard-4,europe-west1,europe-west1-b,c2d,4,5.77789087176735,103.13671875,93d038d,2026-06-09T19:57:51.448550+00:00
a7950c0d-8cfe-4257-9fe7-e93374a2c950,sha_cloud_profiler_v3,grid_search_full,asian,jax,reverse,50000,402.4691751999967,5.9329706177094605,124233.11667323041,0.020123458759999834,,full,full_grid_only,dominated or outside 1.5x margin (score=181.56 vs best=7.68),,,,,,,,2.0236046090102637,c2d-standard-4,europe-west1,europe-west1-b,c2d,4,5.77789087176735,124.65234375,13789b8,2026-06-09T20:53:56.743478+00:00
f6834d12-0d46-44b7-9410-1632ea382661,sha_cloud_profiler_v2,grid_search_full,asian,jax,reverse,100000,619.6702393999999,32.1138151705544,161376.15402802904,0.06196702393999999,,full,full_grid_only,dominated or outside 1.5x margin (score=176.84 vs best=7.57),,,,,,,,1.783795118342062,c2d-standard-4,europe-west1,europe-west1-b,c2d,4,5.786070148379278,412.015625,93d038d,2026-06-09T19:57:58.508748+00:00
78fb64bf-04d6-4d53-8ed6-1f1f9055c255,sha_cloud_profiler_v3,grid_search_full,asian,jax,reverse,100000,616.6042446000006,34.040366037804496,162178.57868440612,0.06166042446000006,,full,full_grid_only,dominated or outside 1.5x margin (score=181.56 vs best=7.68),,,,,,,,1.7326882959320098,c2d-standard-4,europe-west1,europe-west1-b,c2d,4,5.786070148379278,22.15234375,13789b8,2026-06-09T20:54:03.812508+00:00
303600e5-b96a-402c-ac39-dc3ece794d4c,sha_cloud_profiler_v3,sha_probe,european,cpp,none,1000,0.015447999994459376,0.002034381234998393,64733298.83212473,1.5447999994459376e-08,,sha_round_0,,,,0,0,,,,,1.0,c2d-standard-4,europe-west1,europe-west1-b,c2d,4,10.06242275301376,0.0,13789b8,2026-06-09T20:51:42.568706+00:00
61693e17-4575-4a99-b83e-bcb6573e84c6,sha_cloud_profiler_v3,sha_probe,european,cpp,none,5000,0.04665920000093138,0.002485480273230522,107160002.74115701,2.3329600000465688e-07,,sha_round_1,,,,1,0,,,,,1.0,c2d-standard-4,europe-west1,europe-west1-b,c2d,4,10.38041988489823,0.0,13789b8,2026-06-09T20:51:47.654527+00:00
af8f6a6d-eab7-472d-9df3-512cf95bf01f,sha_cloud_profiler_v3,sha_probe,european,cpp,none,5000,0.04665920000093138,0.002485480273230522,107160002.74115701,2.3329600000465688e-07,,sha_round_1,,,,1,1,,,,,1.0,c2d-standard-4,europe-west1,europe-west1-b,c2d,4,10.38041988489823,0.0,13789b8,2026-06-09T20:51:48.890813+00:00
9ea6c24d-da51-4f33-95cd-a175f6d5340e,sha_cloud_profiler_v3,profiler_selected,european,cpp,none,10000,0.10292060000551828,0.0056877043979157455,97162278.48908608,1.029206000055183e-06,,full,selected_both,top-3 probe Pareto; diversity guard; fastest probe runtime,,,,,,,,1.0,c2d-standard-4,europe-west1,europe-west1-b,c2d,4,10.465833380212402,0.0,13789b8,2026-06-09T20:51:53.731006+00:00
00138034-d750-4418-a76c-894b221ad582,sha_cloud_profiler_v3,profiler_selected,european,cpp,none,50000,0.4995526000016071,0.007047464110399518,100089560.13808985,2.4977630000080358e-05,,full,selected_both,top-3 probe Pareto; diversity guard; fastest probe runtime,,,,,,,,1.0,c2d-standard-4,europe-west1,europe-west1-b,c2d,4,10.449762310278015,0.0,13789b8,2026-06-09T20:51:53.738594+00:00
304bf9d2-26fc-44a6-b408-9f41e548cf92,sha_cloud_profiler_v3,profiler_selected,european,cpp,none,100000,1.015005400003588,0.04514320131299035,98521643.3327808,0.0001015005400003588,,full,selected_both,top-3 probe Pareto; diversity guard; fastest probe runtime,,,,7.802800001617998e-06,0.007645199992841381,0.7879252001546412,22.37231445745452,1.0,c2d-standard-4,europe-west1,europe-west1-b,c2d,4,10.498445568178603,0.0,13789b8,2026-06-09T20:51:53.749391+00:00
ce5981a0-ffa2-4fa8-8472-efbf65a943d2,sha_cloud_profiler_v2,sha_probe,european,cpu,none,1000,0.06594666666615012,0.006246953925787213,15163768.702100173,6.594666666615013e-08,,sha_round_0,,,,0,0,,,,,1.0,c2d-standard-4,europe-west1,europe-west1-b,c2d,4,9.911979607280376,0.0,93d038d,2026-06-09T19:55:48.993003+00:00
d4d0f7b9-5de9-499d-9a72-9071e25fa771,sha_cloud_profiler_v2,sha_probe,european,cpu,none,1000,0.06594666666615012,0.006246953925787213,15163768.702100173,6.594666666615013e-08,,sha_round_0,,,,0,1,,,,,1.0,c2d-standard-4,europe-west1,europe-west1-b,c2d,4,9.911979607280376,0.0,93d038d,2026-06-09T19:55:53.991411+00:00
3f881f59-b216-4921-9731-b4c9783577f5,sha_cloud_profiler_v3,sha_probe,european,cpu,none,1000,0.06661899999945338,0.005681232875517034,15010732.673984976,6.661899999945338e-08,,sha_round_0,,,,0,0,,,,,1.0,c2d-standard-4,europe-west1,europe-west1-b,c2d,4,9.911979607280376,0.0,13789b8,2026-06-09T20:51:42.291960+00:00
77e9e60e-1a9b-4456-8ae1-1acc4d6b7c79,sha_cloud_profiler_v3,sha_probe,european,cpu,none,1000,0.06661899999945338,0.005681232875517034,15010732.673984976,6.661899999945338e-08,,sha_round_0,,,,0,1,,,,,1.0,c2d-standard-4,europe-west1,europe-west1-b,c2d,4,9.911979607280376,0.0,13789b8,2026-06-09T20:51:47.372232+00:00
e2226c71-ad4a-48b0-87b0-e6bd0a527e9d,sha_cloud_profiler_v2,profiler_selected,european,cpu,none,10000,0.1929541999970752,0.012053819445169388,51825770.05398991,1.9295419999707517e-06,,full,selected_old,top-3 probe Pareto; diversity guard; fastest probe runtime,,,,,,,,1.0,c2d-standard-4,europe-west1,europe-west1-b,c2d,4,10.345182037175293,0.0,93d038d,2026-06-09T19:55:58.640262+00:00
61c36f0f-eb98-43f8-af83-529d35b478b3,sha_cloud_profiler_v3,profiler_selected,european,cpu,none,10000,0.19745000000170876,0.009345563119780347,50645733.09654828,1.9745000000170875e-06,,full,selected_old,diversity guard,,,,,,,,1.0,c2d-standard-4,europe-west1,europe-west1-b,c2d,4,10.345182037175293,0.0,13789b8,2026-06-09T20:51:51.826012+00:00
e636b0af-3b62-4284-bd61-73dc6794e587,sha_cloud_profiler_v2,profiler_selected,european,cpu,none,50000,0.8978094000013925,0.013628547146104565,55691107.711639516,4.4890470000069624e-05,,full,selected_old,top-3 probe Pareto; diversity guard; fastest probe runtime,,,,,,,,1.0,c2d-standard-4,europe-west1,europe-west1-b,c2d,4,10.457691538845074,0.0,93d038d,2026-06-09T19:55:58.651343+00:00
ecd33a83-7296-45ab-8134-83ddde8e38a6,sha_cloud_profiler_v3,profiler_selected,european,cpu,none,50000,0.89722219999544,0.012085957646582882,55727555.56009885,4.4861109999772e-05,,full,selected_old,diversity guard,,,,,,,,1.0,c2d-standard-4,europe-west1,europe-west1-b,c2d,4,10.457691538845074,0.0,13789b8,2026-06-09T20:51:51.836611+00:00
eecac4a3-5e48-48b3-b618-5070ce3b8249,sha_cloud_profiler_v2,profiler_selected,european,cpu,none,100000,1.6890758000016604,0.007907231957694152,59203974.14959216,0.00016890758000016602,,full,selected_old,top-3 probe Pareto; diversity guard; fastest probe runtime,,,,,,,,1.0,c2d-standard-4,europe-west1,europe-west1-b,c2d,4,10.420541193153111,0.0,93d038d,2026-06-09T19:55:58.667812+00:00
9b75cc06-9b95-4554-8ed8-55a8ed7775bd,sha_cloud_profiler_v3,profiler_selected,european,cpu,none,100000,1.7017071999987365,0.015148041127108802,58764516.010788605,0.00017017071999987367,,full,selected_old,diversity guard,,,,,,,,1.0,c2d-standard-4,europe-west1,europe-west1-b,c2d,4,10.420541193153111,0.0,13789b8,2026-06-09T20:51:51.853406+00:00
d7f136f5-d832-472a-8abc-a9547bb58ca1,sha_cloud_profiler_v2,sha_probe,european,jax,forward,1000,1.3622139999966976,0.07387505125210957,734099.0475816753,1.3622139999966977e-06,,sha_round_0,,,,0,0,,,,,4.871365377148445,c2d-standard-4,europe-west1,europe-west1-b,c2d,4,10.69890892983176,0.2578125,93d038d,2026-06-09T19:55:49.096434+00:00
0bb078b4-543c-4242-a2db-72b8f4a0fe75,sha_cloud_profiler_v2,sha_probe,european,jax,forward,1000,1.3622139999966976,0.07387505125210957,734099.0475816753,1.3622139999966977e-06,,sha_round_0,,,,0,1,,,,,4.871365377148445,c2d-standard-4,europe-west1,europe-west1-b,c2d,4,10.69890892983176,0.2578125,93d038d,2026-06-09T19:55:53.995488+00:00
3f794caf-9959-4f2e-b21a-1d87c2dd48ef,sha_cloud_profiler_v3,sha_probe,european,jax,forward,1000,1.3186846666618142,0.08917192431172617,758331.4080169379,1.3186846666618142e-06,,sha_round_0,,,,0,0,,,,,4.867246315447709,c2d-standard-4,europe-west1,europe-west1-b,c2d,4,10.69890892983176,0.0,13789b8,2026-06-09T20:51:42.391075+00:00
a738641f-4a82-42aa-a8b3-d9dd5f211700,sha_cloud_profiler_v3,sha_probe,european,jax,forward,1000,1.3186846666618142,0.08917192431172617,758331.4080169379,1.3186846666618142e-06,,sha_round_0,,,,0,1,,,,,4.867246315447709,c2d-standard-4,europe-west1,europe-west1-b,c2d,4,10.69890892983176,0.0,13789b8,2026-06-09T20:51:47.375411+00:00
90600f1c-6351-4048-8e43-def5ebaea005,sha_cloud_profiler_v2,grid_search_full,european,jax,forward,10000,1.431235600000491,0.04290753254645872,6986969.860165978,1.4312356000004911e-05,,full,full_grid_only,dominated or outside 1.5x margin (score=1.20 vs best=0.07),,,,,,,,3.0668142609143505,c2d-standard-4,europe-west1,europe-west1-b,c2d,4,10.420809313193189,0.0,93d038d,2026-06-09T19:55:59.499382+00:00
93d55aab-ebf0-4d03-b374-7e21d844ae03,sha_cloud_profiler_v3,grid_search_full,european,jax,forward,10000,1.7931020000048647,0.20533650536406686,5576927.581349455,1.7931020000048646e-05,,full,full_grid_only,dominated or outside 1.5x margin (score=1.15 vs best=0.02),,,,,,,,3.281401204891573,c2d-standard-4,europe-west1,europe-west1-b,c2d,4,10.420809313193189,0.2578125,13789b8,2026-06-09T20:51:52.673857+00:00
cc04da32-4886-40df-af7a-8c9caa56554c,sha_cloud_profiler_v2,grid_search_full,european,jax,forward,50000,2.1077648000016325,0.04237742195114902,23721811.84540195,0.00010538824000008163,,full,full_grid_only,dominated or outside 1.5x margin (score=1.20 vs best=0.07),,,,,,,,2.2745164224819847,c2d-standard-4,europe-west1,europe-west1-b,c2d,4,10.427615610007502,0.2578125,93d038d,2026-06-09T19:55:59.674711+00:00
a66ef3a3-e1e5-4e53-a1d5-f0b8a300b857,sha_cloud_profiler_v3,grid_search_full,european,jax,forward,50000,2.1058209999978317,0.03613680920192925,23743708.51086179,0.00010529104999989158,,full,full_grid_only,dominated or outside 1.5x margin (score=1.15 vs best=0.02),,,,,,,,2.2960090749073414,c2d-standard-4,europe-west1,europe-west1-b,c2d,4,10.427615610007502,0.0,13789b8,2026-06-09T20:51:52.859871+00:00
cac8ae42-617e-4e0d-bd97-d01340f9be03,sha_cloud_profiler_v2,grid_search_full,european,jax,forward,100000,2.830325399997946,0.0387894120674273,35331626.533144414,0.0002830325399997946,,full,full_grid_only,dominated or outside 1.5x margin (score=1.20 vs best=0.07),,,,,,,,1.9559689447152013,c2d-standard-4,europe-west1,europe-west1-b,c2d,4,10.444163637298749,0.0,93d038d,2026-06-09T19:55:59.805288+00:00
9f46713d-ded3-45e0-a92c-1ea452e173d2,sha_cloud_profiler_v3,grid_search_full,european,jax,forward,100000,4.093760000003499,0.2520429043157939,24427421.245973025,0.0004093760000003499,,full,full_grid_only,dominated or outside 1.5x margin (score=1.15 vs best=0.02),,,,,,,,1.8422357899466917,c2d-standard-4,europe-west1,europe-west1-b,c2d,4,10.444163637298749,0.0,13789b8,2026-06-09T20:51:53.024845+00:00
4b6233e3-8912-459e-bf73-c4ff4309fa04,sha_cloud_profiler_v2,sha_probe,european,jax,none,1000,0.3069803333346499,0.019597020189733666,3257537.670694576,3.069803333346499e-07,,sha_round_0,,,,0,0,,,,,1.0,c2d-standard-4,europe-west1,europe-west1-b,c2d,4,10.69890892983176,0.0,93d038d,2026-06-09T19:55:48.999793+00:00
888cc5df-61d0-402c-b96a-ee107886b682,sha_cloud_profiler_v3,sha_probe,european,jax,none,1000,0.2946190000017168,0.018113227733745012,3394214.222416656,2.9461900000171683e-07,,sha_round_0,,,,0,0,,,,,1.0,c2d-standard-4,europe-west1,europe-west1-b,c2d,4,10.69890892983176,0.0,13789b8,2026-06-09T20:51:42.298247+00:00
bd10ce01-e24f-4952-a09e-10af6aaabfe1,sha_cloud_profiler_v2,sha_probe,european,jax,none,5000,0.4281944000041449,0.03632439217197634,11676939.259251406,2.1409720000207243e-06,,sha_round_1,,,,1,0,,,,,1.0,c2d-standard-4,europe-west1,europe-west1-b,c2d,4,10.533137565070216,0.0,93d038d,2026-06-09T19:55:54.244159+00:00
5c029ce5-7053-435f-ba9d-837f236d193d,sha_cloud_profiler_v3,sha_probe,european,jax,none,5000,0.4306982000031212,0.019963727769753383,11609057.107653959,2.153491000015606e-06,,sha_round_1,,,,1,0,,,,,1.0,c2d-standard-4,europe-west1,europe-west1-b,c2d,4,10.533137565070216,0.0,13789b8,2026-06-09T20:51:47.646625+00:00
e91dcb58-9392-4009-a7af-0d3bf524b9ce,sha_cloud_profiler_v2,profiler_selected,european,jax,none,10000,0.4761525999981586,0.016473239885095563,21001670.47295063,4.761525999981586e-06,,full,selected_both,within 1.5x safety margin; diversity guard,,,,,,,,1.0,c2d-standard-4,europe-west1,europe-west1-b,c2d,4,10.420809313193189,0.0,93d038d,2026-06-09T19:55:58.911376+00:00
04322ff2-35d9-444a-974e-6beeb3c948a3,sha_cloud_profiler_v3,profiler_selected,european,jax,none,10000,0.46645039999759774,0.017273312579852793,21438506.64518993,4.664503999975977e-06,,full,selected_both,diversity guard,,,,,,,,1.0,c2d-standard-4,europe-west1,europe-west1-b,c2d,4,10.420809313193189,0.0,13789b8,2026-06-09T20:51:52.090677+00:00
ca8086ee-b505-4ca9-a963-bc476c5f8521,sha_cloud_profiler_v2,sha_probe,european,jax,none,25000,0.6394720000011083,0.044420006899494394,39094753.17129862,1.5986800000027706e-05,,sha_round_2,,,,2,0,,,,,1.0,c2d-standard-4,europe-west1,europe-west1-b,c2d,4,10.38964722998872,0.0,93d038d,2026-06-09T19:55:55.925827+00:00
0c517fd1-8693-464a-be42-9d4e5ccd8a1f,sha_cloud_profiler_v3,sha_probe,european,jax,none,25000,0.6644617142857864,0.04289904138272022,37624440.14832651,1.661154285714466e-05,,sha_round_2,,,,2,0,,,,,1.0,c2d-standard-4,europe-west1,europe-west1-b,c2d,4,10.38964722998872,0.0,13789b8,2026-06-09T20:51:49.124021+00:00
edbdf0ce-2d4d-499f-9a77-2f963593864b,sha_cloud_profiler_v2,profiler_selected,european,jax,none,50000,0.9056388000033166,0.0219948590406921,55209648.7030115,4.5281940000165836e-05,,full,selected_both,within 1.5x safety margin; diversity guard,,,,,,,,1.0,c2d-standard-4,europe-west1,europe-west1-b,c2d,4,10.427615610007502,0.0,93d038d,2026-06-09T19:55:59.165975+00:00
c321446b-aaf4-43d6-805b-a70bb5f95abd,sha_cloud_profiler_v3,profiler_selected,european,jax,none,50000,0.9514196000054653,0.04916051042654059,52553048.097509004,4.757098000027327e-05,,full,selected_both,diversity guard,,,,,,,,1.0,c2d-standard-4,europe-west1,europe-west1-b,c2d,4,10.427615610007502,0.0,13789b8,2026-06-09T20:51:52.332642+00:00
f1525fa4-5b62-489e-a85d-9a504f1bba2e,sha_cloud_profiler_v2,profiler_selected,european,jax,none,100000,1.4686019999970767,0.042587236939426475,68091967.73543754,0.00014686019999970767,,full,selected_both,within 1.5x safety margin; diversity guard,,,,1.2792548655859125e-05,0.32602590833608996,1.6052807739220025,9.306726664215208,1.0,c2d-standard-4,europe-west1,europe-west1-b,c2d,4,10.444163637298749,0.0,93d038d,2026-06-09T19:55:59.394122+00:00
32e1eb79-d121-416d-8f56-db4c72e11db2,sha_cloud_profiler_v3,profiler_selected,european,jax,none,100000,1.9875391999988776,0.09314439902365364,50313473.06259744,0.00019875391999988777,,full,selected_both,diversity guard,,,,1.4209488133544955e-05,0.3164282607169104,1.7373770740714058,12.586525384133962,1.0,c2d-standard-4,europe-west1,europe-west1-b,c2d,4,10.444163637298749,0.0,13789b8,2026-06-09T20:51:52.560037+00:00
53fe4c69-ad3c-4978-9962-fbf1ea2d246d,sha_cloud_profiler_v2,sha_probe,european,jax,reverse,1000,1.7244410000027226,0.22388134111140026,579898.0655171276,1.7244410000027226e-06,,sha_round_0,,,,0,0,,,,,6.174300615910578,c2d-standard-4,europe-west1,europe-west1-b,c2d,4,10.69890892983176,0.2578125,93d038d,2026-06-09T19:55:49.267487+00:00
292cad74-4068-4a3d-b6aa-af4a202d347c,sha_cloud_profiler_v2,sha_probe,european,jax,reverse,1000,1.7244410000027226,0.22388134111140026,579898.0655171276,1.7244410000027226e-06,,sha_round_0,,,,0,1,,,,,6.174300615910578,c2d-standard-4,europe-west1,europe-west1-b,c2d,4,10.69890892983176,0.2578125,93d038d,2026-06-09T19:55:53.998749+00:00
cc56febc-bfa6-4258-a48b-4fc8c93aa219,sha_cloud_profiler_v3,sha_probe,european,jax,reverse,1000,1.7026176666661286,0.2328796596782181,587330.9196644751,1.7026176666661287e-06,,sha_round_0,,,,0,0,,,,,6.457389233269755,c2d-standard-4,europe-west1,europe-west1-b,c2d,4,10.69890892983176,0.2578125,13789b8,2026-06-09T20:51:42.563684+00:00
72650a3d-b126-41f8-9446-6838f13c10a2,sha_cloud_profiler_v3,sha_probe,european,jax,reverse,1000,1.7026176666661286,0.2328796596782181,587330.9196644751,1.7026176666661287e-06,,sha_round_0,,,,0,1,,,,,6.457389233269755,c2d-standard-4,europe-west1,europe-west1-b,c2d,4,10.69890892983176,0.2578125,13789b8,2026-06-09T20:51:47.379188+00:00
c769e7b0-e988-4b50-98f6-61c3e591d2bb,sha_cloud_profiler_v2,grid_search_full,european,jax,reverse,10000,1.7238899999995283,0.06070934005302403,5800834.159953789,1.7238899999995282e-05,,full,full_grid_only,dominated or outside 1.5x margin (score=1.71 vs best=0.07),,,,,,,,3.768144643050157,c2d-standard-4,europe-west1,europe-west1-b,c2d,4,10.420809313193189,0.0,93d038d,2026-06-09T19:55:59.987941+00:00
56965403-2d24-4561-b850-d1359bfef7d8,sha_cloud_profiler_v3,grid_search_full,european,jax,reverse,10000,1.9244860000014796,0.0874649124828132,5196192.645720629,1.9244860000014796e-05,,full,full_grid_only,dominated or outside 1.5x margin (score=1.67 vs best=0.02),,,,,,,,3.217232387682549,c2d-standard-4,europe-west1,europe-west1-b,c2d,4,10.420809313193189,0.0,13789b8,2026-06-09T20:51:53.247122+00:00
e68d3a88-1357-4058-aaeb-536cf7d6344b,sha_cloud_profiler_v2,grid_search_full,european,jax,reverse,50000,2.4720189999982267,0.36354588270010324,20226381.75517092,0.00012360094999991133,,full,full_grid_only,dominated or outside 1.5x margin (score=1.71 vs best=0.07),,,,,,,,2.712108395744467,c2d-standard-4,europe-west1,europe-west1-b,c2d,4,10.427615610007502,0.0,93d038d,2026-06-09T19:56:00.197491+00:00
7f1c162c-26b6-42af-98f5-110f4a495360,sha_cloud_profiler_v3,grid_search_full,european,jax,reverse,50000,2.9815270000000282,0.6666851412981051,16769930.30752347,0.00014907635000000141,,full,full_grid_only,dominated or outside 1.5x margin (score=1.67 vs best=0.02),,,,,,,,2.610905790019007,c2d-standard-4,europe-west1,europe-west1-b,c2d,4,10.427615610007502,0.2578125,13789b8,2026-06-09T20:51:53.478725+00:00
005e7f6f-a1b7-47f2-afc0-e72a2181eac7,sha_cloud_profiler_v2,grid_search_full,european,jax,reverse,100000,2.9387655999983053,0.041151826659411264,34027892.52741276,0.00029387655999983057,,full,full_grid_only,dominated or outside 1.5x margin (score=1.71 vs best=0.07),,,,,,,,2.029876865951665,c2d-standard-4,europe-west1,europe-west1-b,c2d,4,10.444163637298749,0.0,93d038d,2026-06-09T19:56:00.422326+00:00
6ae6c33f-404d-4108-9756-b55e27b3d5bf,sha_cloud_profiler_v3,grid_search_full,european,jax,reverse,100000,3.847043600001143,0.07764735160065502,25993986.655095432,0.0003847043600001143,,full,full_grid_only,dominated or outside 1.5x margin (score=1.67 vs best=0.02),,,,,,,,2.0911321022804383,c2d-standard-4,europe-west1,europe-west1-b,c2d,4,10.444163637298749,0.2578125,13789b8,2026-06-09T20:51:53.720006+00:00
ba88e5c4-0d9c-43a8-8f20-2c085b7427c0,sha_cloud_profiler_v3,sha_probe,european,rust,none,1000,0.034576333329520516,0.002001357867462846,28921516.647522077,3.4576333329520514e-08,,sha_round_0,,,,0,0,,,,,1.0,c2d-standard-4,europe-west1,europe-west1-b,c2d,4,6.265589078639187,0.0,13789b8,2026-06-09T20:51:42.573245+00:00
5a7d7534-61cc-467a-88f5-d619d7061065,sha_cloud_profiler_v3,sha_probe,european,rust,none,1000,0.034576333329520516,0.002001357867462846,28921516.647522077,3.4576333329520514e-08,,sha_round_0,,,,0,1,,,,,1.0,c2d-standard-4,europe-west1,europe-west1-b,c2d,4,6.265589078639187,0.0,13789b8,2026-06-09T20:51:47.382267+00:00
f1fbe14e-fad5-4a7a-9bb7-4d0f181518c2,sha_cloud_profiler_v3,profiler_selected,european,rust,none,10000,0.43045540000150595,0.17186736866914476,23231210.4807258,4.30455400001506e-06,,full,selected_old,diversity guard,,,,,,,,1.0,c2d-standard-4,europe-west1,europe-west1-b,c2d,4,10.786720624878557,0.0,13789b8,2026-06-09T20:51:53.755800+00:00
257ca2a7-fea9-498d-b94f-7579e6bec333,sha_cloud_profiler_v3,profiler_selected,european,rust,none,50000,0.2573135999995202,0.008888854135875071,194315419.00658664,1.286567999997601e-05,,full,selected_old,diversity guard,,,,,,,,1.0,c2d-standard-4,europe-west1,europe-west1-b,c2d,4,10.672626265826452,0.0,13789b8,2026-06-09T20:51:53.761815+00:00
8d0cfb46-9142-4571-ab12-908daebc7c25,sha_cloud_profiler_v3,profiler_selected,european,rust,none,100000,0.4285812000034639,0.007905554959042427,233328013.45274076,4.2858120000346386e-05,,full,selected_old,diversity guard,,,,,,,,1.0,c2d-standard-4,europe-west1,europe-west1-b,c2d,4,10.70913038734024,0.0,13789b8,2026-06-09T20:51:53.768396+00:00
42a4a4b4-dfca-4fb0-805f-2d71cec12139,sha_cloud_profiler_v3,sha_probe,european_local_vol,cpp,none,1000,5.376058000005439,0.003767368713519529,186009.897958502,5.376058000005439e-06,,sha_round_0,,,,0,0,,,,,1.0,c2d-standard-4,europe-west1,europe-west1-b,c2d,4,10.799289953487206,0.0,13789b8,2026-06-09T20:51:43.579566+00:00
2d08fe42-744c-4315-a1c5-664e8d04d5ec,sha_cloud_profiler_v3,sha_probe,european_local_vol,cpp,none,1000,5.376058000005439,0.003767368713519529,186009.897958502,5.376058000005439e-06,,sha_round_0,,,,0,1,,,,,1.0,c2d-standard-4,europe-west1,europe-west1-b,c2d,4,10.799289953487206,0.0,13789b8,2026-06-09T20:51:47.395487+00:00
e7544cc7-b690-4257-832e-16d257dbe9ea,sha_cloud_profiler_v3,profiler_selected,european_local_vol,cpp,none,10000,53.52252280000016,0.05161436087957244,186837.2318204696,0.0005352252280000016,,full,selected_both,within 1.5x safety margin; diversity guard,,,,,,,,1.0,c2d-standard-4,europe-west1,europe-west1-b,c2d,4,10.299848161476232,0.0,13789b8,2026-06-09T20:53:11.132846+00:00
9555f210-796f-4427-866d-13b93db9d07c,sha_cloud_profiler_v3,profiler_selected,european_local_vol,cpp,none,50000,267.85479199999713,0.7063857320301064,186668.3049672695,0.013392739599999856,,full,selected_both,within 1.5x safety margin; diversity guard,,,,,,,,1.0,c2d-standard-4,europe-west1,europe-west1-b,c2d,4,10.453598428849661,0.0,13789b8,2026-06-09T20:53:13.012017+00:00
ec934de3-a2ec-4b7a-94bb-bab37449a175,sha_cloud_profiler_v3,profiler_selected,european_local_vol,cpp,none,100000,534.6423386000026,0.28899805551488583,187040.92957145296,0.05346423386000026,,full,selected_both,within 1.5x safety margin; diversity guard,,,,,,,,1.0,c2d-standard-4,europe-west1,europe-west1-b,c2d,4,10.481566278295533,0.0,13789b8,2026-06-09T20:53:16.759451+00:00
e55c3711-afd6-4d04-b1e6-07951f5f76dd,sha_cloud_profiler_v2,sha_probe,european_local_vol,cpu,none,1000,12.104896333331302,0.03391175164883225,82611.19901097055,1.2104896333331303e-05,,sha_round_0,,,,0,0,,,,,1.0,c2d-standard-4,europe-west1,europe-west1-b,c2d,4,10.617705144273907,0.0,93d038d,2026-06-09T19:55:49.321772+00:00
743f61ef-2be7-4037-baaa-2c07fa97101b,sha_cloud_profiler_v2,sha_probe,european_local_vol,cpu,none,1000,12.104896333331302,0.03391175164883225,82611.19901097055,1.2104896333331303e-05,,sha_round_0,,,,0,1,,,,,1.0,c2d-standard-4,europe-west1,europe-west1-b,c2d,4,10.617705144273907,0.0,93d038d,2026-06-09T19:55:54.002148+00:00
0c5b2615-6ce5-4b38-8fea-31651879f4c0,sha_cloud_profiler_v3,sha_probe,european_local_vol,cpu,none,1000,12.44086400000318,0.03512996802499332,80380.26940892084,1.244086400000318e-05,,sha_round_0,,,,0,0,,,,,1.0,c2d-standard-4,europe-west1,europe-west1-b,c2d,4,10.617705144273907,0.0,13789b8,2026-06-09T20:51:42.627514+00:00
48c4e7f2-1886-4314-b7ad-4e6b263bb7c2,sha_cloud_profiler_v3,sha_probe,european_local_vol,cpu,none,1000,12.44086400000318,0.03512996802499332,80380.26940892084,1.244086400000318e-05,,sha_round_0,,,,0,1,,,,,1.0,c2d-standard-4,europe-west1,europe-west1-b,c2d,4,10.617705144273907,0.0,13789b8,2026-06-09T20:51:47.385600+00:00
6209c1cd-f6d4-4651-bf54-9c60887949e3,sha_cloud_profiler_v2,profiler_selected,european_local_vol,cpu,none,10000,89.09651580000002,0.05121532534140515,112237.83455738678,0.0008909651580000002,,full,selected_old,diversity guard,,,,,,,,1.0,c2d-standard-4,europe-west1,europe-west1-b,c2d,4,10.602178772105725,0.0,93d038d,2026-06-09T19:56:01.055868+00:00
a3bfecbc-b492-4975-8b58-c29c2c16fcfc,sha_cloud_profiler_v3,profiler_selected,european_local_vol,cpu,none,10000,93.7089157999992,7.37824983612114,106713.43185042041,0.000937089157999992,,full,selected_old,diversity guard,,,,,,,,1.0,c2d-standard-4,europe-west1,europe-west1-b,c2d,4,10.602178772105725,0.0,13789b8,2026-06-09T20:51:54.426925+00:00
0eb0981b-df22-4650-843d-3b4acadb107d,sha_cloud_profiler_v2,profiler_selected,european_local_vol,cpu,none,50000,540.4553000000021,0.3689541730897031,92514.5890881259,0.027022765000000108,,full,selected_old,diversity guard,,,,,,,,1.0,c2d-standard-4,europe-west1,europe-west1-b,c2d,4,10.497984162229226,0.0,93d038d,2026-06-09T19:56:04.845907+00:00
18a013fe-da16-4d74-b276-d33af67dfe64,sha_cloud_profiler_v3,profiler_selected,european_local_vol,cpu,none,50000,547.7935179999946,1.8706344227382457,91275.26770041205,0.02738967589999973,,full,selected_old,diversity guard,,,,,,,,1.0,c2d-standard-4,europe-west1,europe-west1-b,c2d,4,10.497984162229226,0.0,13789b8,2026-06-09T20:51:58.267910+00:00
beb7cceb-8fb7-4c19-a6a5-5e506a26ac13,sha_cloud_profiler_v2,profiler_selected,european_local_vol,cpu,none,100000,970.7988184000044,2.9532857602119114,103007.95397012563,0.09707988184000044,,full,selected_old,diversity guard,,,,,,,,1.0,c2d-standard-4,europe-west1,europe-west1-b,c2d,4,10.493294790051618,0.0,93d038d,2026-06-09T19:56:11.645673+00:00
691710c1-7a5b-4aa2-b35a-7f393c202ccc,sha_cloud_profiler_v3,profiler_selected,european_local_vol,cpu,none,100000,989.0713619999957,4.1571896664923855,101104.93928141905,0.09890713619999957,,full,selected_old,diversity guard,,,,,,,,1.0,c2d-standard-4,europe-west1,europe-west1-b,c2d,4,10.493294790051618,0.0,13789b8,2026-06-09T20:52:05.242030+00:00
c022fa5e-4634-4244-befc-5cf9bfc1cbbf,sha_cloud_profiler_v2,sha_probe,european_local_vol,jax,forward,1000,38.79391700000193,0.7018360412636819,25777.237189014715,3.879391700000194e-05,,sha_round_0,,,,0,0,,,,,4.6920237884221025,c2d-standard-4,europe-west1,europe-west1-b,c2d,4,10.338233718138095,0.0,93d038d,2026-06-09T19:55:49.731684+00:00
b332666b-dfa0-4faf-8692-161f44142845,sha_cloud_profiler_v2,sha_probe,european_local_vol,jax,forward,1000,38.79391700000193,0.7018360412636819,25777.237189014715,3.879391700000194e-05,,sha_round_0,,,,0,1,,,,,4.6920237884221025,c2d-standard-4,europe-west1,europe-west1-b,c2d,4,10.338233718138095,0.0,93d038d,2026-06-09T19:55:54.005536+00:00
edfe9ef2-cb1b-4815-a7bc-020c5fb64c60,sha_cloud_profiler_v3,sha_probe,european_local_vol,jax,forward,1000,39.522195333328604,0.33444995709216563,25302.238187075396,3.9522195333328605e-05,,sha_round_0,,,,0,0,,,,,4.756177070787585,c2d-standard-4,europe-west1,europe-west1-b,c2d,4,10.338233718138095,0.0,13789b8,2026-06-09T20:51:43.029011+00:00
c600a89a-be0c-4a0f-8e4d-9dfd8bf7aa42,sha_cloud_profiler_v3,sha_probe,european_local_vol,jax,forward,1000,39.522195333328604,0.33444995709216563,25302.238187075396,3.9522195333328605e-05,,sha_round_0,,,,0,1,,,,,4.756177070787585,c2d-standard-4,europe-west1,europe-west1-b,c2d,4,10.338233718138095,0.0,13789b8,2026-06-09T20:51:47.388646+00:00
b95b0d4b-c78d-442a-b43b-4f04bf52c5e9,sha_cloud_profiler_v2,grid_search_full,european_local_vol,jax,forward,10000,389.74355919999937,4.397866089290328,25657.896747611,0.0038974355919999936,,full,full_grid_only,dominated or outside 1.5x margin (score=34.49 vs best=4.06),,,,,,,,5.148982034119331,c2d-standard-4,europe-west1,europe-west1-b,c2d,4,10.72713156721504,0.0,93d038d,2026-06-09T19:56:21.986187+00:00
c5d1173f-09eb-4e0b-aef7-203eeada5fe6,sha_cloud_profiler_v3,grid_search_full,european_local_vol,jax,forward,10000,396.164840199998,3.5963778410255505,25242.017931100716,0.00396164840199998,,full,full_grid_only,dominated or outside 1.5x margin (score=35.09 vs best=4.29),,,,,,,,5.182303781638491,c2d-standard-4,europe-west1,europe-west1-b,c2d,4,10.72713156721504,0.0859375,13789b8,2026-06-09T20:52:15.883880+00:00
439131d3-207c-4107-bbb4-8fc5ab882f58,sha_cloud_profiler_v2,grid_search_full,european_local_vol,jax,forward,50000,1475.6980486000004,88.11837136435359,33882.27018896933,0.07378490243000002,,full,full_grid_only,dominated or outside 1.5x margin (score=34.49 vs best=4.06),,,,,,,,5.455775833359883,c2d-standard-4,europe-west1,europe-west1-b,c2d,4,10.398122891668713,0.14453125,93d038d,2026-06-09T19:56:34.375880+00:00
4a557976-4359-4431-b713-e43b72d2d49c,sha_cloud_profiler_v3,grid_search_full,european_local_vol,jax,forward,50000,1407.1593667999991,40.35841209865458,35532.57802895793,0.07035796833999997,,full,full_grid_only,dominated or outside 1.5x margin (score=35.09 vs best=4.29),,,,,,,,5.208512182650928,c2d-standard-4,europe-west1,europe-west1-b,c2d,4,10.398122891668713,0.15234375,13789b8,2026-06-09T20:52:27.785590+00:00
52259f6a-bed6-44f1-a2cc-56be1a50ac33,sha_cloud_profiler_v2,grid_search_full,european_local_vol,jax,forward,100000,2657.318604200003,273.8408416772385,37631.91957559994,0.2657318604200003,,full,full_grid_only,dominated or outside 1.5x margin (score=34.49 vs best=4.06),,,,,,,,4.994739803474596,c2d-standard-4,europe-west1,europe-west1-b,c2d,4,10.490112213077344,0.1171875,93d038d,2026-06-09T19:56:56.150655+00:00
68885ba8-2128-4eb8-9b53-6287bb4c5d2b,sha_cloud_profiler_v3,grid_search_full,european_local_vol,jax,forward,100000,2624.8455566000075,347.00429224238815,38097.47958258205,0.26248455566000073,,full,full_grid_only,dominated or outside 1.5x margin (score=35.09 vs best=4.29),,,,,,,,4.978910511828936,c2d-standard-4,europe-west1,europe-west1-b,c2d,4,10.490112213077344,0.01953125,13789b8,2026-06-09T20:52:49.931903+00:00
d795c2cc-b3e2-4662-929e-8f9c739d77b4,sha_cloud_profiler_v2,sha_probe,european_local_vol,jax,none,1000,8.973103666666779,0.09545477113612255,111444.15991924766,8.973103666666778e-06,,sha_round_0,,,,0,0,,,,,1.0,c2d-standard-4,europe-west1,europe-west1-b,c2d,4,10.338233718138095,0.0,93d038d,2026-06-09T19:55:49.362700+00:00
0b87d849-4189-491b-8164-f8d8c398f641,sha_cloud_profiler_v3,sha_probe,european_local_vol,jax,none,1000,8.284724333336158,0.0224709912014225,120704.07653471219,8.284724333336158e-06,,sha_round_0,,,,0,0,,,,,1.0,c2d-standard-4,europe-west1,europe-west1-b,c2d,4,10.338233718138095,0.0,13789b8,2026-06-09T20:51:42.665418+00:00
17d7eb45-c315-4cbf-bb90-c5eeee4275d7,sha_cloud_profiler_v2,sha_probe,european_local_vol,jax,none,5000,37.97320039999761,0.1082811154269118,131671.8092584136,0.00018986600199998805,,sha_round_1,,,,1,0,,,,,1.0,c2d-standard-4,europe-west1,europe-west1-b,c2d,4,10.858841281852154,0.0,93d038d,2026-06-09T19:55:54.809021+00:00
4e2034d4-b899-401f-9ff2-77ec528c135f,sha_cloud_profiler_v3,sha_probe,european_local_vol,jax,none,5000,38.507229399996845,0.10655025292884532,129845.74787404492,0.00019253614699998422,,sha_round_1,,,,1,0,,,,,1.0,c2d-standard-4,europe-west1,europe-west1-b,c2d,4,10.858841281852154,0.0,13789b8,2026-06-09T20:51:48.231686+00:00
73a2d8cf-bd3b-4afc-95ec-6e26ef7ef1b8,sha_cloud_profiler_v2,profiler_selected,european_local_vol,jax,none,10000,75.40125559999638,0.13199687116807932,132623.7861747289,0.0007540125559999638,,full,selected_both,top-3 probe Pareto; diversity guard; fastest probe runtime,,,,,,,,1.0,c2d-standard-4,europe-west1,europe-west1-b,c2d,4,10.72713156721504,0.0,93d038d,2026-06-09T19:56:12.458445+00:00
e8538e90-e879-4919-8c86-02ab0f81fb3a,sha_cloud_profiler_v3,profiler_selected,european_local_vol,jax,none,10000,76.66052639999634,0.15925852434048687,130445.2300238898,0.0007666052639999634,,full,selected_both,within 1.5x safety margin; diversity guard,,,,,,,,1.0,c2d-standard-4,europe-west1,europe-west1-b,c2d,4,10.72713156721504,0.0,13789b8,2026-06-09T20:52:06.080804+00:00
ce76d3f5-be30-498c-b3df-30b0988cb137,sha_cloud_profiler_v2,sha_probe,european_local_vol,jax,none,25000,134.2748871428593,2.730771049729855,186185.22444484878,0.0033568721785714826,,sha_round_2,,,,2,0,,,,,1.0,c2d-standard-4,europe-west1,europe-west1-b,c2d,4,10.548734688295786,0.26953125,93d038d,2026-06-09T19:55:57.396111+00:00
15602b50-5fdf-4d0e-aa43-90564ed05ab8,sha_cloud_profiler_v3,sha_probe,european_local_vol,jax,none,25000,133.35369242857098,1.3884841157221393,187471.37439325795,0.0033338423107142747,,sha_round_2,,,,2,0,,,,,1.0,c2d-standard-4,europe-west1,europe-west1-b,c2d,4,10.548734688295786,0.359375,13789b8,2026-06-09T20:51:50.587767+00:00
a6ac94a5-e80e-48db-8aa0-e781236e2b8d,sha_cloud_profiler_v2,profiler_selected,european_local_vol,jax,none,50000,265.7892861999983,5.894118484048087,188118.94457768524,0.013289464309999915,,full,selected_both,top-3 probe Pareto; diversity guard; fastest probe runtime,,,,,,,,1.0,c2d-standard-4,europe-west1,europe-west1-b,c2d,4,10.398122891668713,0.0,93d038d,2026-06-09T19:56:14.588218+00:00
0fc4b9c7-c59c-4b37-805f-64a7c5d67fb8,sha_cloud_profiler_v3,profiler_selected,european_local_vol,jax,none,50000,277.08741479999617,5.454469572543565,180448.46979459672,0.01385437073999981,,full,selected_both,within 1.5x safety margin; diversity guard,,,,,,,,1.0,c2d-standard-4,europe-west1,europe-west1-b,c2d,4,10.398122891668713,0.34765625,13789b8,2026-06-09T20:52:08.294695+00:00
20423464-2a39-48ba-9cc4-bbce6a1df534,sha_cloud_profiler_v2,profiler_selected,european_local_vol,jax,none,100000,526.980809600002,13.31148082797207,189760.23069208863,0.05269808096000019,,full,selected_both,top-3 probe Pareto; diversity guard; fastest probe runtime,,,,0.005089996900422558,7.810429098808139,516.810119141064,1.9299925677858991,1.0,c2d-standard-4,europe-west1,europe-west1-b,c2d,4,10.490112213077344,0.00390625,93d038d,2026-06-09T19:56:18.538008+00:00
d0eff896-0609-4cf6-8aaf-03db6dd84b41,sha_cloud_profiler_v3,profiler_selected,european_local_vol,jax,none,100000,553.3682641999974,10.163804243689658,180711.4835986658,0.05533682641999974,,full,selected_both,within 1.5x safety margin; diversity guard,,,,0.0050599541483102445,7.762355854762138,513.7577706857866,7.158071049028367,1.0,c2d-standard-4,europe-west1,europe-west1-b,c2d,4,10.490112213077344,0.06640625,13789b8,2026-06-09T20:52:12.392393+00:00
60ba0362-f752-40c3-8c1b-ddee219aa405,sha_cloud_profiler_v2,sha_probe,european_local_vol,jax,reverse,1000,17.835844666663547,2.431961151026123,56066.87088215511,1.7835844666663546e-05,,sha_round_0,,,,0,0,,,,,2.1781994159995124,c2d-standard-4,europe-west1,europe-west1-b,c2d,4,10.338233718138095,0.2578125,93d038d,2026-06-09T19:55:50.234075+00:00
ec509faf-30cf-4785-8152-4e9e2381c651,sha_cloud_profiler_v2,sha_probe,european_local_vol,jax,reverse,1000,17.835844666663547,2.431961151026123,56066.87088215511,1.7835844666663546e-05,,sha_round_0,,,,0,1,,,,,2.1781994159995124,c2d-standard-4,europe-west1,europe-west1-b,c2d,4,10.338233718138095,0.2578125,93d038d,2026-06-09T19:55:54.009066+00:00
7acfdae7-8cc5-4792-bdeb-1bb2384ba46b,sha_cloud_profiler_v3,sha_probe,european_local_vol,jax,reverse,1000,21.06767333333437,0.851227246483752,47466.08627245743,2.1067673333334368e-05,,sha_round_0,,,,0,0,,,,,2.497540218255958,c2d-standard-4,europe-west1,europe-west1-b,c2d,4,10.338233718138095,0.0,13789b8,2026-06-09T20:51:43.551651+00:00
ac7ed2a2-aeeb-40f1-8729-4237fa625245,sha_cloud_profiler_v3,sha_probe,european_local_vol,jax,reverse,1000,21.06767333333437,0.851227246483752,47466.08627245743,2.1067673333334368e-05,,sha_round_0,,,,0,1,,,,,2.497540218255958,c2d-standard-4,europe-west1,europe-west1-b,c2d,4,10.338233718138095,0.0,13789b8,2026-06-09T20:51:47.391835+00:00
dd28a344-5f6d-42af-a434-59d74853e084,sha_cloud_profiler_v2,grid_search_full,european_local_vol,jax,reverse,10000,158.77302540000073,0.78486956420792,62982.990812241296,0.0015877302540000073,,full,full_grid_only,dominated or outside 1.5x margin (score=15.26 vs best=4.06),,,,,,,,1.9648686131987914,c2d-standard-4,europe-west1,europe-west1-b,c2d,4,10.72713156721504,9.5859375,93d038d,2026-06-09T19:56:58.159600+00:00
df6883da-3c21-4f52-b960-2dc8a1bd6af9,sha_cloud_profiler_v3,grid_search_full,european_local_vol,jax,reverse,10000,159.2841662000012,2.0820048982266997,62780.879220874645,0.001592841662000012,,full,full_grid_only,dominated or outside 1.5x margin (score=17.16 vs best=4.29),,,,,,,,2.0128342196442737,c2d-standard-4,europe-west1,europe-west1-b,c2d,4,10.72713156721504,0.2890625,13789b8,2026-06-09T20:52:51.958756+00:00
b7b818ae-ee5a-4046-ad68-48b56b4c4299,sha_cloud_profiler_v2,grid_search_full,european_local_vol,jax,reverse,50000,629.2654260000006,3.5716469465089604,79457.72631722492,0.03146327130000003,,full,full_grid_only,dominated or outside 1.5x margin (score=15.26 vs best=4.06),,,,,,,,2.3459640887883597,c2d-standard-4,europe-west1,europe-west1-b,c2d,4,10.398122891668713,94.78515625,93d038d,2026-06-09T19:57:04.737678+00:00
54f012b9-378f-4441-ba18-f211ee0b4dc3,sha_cloud_profiler_v3,grid_search_full,european_local_vol,jax,reverse,50000,567.2844961999942,3.729681432486777,88139.19706060973,0.028364224809999714,,full,full_grid_only,dominated or outside 1.5x margin (score=17.16 vs best=4.29),,,,,,,,2.080718102591049,c2d-standard-4,europe-west1,europe-west1-b,c2d,4,10.398122891668713,94.6328125,13789b8,2026-06-09T20:52:58.187601+00:00
161f897c-bd69-46d2-b5da-7d2fdb01a411,sha_cloud_profiler_v2,grid_search_full,european_local_vol,jax,reverse,100000,1120.6683401999953,5.194576642365858,89232.46638889961,0.11206683401999953,,full,full_grid_only,dominated or outside 1.5x margin (score=15.26 vs best=4.06),,,,,,,,2.017465873879715,c2d-standard-4,europe-west1,europe-west1-b,c2d,4,10.490112213077344,0.09375,93d038d,2026-06-09T19:57:16.814506+00:00
1b060180-676a-45d9-ad7b-ceece820d3f6,sha_cloud_profiler_v3,grid_search_full,european_local_vol,jax,reverse,100000,1206.8939870000065,10.554556134607507,82857.31893367984,0.12068939870000066,,full,full_grid_only,dominated or outside 1.5x margin (score=17.16 vs best=4.29),,,,,,,,2.3079976563753175,c2d-standard-4,europe-west1,europe-west1-b,c2d,4,10.490112213077344,0.0,13789b8,2026-06-09T20:53:10.753251+00:00
1914f45a-1ce7-40f4-ae55-ed3ae63385a3,sha_cloud_profiler_v3,sha_probe,european_local_vol,rust,none,1000,4.2860053333365995,0.0029945339134301017,233317.48848327098,4.2860053333366e-06,,sha_round_0,,,,0,0,,,,,1.0,c2d-standard-4,europe-west1,europe-west1-b,c2d,4,11.257813939742835,0.0,13789b8,2026-06-09T20:51:43.602936+00:00
85d554a2-713b-4374-bb01-0c8bb20f2f20,sha_cloud_profiler_v3,sha_probe,european_local_vol,rust,none,1000,4.2860053333365995,0.0029945339134301017,233317.48848327098,4.2860053333366e-06,,sha_round_0,,,,0,1,,,,,1.0,c2d-standard-4,europe-west1,europe-west1-b,c2d,4,11.257813939742835,0.0,13789b8,2026-06-09T20:51:47.398388+00:00
446603d5-0a02-471b-a5aa-05e497229b9a,sha_cloud_profiler_v3,profiler_selected,european_local_vol,rust,none,10000,42.78775079999946,0.40552533660493745,233711.74724145883,0.00042787750799999456,,full,selected_both,top-3 probe Pareto; diversity guard; fastest probe runtime,,,,,,,,1.0,c2d-standard-4,europe-west1,europe-west1-b,c2d,4,10.589271522782873,0.0,13789b8,2026-06-09T20:53:17.065587+00:00
2c4caed4-c36c-4f71-86b1-1be19e326b47,sha_cloud_profiler_v3,profiler_selected,european_local_vol,rust,none,50000,213.11264599999618,0.05846917745116401,234617.70541763576,0.01065563229999981,,full,selected_both,top-3 probe Pareto; diversity guard; fastest probe runtime,,,,,,,,1.0,c2d-standard-4,europe-west1,europe-west1-b,c2d,4,10.506175058138682,0.0,13789b8,2026-06-09T20:53:18.562208+00:00
9138f9ec-5f98-465b-98d0-d9d770e9f50f,sha_cloud_profiler_v3,profiler_selected,european_local_vol,rust,none,100000,426.10431719999724,0.2996126160541246,234684.31546790403,0.042610431719999724,,full,selected_both,top-3 probe Pareto; diversity guard; fastest probe runtime,,,,,,,,1.0,c2d-standard-4,europe-west1,europe-west1-b,c2d,4,10.806643936828696,0.0,13789b8,2026-06-09T20:53:21.548725+00:00
c393e9e7-a811-4305-a933-84e9fed4508d,sha_cloud_profiler_v2,sha_probe,asian,cpu,none,1000,12.084496666659561,0.022496062067403066,82750.65379917255,1.2084496666659561e-05,,sha_round_0,,,,0,0,,,,,1.0,e2-standard-4,europe-west2,europe-west2-b,e2,4,5.820446773347019,0.0,c692c00,2026-06-09T19:13:12.913107+00:00
7ca76c8a-9737-4aac-9a31-e40b571fe0cc,sha_cloud_profiler_v2,sha_probe,asian,cpu,none,1000,12.058234333342929,0.24687482818767276,82930.88128457095,1.2058234333342929e-05,,sha_round_0,,,,0,0,,,,,1.0,e2-standard-4,europe-west2,europe-west2-b,e2,4,5.820446773347019,0.0,93d038d,2026-06-09T19:48:09.245513+00:00
0d35c637-1957-4f7f-b6a0-370b94738b70,sha_cloud_profiler_v3,sha_probe,asian,cpu,none,1000,11.439554666670423,0.07493524775451274,87415.99031940797,1.1439554666670423e-05,,sha_round_0,,,,0,0,,,,,1.0,e2-standard-4,europe-west2,europe-west2-b,e2,4,5.820446773347019,0.0,13789b8,2026-06-09T20:43:43.558780+00:00
cf9d9656-0d77-4e54-b7cd-6c85027a17f3,sha_cloud_profiler_v2,sha_probe,asian,cpu,none,5000,53.63534040000104,1.7673501658224642,93222.11740824344,0.00026817670200000523,,sha_round_1,,,,1,0,,,,,1.0,e2-standard-4,europe-west2,europe-west2-b,e2,4,5.836762769480839,0.0,c692c00,2026-06-09T19:13:21.217757+00:00
e39aa5fc-2515-4f37-8e2c-f523a7a0e24d,sha_cloud_profiler_v2,sha_probe,asian,cpu,none,5000,54.0960057999996,1.3490168737650077,92428.26574822713,0.000270480028999998,,sha_round_1,,,,1,0,,,,,1.0,e2-standard-4,europe-west2,europe-west2-b,e2,4,5.836762769480839,0.0,93d038d,2026-06-09T19:48:18.129893+00:00
d00f67ba-928b-48e8-8dd7-308f957bbbef,sha_cloud_profiler_v2,sha_probe,asian,cpu,none,5000,54.0960057999996,1.3490168737650077,92428.26574822713,0.000270480028999998,,sha_round_1,,,,1,1,,,,,1.0,e2-standard-4,europe-west2,europe-west2-b,e2,4,5.836762769480839,0.0,93d038d,2026-06-09T19:48:19.421178+00:00
fd8979db-baf4-4224-bb96-9bd63d3176d9,sha_cloud_profiler_v3,sha_probe,asian,cpu,none,5000,50.750306599996975,0.8036923012119594,98521.57228150219,0.00025375153299998484,,sha_round_1,,,,1,0,,,,,1.0,e2-standard-4,europe-west2,europe-west2-b,e2,4,5.836762769480839,0.0,13789b8,2026-06-09T20:43:51.503632+00:00
5c1dd16a-e269-4391-8eaf-186afc7c0a5b,sha_cloud_profiler_v3,sha_probe,asian,cpu,none,5000,50.750306599996975,0.8036923012119594,98521.57228150219,0.00025375153299998484,,sha_round_1,,,,1,1,,,,,1.0,e2-standard-4,europe-west2,europe-west2-b,e2,4,5.836762769480839,0.0,13789b8,2026-06-09T20:43:52.617579+00:00
7738bfa1-88e4-4f30-bc39-65a01fcf46b9,sha_cloud_profiler_v2,profiler_selected,asian,cpu,none,10000,103.88801260002083,1.3300181094975068,96257.49641107289,0.0010388801260002084,,full,selected_both,top-3 probe Pareto; diversity guard; fastest probe runtime,,,,,,,,1.0,e2-standard-4,europe-west2,europe-west2-b,e2,4,5.825527917501329,0.0,c692c00,2026-06-09T19:16:01.796570+00:00
4c66fe4d-4c0a-4dd8-a3b1-191313149c60,sha_cloud_profiler_v2,profiler_selected,asian,cpu,none,10000,107.60360660001425,4.297353634244936,92933.68796802648,0.0010760360660001425,,full,selected_both,top-3 probe Pareto; diversity guard; fastest probe runtime,,,,,,,,1.0,e2-standard-4,europe-west2,europe-west2-b,e2,4,5.825527917501329,0.0,93d038d,2026-06-09T19:51:05.036587+00:00
2334d5b2-79af-4136-9e51-531cc7a3a8e2,sha_cloud_profiler_v3,profiler_selected,asian,cpu,none,10000,82.76421079999636,0.3553919109592502,120825.17193531239,0.0008276421079999636,,full,selected_both,top-3 probe Pareto; diversity guard; fastest probe runtime,,,,,,,,1.0,e2-standard-4,europe-west2,europe-west2-b,e2,4,5.825527917501329,0.0,13789b8,2026-06-09T20:46:34.546376+00:00
4f553a2b-e0fc-4cb5-8a20-014d9fcbf7a4,sha_cloud_profiler_v2,sha_probe,asian,cpu,none,25000,277.03695585714576,5.312309759206464,90240.66815436444,0.006925923896428644,,sha_round_2,,,,2,0,,,,,1.0,e2-standard-4,europe-west2,europe-west2-b,e2,4,5.902834806478576,0.0,c692c00,2026-06-09T19:13:26.672283+00:00
d9884368-f02b-4a39-8c9d-9d56403aafdf,sha_cloud_profiler_v2,profiler_selected,asian,cpu,none,50000,568.3035502000052,3.8401361354169095,87981.1501835653,0.028415177510000264,,full,selected_both,top-3 probe Pareto; diversity guard; fastest probe runtime,,,,,,,,1.0,e2-standard-4,europe-west2,europe-west2-b,e2,4,5.838918415223014,0.0,c692c00,2026-06-09T19:16:05.758075+00:00
8567ba87-8749-44ed-ba84-4a3791c59e38,sha_cloud_profiler_v2,profiler_selected,asian,cpu,none,50000,539.9846455999977,3.2071760199707713,92595.2254520924,0.026999232279999886,,full,selected_both,top-3 probe Pareto; diversity guard; fastest probe runtime,,,,,,,,1.0,e2-standard-4,europe-west2,europe-west2-b,e2,4,5.838918415223014,0.0,93d038d,2026-06-09T19:51:08.826673+00:00
51be379f-02d6-4c9a-aee6-94512277ae2d,sha_cloud_profiler_v3,profiler_selected,asian,cpu,none,50000,519.8795914000129,2.70050632924727,96176.11621443379,0.025993979570000648,,full,selected_both,top-3 probe Pareto; diversity guard; fastest probe runtime,,,,,,,,1.0,e2-standard-4,europe-west2,europe-west2-b,e2,4,5.838918415223014,0.0,13789b8,2026-06-09T20:46:38.195188+00:00
7c782cec-d1b1-46ca-ba30-e88be1bcd82f,sha_cloud_profiler_v2,profiler_selected,asian,cpu,none,100000,1124.8531351999986,39.25839703817209,88900.49453631119,0.11248531351999987,,full,selected_both,top-3 probe Pareto; diversity guard; fastest probe runtime,,,,0.01038771093333537,1.696785733324191,1040.4678790668613,7.501891001809195,1.0,e2-standard-4,europe-west2,europe-west2-b,e2,4,5.786511890635599,0.0,c692c00,2026-06-09T19:16:13.624113+00:00
ce71fb94-dafb-47da-a122-d278dc2bd67f,sha_cloud_profiler_v2,profiler_selected,asian,cpu,none,100000,1082.0992391999994,6.236227505800883,92412.96581442053,0.10820992391999994,,full,selected_both,top-3 probe Pareto; diversity guard; fastest probe runtime,,,,0.010509442866664167,1.5487914666787599,1052.4930781330954,2.7359931505720225,1.0,e2-standard-4,europe-west2,europe-west2-b,e2,4,5.786511890635599,0.0,93d038d,2026-06-09T19:51:16.448978+00:00
c49b946a-c4bf-4933-9b0a-df4a286ef5db,sha_cloud_profiler_v3,profiler_selected,asian,cpu,none,100000,1040.0464761999956,3.363630764286967,96149.54935991774,0.10400464761999956,,full,selected_both,top-3 probe Pareto; diversity guard; fastest probe runtime,,,,0.009827687983331636,1.611866683338777,984.3806650165025,5.352242660047135,1.0,e2-standard-4,europe-west2,europe-west2-b,e2,4,5.786511890635599,0.0,13789b8,2026-06-09T20:46:45.481217+00:00
f365f7fc-341c-4b84-8b7c-0371c5e97bdd,sha_cloud_profiler_v2,sha_probe,asian,jax,forward,1000,534.6507313333385,4.214783396977308,1870.3799347775143,0.0005346507313333385,,sha_round_0,,,,0,0,,,,,4.601318135633084,e2-standard-4,europe-west2,europe-west2-b,e2,4,5.666454879796595,17.59375,c692c00,2026-06-09T19:13:16.634443+00:00
d63c5764-e2c1-46c5-bf85-b87ed43af1c0,sha_cloud_profiler_v2,sha_probe,asian,jax,forward,1000,534.6507313333385,4.214783396977308,1870.3799347775143,0.0005346507313333385,,sha_round_0,,,,0,1,,,,,4.601318135633084,e2-standard-4,europe-west2,europe-west2-b,e2,4,5.666454879796595,17.59375,c692c00,2026-06-09T19:13:19.798375+00:00
87895aa2-cb65-4659-89f8-37df08658a70,sha_cloud_profiler_v2,sha_probe,asian,jax,forward,1000,568.9221450000019,21.706100720056348,1757.7097477898255,0.0005689221450000018,,sha_round_0,,,,0,0,,,,,4.728121712889367,e2-standard-4,europe-west2,europe-west2-b,e2,4,5.666454879796595,26.19140625,93d038d,2026-06-09T19:48:13.118508+00:00
c8eec0e9-a645-46ef-8442-e62dec28bd53,sha_cloud_profiler_v2,sha_probe,asian,jax,forward,1000,568.9221450000019,21.706100720056348,1757.7097477898255,0.0005689221450000018,,sha_round_0,,,,0,1,,,,,4.728121712889367,e2-standard-4,europe-west2,europe-west2-b,e2,4,5.666454879796595,26.19140625,93d038d,2026-06-09T19:48:16.308767+00:00
eba286ce-91af-4e0a-904f-6f7094e2f28c,sha_cloud_profiler_v3,sha_probe,asian,jax,forward,1000,484.4463879999997,6.433988849801948,2064.211902019591,0.00048444638799999967,,sha_round_0,,,,0,0,,,,,4.54439459638865,e2-standard-4,europe-west2,europe-west2-b,e2,4,5.666454879796595,20.79296875,13789b8,2026-06-09T20:43:46.955526+00:00
94c37aee-fec1-4f7a-94eb-991bb6846df4,sha_cloud_profiler_v3,sha_probe,asian,jax,forward,1000,484.4463879999997,6.433988849801948,2064.211902019591,0.00048444638799999967,,sha_round_0,,,,0,1,,,,,4.54439459638865,e2-standard-4,europe-west2,europe-west2-b,e2,4,5.666454879796595,20.79296875,13789b8,2026-06-09T20:43:49.841220+00:00
f2856f14-1ccd-443d-8ab6-aa368fa992a2,sha_cloud_profiler_v2,grid_search_full,asian,jax,forward,10000,657.1298298000102,15.160344177526808,15217.692983201485,0.006571298298000102,,full,full_grid_only,dominated or outside 1.5x margin (score=483.52 vs best=12.11),,,,,,,,4.446406434337743,e2-standard-4,europe-west2,europe-west2-b,e2,4,5.988885012332589,37.171875,c692c00,2026-06-09T19:16:29.592310+00:00
ab014401-46de-4159-a342-e1464dc7fb7a,sha_cloud_profiler_v2,grid_search_full,asian,jax,forward,10000,665.0387072000058,48.33376343323932,15036.718752962102,0.006650387072000058,,full,full_grid_only,dominated or outside 1.5x margin (score=536.25 vs best=12.31),,,,,,,,4.642075904418085,e2-standard-4,europe-west2,europe-west2-b,e2,4,5.988885012332589,103.46484375,93d038d,2026-06-09T19:51:31.813248+00:00
de1ff9bd-09c3-44e4-b9a4-b7a9327c837e,sha_cloud_profiler_v3,grid_search_full,asian,jax,forward,10000,592.4540439999987,51.43681472400267,16878.946310306597,0.005924540439999988,,full,full_grid_only,dominated or outside 1.5x margin (score=437.79 vs best=11.51),,,,,,,,4.395445188045069,e2-standard-4,europe-west2,europe-west2-b,e2,4,5.988885012332589,10.77734375,13789b8,2026-06-09T20:46:59.681005+00:00
05b779df-a672-4dd3-8d06-1b7aa59539c7,sha_cloud_profiler_v2,grid_search_full,asian,jax,forward,50000,1185.4358330000196,36.0116229391857,42178.57990125322,0.059271791650000974,,full,full_grid_only,dominated or outside 1.5x margin (score=483.52 vs best=12.11),,,,,,,,2.8892058158652367,e2-standard-4,europe-west2,europe-west2-b,e2,4,5.77789087176735,37.27734375,c692c00,2026-06-09T19:16:41.068858+00:00
d5457e05-334c-4712-b8e9-b2d6cef62bd1,sha_cloud_profiler_v2,grid_search_full,asian,jax,forward,50000,1110.7391622000137,17.47452436335515,45015.06897529951,0.055536958110000686,,full,full_grid_only,dominated or outside 1.5x margin (score=536.25 vs best=12.31),,,,,,,,2.624943158880142,e2-standard-4,europe-west2,europe-west2-b,e2,4,5.77789087176735,30.0859375,93d038d,2026-06-09T19:51:42.784058+00:00
e30cb437-458f-41b8-a753-812587a5e988,sha_cloud_profiler_v3,grid_search_full,asian,jax,forward,50000,1044.6900696000057,11.83072020102751,47861.08478962011,0.052234503480000284,,full,full_grid_only,dominated or outside 1.5x margin (score=437.79 vs best=11.51),,,,,,,,2.78398209507352,e2-standard-4,europe-west2,europe-west2-b,e2,4,5.77789087176735,10.90234375,13789b8,2026-06-09T20:47:09.876965+00:00
a1b31006-9edb-4258-b8aa-67546d1af3be,sha_cloud_profiler_v2,grid_search_full,asian,jax,forward,100000,1873.1367255999885,26.206173011777675,53386.38585924302,0.18731367255999884,,full,full_grid_only,dominated or outside 1.5x margin (score=483.52 vs best=12.11),,,,,,,,2.368748481359584,e2-standard-4,europe-west2,europe-west2-b,e2,4,5.786070148379278,38.4453125,c692c00,2026-06-09T19:16:59.855333+00:00
beaacd4a-e9c7-4f34-aa73-d292c8ff44d3,sha_cloud_profiler_v2,grid_search_full,asian,jax,forward,100000,1785.4759580000064,22.5906657395264,56007.474954753576,0.17854759580000062,,full,full_grid_only,dominated or outside 1.5x margin (score=536.25 vs best=12.31),,,,,,,,2.4933204379643135,e2-standard-4,europe-west2,europe-west2-b,e2,4,5.786070148379278,34.66796875,93d038d,2026-06-09T19:52:00.616183+00:00
9a4b77c0-17e0-480c-a6e8-a8e0090e0608,sha_cloud_profiler_v3,grid_search_full,asian,jax,forward,100000,1662.1974069999965,30.423415582479358,60161.32595254386,0.16621974069999967,,full,full_grid_only,dominated or outside 1.5x margin (score=437.79 vs best=11.51),,,,,,,,2.4380445297603672,e2-standard-4,europe-west2,europe-west2-b,e2,4,5.786070148379278,9.69140625,13789b8,2026-06-09T20:47:26.511851+00:00
60392c24-540b-481f-9279-dd054ead7606,sha_cloud_profiler_v2,sha_probe,asian,jax,none,1000,110.78224133332999,3.3706904291918787,9026.717531297496,0.00011078224133332999,,sha_round_0,,,,0,0,,,,,1.0,e2-standard-4,europe-west2,europe-west2-b,e2,4,5.666454879796595,8.984375,c692c00,2026-06-09T19:13:13.371534+00:00
e99aee92-a28d-4f65-bfc3-a50a8cbecf03,sha_cloud_profiler_v2,sha_probe,asian,jax,none,1000,110.78224133332999,3.3706904291918787,9026.717531297496,0.00011078224133332999,,sha_round_0,,,,0,1,,,,,1.0,e2-standard-4,europe-west2,europe-west2-b,e2,4,5.666454879796595,8.984375,c692c00,2026-06-09T19:13:19.790917+00:00
0d4951a5-1ef4-4206-b54a-cbbb12463a04,sha_cloud_profiler_v2,sha_probe,asian,jax,none,1000,110.70567766666765,2.450466421988177,9032.960378156737,0.00011070567766666766,,sha_round_0,,,,0,0,,,,,1.0,e2-standard-4,europe-west2,europe-west2-b,e2,4,5.666454879796595,11.1328125,93d038d,2026-06-09T19:48:09.702599+00:00
d334e698-9793-4845-a09b-b195b25b63fe,sha_cloud_profiler_v3,sha_probe,asian,jax,none,1000,104.58916233333564,5.57325683442863,9561.220089065295,0.00010458916233333564,,sha_round_0,,,,0,0,,,,,1.0,e2-standard-4,europe-west2,europe-west2-b,e2,4,5.666454879796595,11.08203125,13789b8,2026-06-09T20:43:43.990191+00:00
c16f2717-1d51-4621-9b58-155a19eef9ba,sha_cloud_profiler_v2,sha_probe,asian,jax,none,5000,135.12823060000017,3.261834081000692,37001.8905583153,0.0006756411530000008,,sha_round_1,,,,1,0,,,,,1.0,e2-standard-4,europe-west2,europe-west2-b,e2,4,6.007293264560759,63.40234375,93d038d,2026-06-09T19:48:19.400101+00:00
726fff25-ee9c-42cf-9f8e-23910d23198f,sha_cloud_profiler_v3,sha_probe,asian,jax,none,5000,119.5291434000012,3.1836712063284276,41830.80257897966,0.000597645717000006,,sha_round_1,,,,1,0,,,,,1.0,e2-standard-4,europe-west2,europe-west2-b,e2,4,6.007293264560759,44.5390625,13789b8,2026-06-09T20:43:52.604320+00:00
594e10eb-f729-4678-8ef4-e4b376b3063d,sha_cloud_profiler_v2,profiler_selected,asian,jax,none,10000,147.8281145999972,6.1774368197193255,67646.13096134414,0.001478281145999972,,full,selected_old,diversity guard,,,,,,,,1.0,e2-standard-4,europe-west2,europe-west2-b,e2,4,5.988885012332589,86.51953125,c692c00,2026-06-09T19:16:14.970393+00:00
9be7ab41-ede7-42d9-8d73-7dc075456175,sha_cloud_profiler_v2,profiler_selected,asian,jax,none,10000,146.75467359999175,5.253601556571834,68140.93040237296,0.0014675467359999174,,full,selected_both,diversity guard,,,,,,,,1.0,e2-standard-4,europe-west2,europe-west2-b,e2,4,5.988885012332589,30.25,93d038d,2026-06-09T19:51:17.753083+00:00
3d457e0b-48c4-451d-a47e-2d12c445b42c,sha_cloud_profiler_v3,profiler_selected,asian,jax,none,10000,133.66138599998294,3.8932451791474416,74815.92327645978,0.0013366138599998293,,full,selected_both,diversity guard,,,,,,,,1.0,e2-standard-4,europe-west2,europe-west2-b,e2,4,5.988885012332589,39.03515625,13789b8,2026-06-09T20:46:46.679756+00:00
0cabbe59-05bf-42d1-9201-60c370d9731f,sha_cloud_profiler_v2,sha_probe,asian,jax,none,25000,255.3689805714348,11.088320627100545,97897.55961768703,0.00638422451428587,,sha_round_2,,,,2,0,,,,,1.0,e2-standard-4,europe-west2,europe-west2-b,e2,4,5.874825798934808,9.640625,93d038d,2026-06-09T19:48:25.321778+00:00
5ac9189e-06bb-49fb-b0d2-ecf3d99f1e53,sha_cloud_profiler_v3,sha_probe,asian,jax,none,25000,234.6247172857139,4.9419100353616905,106553.13851505375,0.005865617932142847,,sha_round_2,,,,2,0,,,,,1.0,e2-standard-4,europe-west2,europe-west2-b,e2,4,5.874825798934808,11.328125,13789b8,2026-06-09T20:43:57.912105+00:00
c9222078-8736-4836-a168-b3b73b745039,sha_cloud_profiler_v2,profiler_selected,asian,jax,none,50000,429.16141420000713,20.407620785606692,116506.28026101599,0.021458070710000356,,full,selected_old,diversity guard,,,,,,,,1.0,e2-standard-4,europe-west2,europe-west2-b,e2,4,5.77789087176735,0.17578125,c692c00,2026-06-09T19:16:18.191232+00:00
afdac604-758d-4695-a965-894ba1ad58ab,sha_cloud_profiler_v2,profiler_selected,asian,jax,none,50000,402.04105100000334,7.556338467492515,124365.40964071748,0.02010205255000017,,full,selected_both,diversity guard,,,,,,,,1.0,e2-standard-4,europe-west2,europe-west2-b,e2,4,5.77789087176735,7.546875,93d038d,2026-06-09T19:51:20.761246+00:00
3a2e9261-ebe5-484d-90e6-499a4d89c2b9,sha_cloud_profiler_v3,profiler_selected,asian,jax,none,50000,382.62305379998907,8.40851620169367,130676.91427222996,0.019131152689999455,,full,selected_both,diversity guard,,,,,,,,1.0,e2-standard-4,europe-west2,europe-west2-b,e2,4,5.77789087176735,0.328125,13789b8,2026-06-09T20:46:49.498896+00:00
66276b57-0ac1-4f29-afc6-5d17d0d2fa7d,sha_cloud_profiler_v2,profiler_selected,asian,jax,none,100000,753.6104275999946,37.760230722865565,132694.55455714386,0.07536104275999947,,full,selected_old,diversity guard,,,,,,,,1.0,e2-standard-4,europe-west2,europe-west2-b,e2,4,5.786070148379278,0.703125,c692c00,2026-06-09T19:16:23.744397+00:00
4c8ff542-063f-48d6-b18a-f74831b61f99,sha_cloud_profiler_v2,profiler_selected,asian,jax,none,100000,720.2587601999994,5.698611919160944,138838.9916593757,0.07202587601999993,,full,selected_both,diversity guard,,,,0.006022605323464146,104.83404127023805,707.0945736166526,1.8277023912477524,1.0,e2-standard-4,europe-west2,europe-west2-b,e2,4,5.786070148379278,6.859375,93d038d,2026-06-09T19:51:25.904934+00:00
aa18ca16-618a-40b5-8d93-ba5fd3996c19,sha_cloud_profiler_v3,profiler_selected,asian,jax,none,100000,680.2295688000072,3.0689491260122788,147009.19305288358,0.06802295688000072,,full,selected_both,diversity guard,,,,0.005526738629877012,95.8047084976211,648.4785714853224,4.667688493856087,1.0,e2-standard-4,europe-west2,europe-west2-b,e2,4,5.786070148379278,0.953125,13789b8,2026-06-09T20:46:54.378126+00:00
a127c6c9-dfb8-4775-a216-f57ca4177845,sha_cloud_profiler_v2,sha_probe,asian,jax,reverse,1000,377.80953166667547,5.750391657551068,2646.836345257312,0.0003778095316666755,,sha_round_0,,,,0,0,,,,,3.2810192394993836,e2-standard-4,europe-west2,europe-west2-b,e2,4,5.666454879796595,20.09375,c692c00,2026-06-09T19:13:19.733855+00:00
fcd87f3f-5567-4a65-aa42-53838d392cb1,sha_cloud_profiler_v2,sha_probe,asian,jax,reverse,1000,377.80953166667547,5.750391657551068,2646.836345257312,0.0003778095316666755,,sha_round_0,,,,0,1,,,,,3.2810192394993836,e2-standard-4,europe-west2,europe-west2-b,e2,4,5.666454879796595,20.09375,c692c00,2026-06-09T19:13:19.805615+00:00
46e241fe-491c-43ef-a151-3129bee2fd67,sha_cloud_profiler_v2,sha_probe,asian,jax,reverse,1000,388.3388466666702,4.36864488299229,2575.070736763937,0.00038833884666667016,,sha_round_0,,,,0,0,,,,,3.2872766825580433,e2-standard-4,europe-west2,europe-west2-b,e2,4,5.666454879796595,19.86328125,93d038d,2026-06-09T19:48:16.260908+00:00
56974a00-86fb-43b5-9315-7fa77e2373c0,sha_cloud_profiler_v2,sha_probe,asian,jax,reverse,1000,388.3388466666702,4.36864488299229,2575.070736763937,0.00038833884666667016,,sha_round_0,,,,0,1,,,,,3.2872766825580433,e2-standard-4,europe-west2,europe-west2-b,e2,4,5.666454879796595,19.86328125,93d038d,2026-06-09T19:48:16.317453+00:00
64326b2d-2153-4d6c-961a-2b9877462e5b,sha_cloud_profiler_v3,sha_probe,asian,jax,reverse,1000,340.04302133334363,6.012541692250554,2940.804360809692,0.0003400430213333436,,sha_round_0,,,,0,0,,,,,3.126071429613482,e2-standard-4,europe-west2,europe-west2-b,e2,4,5.666454879796595,19.890625,13789b8,2026-06-09T20:43:49.781520+00:00
a5ed83ec-1975-4b65-8e50-9066e7b50944,sha_cloud_profiler_v3,sha_probe,asian,jax,reverse,1000,340.04302133334363,6.012541692250554,2940.804360809692,0.0003400430213333436,,sha_round_0,,,,0,1,,,,,3.126071429613482,e2-standard-4,europe-west2,europe-west2-b,e2,4,5.666454879796595,19.890625,13789b8,2026-06-09T20:43:49.846182+00:00
718031ef-7c13-4be9-b8ff-375fc4955a8a,sha_cloud_profiler_v2,grid_search_full,asian,jax,reverse,10000,515.3447423999864,57.99791183286027,19404.48631226836,0.005153447423999865,,full,full_grid_only,dominated or outside 1.5x margin (score=328.21 vs best=12.11),,,,,,,,3.2186123201658052,e2-standard-4,europe-west2,europe-west2-b,e2,4,5.988885012332589,9.25390625,c692c00,2026-06-09T19:17:05.167506+00:00
ac1c6e31-bfa8-4b30-8d40-c9090ed0c3e8,sha_cloud_profiler_v2,grid_search_full,asian,jax,reverse,10000,451.4646319999997,4.143049046950822,22150.129359413488,0.004514646319999998,,full,full_grid_only,dominated or outside 1.5x margin (score=338.33 vs best=12.31),,,,,,,,3.080194272257786,e2-standard-4,europe-west2,europe-west2-b,e2,4,5.988885012332589,11.82421875,93d038d,2026-06-09T19:52:05.358257+00:00
ee5d0ae0-8682-4ce3-9b82-40afebc74a2a,sha_cloud_profiler_v3,grid_search_full,asian,jax,reverse,10000,405.2576083999952,7.657525540283216,24675.662572952493,0.0040525760839999515,,full,full_grid_only,dominated or outside 1.5x margin (score=292.97 vs best=11.51),,,,,,,,3.060068955360276,e2-standard-4,europe-west2,europe-west2-b,e2,4,5.988885012332589,6.57421875,13789b8,2026-06-09T20:47:30.806009+00:00
45e8db72-5779-4362-833d-1503b7651637,sha_cloud_profiler_v2,grid_search_full,asian,jax,reverse,50000,853.6722728000086,29.96369306927185,58570.48611407061,0.04268361364000043,,full,full_grid_only,dominated or outside 1.5x margin (score=328.21 vs best=12.11),,,,,,,,2.0759168233899863,e2-standard-4,europe-west2,europe-west2-b,e2,4,5.77789087176735,114.03515625,c692c00,2026-06-09T19:17:14.772428+00:00
7fd9ab1b-4ce7-43aa-a6c8-9394468f4196,sha_cloud_profiler_v2,grid_search_full,asian,jax,reverse,50000,823.2813338000142,15.890466521393389,60732.580646782466,0.04116406669000071,,full,full_grid_only,dominated or outside 1.5x margin (score=338.33 vs best=12.31),,,,,,,,2.081126239731684,e2-standard-4,europe-west2,europe-west2-b,e2,4,5.77789087176735,202.1640625,93d038d,2026-06-09T19:52:14.413924+00:00
945cb2da-0547-498e-9bdc-347f0388f078,sha_cloud_profiler_v3,grid_search_full,asian,jax,reverse,50000,758.0556783999896,15.07912390872606,65958.2157679154,0.03790278391999948,,full,full_grid_only,dominated or outside 1.5x margin (score=292.97 vs best=11.51),,,,,,,,2.0369343701672693,e2-standard-4,europe-west2,europe-west2-b,e2,4,5.77789087176735,100.90625,13789b8,2026-06-09T20:47:39.244022+00:00
c8061dc7-f994-42b0-8d3f-d8c51c00517c,sha_cloud_profiler_v2,grid_search_full,asian,jax,reverse,100000,1320.9143895999887,15.827005988692841,75705.1333434886,0.13209143895999886,,full,full_grid_only,dominated or outside 1.5x margin (score=328.21 vs best=12.11),,,,,,,,1.79086508557401,e2-standard-4,europe-west2,europe-west2-b,e2,4,5.786070148379278,215.42578125,c692c00,2026-06-09T19:17:29.861853+00:00
690dbcd5-7b5b-4b0c-bfee-1853324a9244,sha_cloud_profiler_v2,grid_search_full,asian,jax,reverse,100000,1281.8474636000133,73.3049139227573,78012.40228627072,0.12818474636000132,,full,full_grid_only,dominated or outside 1.5x margin (score=338.33 vs best=12.31),,,,,,,,1.794957682475112,e2-standard-4,europe-west2,europe-west2-b,e2,4,5.786070148379278,221.76953125,93d038d,2026-06-09T19:52:28.836565+00:00
1cdd431b-4210-4311-8c15-f8e84b65ea10,sha_cloud_profiler_v3,grid_search_full,asian,jax,reverse,100000,1235.0884643999848,85.43928079430931,80965.86024595473,0.12350884643999847,,full,full_grid_only,dominated or outside 1.5x margin (score=292.97 vs best=11.51),,,,,,,,1.8489253393019582,e2-standard-4,europe-west2,europe-west2-b,e2,4,5.786070148379278,220.2109375,13789b8,2026-06-09T20:47:53.004596+00:00
3ed9cd3a-9430-45d8-973f-8f9b9ec78f61,sha_cloud_profiler_v3,sha_probe,european,cpp,none,1000,0.02698666667318624,0.008018745792765835,37055335.95942744,2.698666667318624e-08,,sha_round_0,,,,0,0,,,,,1.0,e2-standard-4,europe-west2,europe-west2-b,e2,4,10.06242275301376,0.0,13789b8,2026-06-09T20:43:41.725532+00:00
87876e41-7f2f-4fe3-83dc-3798cde2e66c,sha_cloud_profiler_v3,sha_probe,european,cpp,none,5000,0.08339460000001964,0.004966441050993256,59955920.407302424,4.169730000000982e-07,,sha_round_1,,,,1,0,,,,,1.0,e2-standard-4,europe-west2,europe-west2-b,e2,4,10.38041988489823,0.0,13789b8,2026-06-09T20:43:50.217711+00:00
7b1931f1-0ef3-4dde-b65a-a70de492ab06,sha_cloud_profiler_v3,sha_probe,european,cpp,none,5000,0.08339460000001964,0.004966441050993256,59955920.407302424,4.169730000000982e-07,,sha_round_1,,,,1,1,,,,,1.0,e2-standard-4,europe-west2,europe-west2-b,e2,4,10.38041988489823,0.0,13789b8,2026-06-09T20:43:52.611015+00:00
2c15e7f1-343d-473e-9527-f3ebf3bbdbbe,sha_cloud_profiler_v3,profiler_selected,european,cpp,none,10000,0.15900960000294617,0.005429918539222732,62889284.670955196,1.5900960000294616e-06,,full,selected_both,top-3 probe Pareto; diversity guard; fastest probe runtime,,,,,,,,1.0,e2-standard-4,europe-west2,europe-west2-b,e2,4,10.465833380212402,0.0,13789b8,2026-06-09T20:44:00.882340+00:00
8f81cc8a-1fd0-4023-a4e4-b816796b1dff,sha_cloud_profiler_v3,profiler_selected,european,cpp,none,50000,0.7851704000074733,0.015022231075218651,63680444.39719594,3.925852000037367e-05,,full,selected_both,top-3 probe Pareto; diversity guard; fastest probe runtime,,,,,,,,1.0,e2-standard-4,europe-west2,europe-west2-b,e2,4,10.449762310278015,0.0,13789b8,2026-06-09T20:44:00.894107+00:00
f48b209b-b091-43ff-938a-c36cb0a3577b,sha_cloud_profiler_v3,profiler_selected,european,cpp,none,100000,1.5615410000066277,0.041281294554869424,64039304.76341996,0.00015615410000066276,,full,selected_both,top-3 probe Pareto; diversity guard; fastest probe runtime,,,,1.410198333170835e-05,0.01288468334147789,1.423083016512313,8.86675300192099,1.0,e2-standard-4,europe-west2,europe-west2-b,e2,4,10.498445568178603,0.0,13789b8,2026-06-09T20:44:00.912060+00:00
7d3a961d-63d1-4817-ad5c-e775f269227c,sha_cloud_profiler_v2,sha_probe,european,cpu,none,1000,0.11836599999052548,0.03482500664955389,8448371.99939209,1.1836599999052548e-07,,sha_round_0,,,,0,0,,,,,1.0,e2-standard-4,europe-west2,europe-west2-b,e2,4,9.911979607280376,0.0,c692c00,2026-06-09T19:13:10.554732+00:00
06abeca1-a9d7-43ce-a839-fee9080f0c16,sha_cloud_profiler_v2,sha_probe,european,cpu,none,1000,0.11243300000292795,0.026464225530126752,8894185.870464705,1.1243300000292795e-07,,sha_round_0,,,,0,0,,,,,1.0,e2-standard-4,europe-west2,europe-west2-b,e2,4,9.911979607280376,0.0,93d038d,2026-06-09T19:48:06.909713+00:00
2569c9eb-5e09-4689-9a3c-fecc05eb57c3,sha_cloud_profiler_v3,sha_probe,european,cpu,none,1000,0.12755766667282842,0.031504350565039446,7839591.504639949,1.275576666728284e-07,,sha_round_0,,,,0,0,,,,,1.0,e2-standard-4,europe-west2,europe-west2-b,e2,4,9.911979607280376,0.0,13789b8,2026-06-09T20:43:41.277469+00:00
d8e3b885-69aa-473f-95a7-c0ad898f1262,sha_cloud_profiler_v3,sha_probe,european,cpu,none,1000,0.12755766667282842,0.031504350565039446,7839591.504639949,1.275576666728284e-07,,sha_round_0,,,,0,1,,,,,1.0,e2-standard-4,europe-west2,europe-west2-b,e2,4,9.911979607280376,0.0,13789b8,2026-06-09T20:43:49.788605+00:00
4b6cec50-d96d-4c20-b93f-2bbf78146306,sha_cloud_profiler_v2,sha_probe,european,cpu,none,5000,0.2158220000012534,0.04404365057291773,23167239.669593286,1.079110000006267e-06,,sha_round_1,,,,1,0,,,,,1.0,e2-standard-4,europe-west2,europe-west2-b,e2,4,10.168919879680967,0.0,c692c00,2026-06-09T19:13:19.815905+00:00
8ab876ac-dea5-4521-aba2-41be662d4cad,sha_cloud_profiler_v2,sha_probe,european,cpu,none,5000,0.21715759999381135,0.023540673765324524,23024752.530615978,1.0857879999690568e-06,,sha_round_1,,,,1,0,,,,,1.0,e2-standard-4,europe-west2,europe-west2-b,e2,4,10.168919879680967,0.0,93d038d,2026-06-09T19:48:16.327230+00:00
c874e489-66bc-4e2e-9d64-72d7f33ded6f,sha_cloud_profiler_v2,sha_probe,european,cpu,none,5000,0.21715759999381135,0.023540673765324524,23024752.530615978,1.0857879999690568e-06,,sha_round_1,,,,1,1,,,,,1.0,e2-standard-4,europe-west2,europe-west2-b,e2,4,10.168919879680967,0.0,93d038d,2026-06-09T19:48:19.409912+00:00
2dcac5cd-880b-4633-aa68-21eb09aac286,sha_cloud_profiler_v2,profiler_selected,european,cpu,none,10000,0.33370699999863973,0.014545371346223123,29966407.657138634,3.3370699999863973e-06,,full,selected_both,top-3 probe Pareto; diversity guard; fastest probe runtime,,,,,,,,1.0,e2-standard-4,europe-west2,europe-west2-b,e2,4,10.345182037175293,0.0,c692c00,2026-06-09T19:13:26.686425+00:00
4c9da895-a0fc-41b8-ae26-c39cbd136e3a,sha_cloud_profiler_v2,profiler_selected,european,cpu,none,10000,0.35362119999717834,0.02771723365346688,28278847.535384737,3.5362119999717832e-06,,full,selected_both,top-3 probe Pareto; diversity guard; fastest probe runtime,,,,,,,,1.0,e2-standard-4,europe-west2,europe-west2-b,e2,4,10.345182037175293,0.0,93d038d,2026-06-09T19:48:25.336803+00:00
8381de7d-6f77-4851-a4c4-c757a8ec0dd2,sha_cloud_profiler_v3,profiler_selected,european,cpu,none,10000,0.3314395999950648,0.015986893920454274,30171409.813881326,3.314395999950648e-06,,full,selected_old,diversity guard,,,,,,,,1.0,e2-standard-4,europe-west2,europe-west2-b,e2,4,10.345182037175293,0.0,13789b8,2026-06-09T20:43:57.924417+00:00
d4298404-0972-4426-b10e-9f5520d38148,sha_cloud_profiler_v2,sha_probe,european,cpu,none,25000,0.7365802857058108,0.03260723978983777,33940631.435776666,1.8414507142645272e-05,,sha_round_2,,,,2,0,,,,,1.0,e2-standard-4,europe-west2,europe-west2-b,e2,4,10.55784100685751,0.0,c692c00,2026-06-09T19:13:21.235231+00:00
c12c217c-677d-4fd0-b60b-5130d7c0b320,sha_cloud_profiler_v2,profiler_selected,european,cpu,none,50000,1.5432140000029904,0.046173722076106885,32399913.427368537,7.716070000014952e-05,,full,selected_both,top-3 probe Pareto; diversity guard; fastest probe runtime,,,,,,,,1.0,e2-standard-4,europe-west2,europe-west2-b,e2,4,10.457691538845074,0.0,c692c00,2026-06-09T19:13:26.707844+00:00
9fcdf6ed-ae72-4f0c-b28e-2b2a5e12fa55,sha_cloud_profiler_v2,profiler_selected,european,cpu,none,50000,1.6887349999961998,0.15322780704013736,29607960.988617226,8.443674999981e-05,,full,selected_both,top-3 probe Pareto; diversity guard; fastest probe runtime,,,,,,,,1.0,e2-standard-4,europe-west2,europe-west2-b,e2,4,10.457691538845074,0.0,93d038d,2026-06-09T19:48:25.360268+00:00
74d29977-e6f4-49f1-8312-f082f536ecfd,sha_cloud_profiler_v3,profiler_selected,european,cpu,none,50000,1.451665999996976,0.04439201164560086,34443184.58936433,7.258329999984881e-05,,full,selected_old,diversity guard,,,,,,,,1.0,e2-standard-4,europe-west2,europe-west2-b,e2,4,10.457691538845074,0.0,13789b8,2026-06-09T20:43:57.943986+00:00
aa6a3c7c-03ba-446e-9feb-8ec63023df21,sha_cloud_profiler_v2,profiler_selected,european,cpu,none,100000,3.029895600002419,0.045611475350153585,33004437.512606096,0.0003029895600002419,,full,selected_both,top-3 probe Pareto; diversity guard; fastest probe runtime,,,,2.436400000268198e-05,0.0940019999878435,2.5304020002560415,16.485505300776,1.0,e2-standard-4,europe-west2,europe-west2-b,e2,4,10.420541193153111,0.0,c692c00,2026-06-09T19:13:26.739529+00:00
d172a6b1-7a58-4a0d-b783-022ddb924586,sha_cloud_profiler_v2,profiler_selected,european,cpu,none,100000,3.3728935999960186,0.27963229761829395,29648133.578870688,0.00033728935999960185,,full,selected_both,top-3 probe Pareto; diversity guard; fastest probe runtime,,,,2.6181149997720854e-05,0.0862518500052071,2.7043668497772924,19.820570391533117,1.0,e2-standard-4,europe-west2,europe-west2-b,e2,4,10.420541193153111,0.0,93d038d,2026-06-09T19:48:25.395361+00:00
38e35594-3720-49dd-a221-c8bf3fecc90a,sha_cloud_profiler_v3,profiler_selected,european,cpu,none,100000,2.8337614000065514,0.0443124652192868,35288786.13413564,0.0002833761400006551,,full,selected_old,diversity guard,,,,,,,,1.0,e2-standard-4,europe-west2,europe-west2-b,e2,4,10.420541193153111,0.0,13789b8,2026-06-09T20:43:57.972789+00:00
ab4105a8-a76b-4082-bbe2-248ac1828a08,sha_cloud_profiler_v2,sha_probe,european,jax,forward,1000,2.639795666662318,0.26439774439000613,378817.1988570507,2.639795666662318e-06,,sha_round_0,,,,0,0,,,,,3.9604638102001397,e2-standard-4,europe-west2,europe-west2-b,e2,4,10.69890892983176,0.0,c692c00,2026-06-09T19:13:10.740670+00:00
54514752-8d5c-4a24-93fb-b89b53d2400a,sha_cloud_profiler_v2,sha_probe,european,jax,forward,1000,2.639795666662318,0.26439774439000613,378817.1988570507,2.639795666662318e-06,,sha_round_0,,,,0,1,,,,,3.9604638102001397,e2-standard-4,europe-west2,europe-west2-b,e2,4,10.69890892983176,0.0,c692c00,2026-06-09T19:13:19.752155+00:00
fb61246a-2c7a-45b1-8e7c-9b716da20a9d,sha_cloud_profiler_v2,sha_probe,european,jax,forward,1000,2.7810676666651566,0.3118581255457626,359574.13477792987,2.7810676666651565e-06,,sha_round_0,,,,0,0,,,,,4.730532882125218,e2-standard-4,europe-west2,europe-west2-b,e2,4,10.69890892983176,0.0,93d038d,2026-06-09T19:48:07.102145+00:00
52082b08-b0d4-4905-8cd9-a76b27b4ae36,sha_cloud_profiler_v2,sha_probe,european,jax,forward,1000,2.7810676666651566,0.3118581255457626,359574.13477792987,2.7810676666651565e-06,,sha_round_0,,,,0,1,,,,,4.730532882125218,e2-standard-4,europe-west2,europe-west2-b,e2,4,10.69890892983176,0.0,93d038d,2026-06-09T19:48:16.268962+00:00
3772b27f-4d1d-441f-ae2a-53beef78726e,sha_cloud_profiler_v3,sha_probe,european,jax,forward,1000,2.367483333330256,0.21270768297043713,422389.45715969836,2.367483333330256e-06,,sha_round_0,,,,0,0,,,,,4.380758942163612,e2-standard-4,europe-west2,europe-west2-b,e2,4,10.69890892983176,0.0,13789b8,2026-06-09T20:43:41.441661+00:00
bc5310a1-bd3b-4c92-96fd-79666b5fe145,sha_cloud_profiler_v3,sha_probe,european,jax,forward,1000,2.367483333330256,0.21270768297043713,422389.45715969836,2.367483333330256e-06,,sha_round_0,,,,0,1,,,,,4.380758942163612,e2-standard-4,europe-west2,europe-west2-b,e2,4,10.69890892983176,0.0,13789b8,2026-06-09T20:43:49.794149+00:00
62af5bca-3511-43f7-848b-cb190e007542,sha_cloud_profiler_v2,grid_search_full,european,jax,forward,10000,3.423459800001183,0.35915269441910475,2921021.5934174387,3.423459800001183e-05,,full,full_grid_only,dominated or outside 1.5x margin (score=2.43 vs best=0.15),,,,,,,,2.737004333388793,e2-standard-4,europe-west2,europe-west2-b,e2,4,10.420809313193189,0.0,c692c00,2026-06-09T19:13:28.234006+00:00
89c3b80b-ac9a-4835-b038-37fc515b12c3,sha_cloud_profiler_v2,grid_search_full,european,jax,forward,10000,3.2964295999988735,0.14458523648128266,3033585.18562126,3.296429599998874e-05,,full,full_grid_only,dominated or outside 1.5x margin (score=2.62 vs best=0.14),,,,,,,,2.888530401065994,e2-standard-4,europe-west2,europe-west2-b,e2,4,10.420809313193189,0.2578125,93d038d,2026-06-09T19:48:26.897782+00:00
24772587-df81-4aba-b7d7-4fffe9c3817c,sha_cloud_profiler_v3,grid_search_full,european,jax,forward,10000,2.7065684000035617,0.13276282579580864,3694715.4189736494,2.7065684000035616e-05,,full,full_grid_only,dominated or outside 1.5x margin (score=2.18 vs best=0.04),,,,,,,,2.9987265290373797,e2-standard-4,europe-west2,europe-west2-b,e2,4,10.420809313193189,0.0,13789b8,2026-06-09T20:43:59.253212+00:00
1ce830b3-bed3-4933-925c-954406f43c9b,sha_cloud_profiler_v2,grid_search_full,european,jax,forward,50000,4.839118200010262,0.23048236766166108,10332460.984295439,0.00024195591000051306,,full,full_grid_only,dominated or outside 1.5x margin (score=2.43 vs best=0.15),,,,,,,,2.0956298415630887,e2-standard-4,europe-west2,europe-west2-b,e2,4,10.427615610007502,0.0,c692c00,2026-06-09T19:13:28.482545+00:00
ee478d73-8a77-4d16-be4c-d82af0928601,sha_cloud_profiler_v2,grid_search_full,european,jax,forward,50000,5.765850199998113,0.23735647832627935,8671748.01038299,0.00028829250999990564,,full,full_grid_only,dominated or outside 1.5x margin (score=2.62 vs best=0.14),,,,,,,,2.445995255339104,e2-standard-4,europe-west2,europe-west2-b,e2,4,10.427615610007502,0.0,93d038d,2026-06-09T19:48:27.244708+00:00
b08669d6-3ca4-4ec3-bf23-5b1cf352a803,sha_cloud_profiler_v3,grid_search_full,european,jax,forward,50000,3.974237799997127,0.15937269548565577,12581028.744690653,0.00019871188999985633,,full,full_grid_only,dominated or outside 1.5x margin (score=2.18 vs best=0.04),,,,,,,,2.2525757121022716,e2-standard-4,europe-west2,europe-west2-b,e2,4,10.427615610007502,0.0,13789b8,2026-06-09T20:43:59.560383+00:00
20a656ee-015f-4924-87ce-42602711e460,sha_cloud_profiler_v2,grid_search_full,european,jax,forward,100000,6.685419200010756,0.12772724399169688,14957925.151475783,0.0006685419200010756,,full,full_grid_only,dominated or outside 1.5x margin (score=2.43 vs best=0.15),,,,,,,,1.9102599299310195,e2-standard-4,europe-west2,europe-west2-b,e2,4,10.444163637298749,0.0,c692c00,2026-06-09T19:13:28.752586+00:00
7748d825-1e92-4c76-963d-847751c07e92,sha_cloud_profiler_v2,grid_search_full,european,jax,forward,100000,7.511074800001438,0.6004832802292103,13313673.83000644,0.0007511074800001439,,full,full_grid_only,dominated or outside 1.5x margin (score=2.62 vs best=0.14),,,,,,,,2.0191280571979164,e2-standard-4,europe-west2,europe-west2-b,e2,4,10.444163637298749,0.0,93d038d,2026-06-09T19:48:27.530457+00:00
d596ba80-6cba-4cd4-a097-c5b1b586290d,sha_cloud_profiler_v3,grid_search_full,european,jax,forward,100000,5.321213400003444,0.09778347635655624,18792706.189895578,0.0005321213400003445,,full,full_grid_only,dominated or outside 1.5x margin (score=2.18 vs best=0.04),,,,,,,,1.8415756776958898,e2-standard-4,europe-west2,europe-west2-b,e2,4,10.444163637298749,0.0,13789b8,2026-06-09T20:43:59.793052+00:00
aa091804-1885-4e1f-9f31-3312f1f74b61,sha_cloud_profiler_v2,sha_probe,european,jax,none,1000,0.959232000004325,0.2129941702321631,1042500.6671957267,9.59232000004325e-07,,sha_round_0,,,,0,0,,,,,1.0,e2-standard-4,europe-west2,europe-west2-b,e2,4,10.69890892983176,0.0,c692c00,2026-06-09T19:13:10.569704+00:00
f4c88eb9-c244-4bd8-89d7-ec704899c5d4,sha_cloud_profiler_v2,sha_probe,european,jax,none,1000,0.959232000004325,0.2129941702321631,1042500.6671957267,9.59232000004325e-07,,sha_round_0,,,,0,1,,,,,1.0,e2-standard-4,europe-west2,europe-west2-b,e2,4,10.69890892983176,0.0,c692c00,2026-06-09T19:13:19.743110+00:00
9c872ada-f1b2-4c34-9b5c-5f98c2b3db89,sha_cloud_profiler_v2,sha_probe,european,jax,none,1000,0.7660559999986086,0.05038014128804933,1305387.5956872818,7.660559999986087e-07,,sha_round_0,,,,0,0,,,,,1.0,e2-standard-4,europe-west2,europe-west2-b,e2,4,10.69890892983176,0.0,93d038d,2026-06-09T19:48:06.924103+00:00
4c08800e-6da8-4ad2-959a-81d0ba9d4e81,sha_cloud_profiler_v3,sha_probe,european,jax,none,1000,0.6549333333225604,0.08931498475332071,1526872.9641944964,6.549333333225604e-07,,sha_round_0,,,,0,0,,,,,1.0,e2-standard-4,europe-west2,europe-west2-b,e2,4,10.69890892983176,0.0,13789b8,2026-06-09T20:43:41.289611+00:00
74c09df8-ac3d-4b52-8fd4-6d3434735ea8,sha_cloud_profiler_v2,sha_probe,european,jax,none,5000,0.940145199999165,0.09349405401465831,5318327.424321733,4.700725999995825e-06,,sha_round_1,,,,1,0,,,,,1.0,e2-standard-4,europe-west2,europe-west2-b,e2,4,10.533137565070216,0.0,93d038d,2026-06-09T19:48:16.732795+00:00
e502f845-b788-4b8b-8f26-ed1ab71aeb27,sha_cloud_profiler_v3,sha_probe,european,jax,none,5000,0.8060075999992478,0.04899326848871334,6203415.451671506,4.0300379999962385e-06,,sha_round_1,,,,1,0,,,,,1.0,e2-standard-4,europe-west2,europe-west2-b,e2,4,10.533137565070216,0.0,13789b8,2026-06-09T20:43:50.209218+00:00
abadc4b3-a143-41b8-93f5-778caeda2194,sha_cloud_profiler_v2,profiler_selected,european,jax,none,10000,1.1279158000093048,0.06920362639693761,8865910.026189458,1.1279158000093049e-05,,full,selected_old,diversity guard,,,,,,,,1.0,e2-standard-4,europe-west2,europe-west2-b,e2,4,10.420809313193189,0.0,c692c00,2026-06-09T19:13:27.145481+00:00
5a74dc9b-086e-4932-9ced-634b81e642fc,sha_cloud_profiler_v2,profiler_selected,european,jax,none,10000,1.0552462000021023,0.09123524117268889,9476461.511996042,1.0552462000021024e-05,,full,selected_both,diversity guard,,,,,,,,1.0,e2-standard-4,europe-west2,europe-west2-b,e2,4,10.420809313193189,0.0,93d038d,2026-06-09T19:48:25.816664+00:00
b150e177-f998-4937-a677-b0b1a76c8aa0,sha_cloud_profiler_v3,profiler_selected,european,jax,none,10000,0.9260131999951682,0.07883173149027194,10798982.131196596,9.260131999951682e-06,,full,selected_both,diversity guard,,,,,,,,1.0,e2-standard-4,europe-west2,europe-west2-b,e2,4,10.420809313193189,0.0,13789b8,2026-06-09T20:43:58.338988+00:00
103876ac-baae-43cc-ba41-24347dc66b80,sha_cloud_profiler_v2,sha_probe,european,jax,none,25000,1.7235724285760463,0.11819989369153089,14504757.436073693,4.308931071440116e-05,,sha_round_2,,,,2,0,,,,,1.0,e2-standard-4,europe-west2,europe-west2-b,e2,4,10.38964722998872,0.0,93d038d,2026-06-09T19:48:19.830244+00:00
231a5bf8-5abe-425a-8db0-ee604f09dda1,sha_cloud_profiler_v3,sha_probe,european,jax,none,25000,1.2357991428554473,0.06834718397103211,20229824.680275146,3.089497857138618e-05,,sha_round_2,,,,2,0,,,,,1.0,e2-standard-4,europe-west2,europe-west2-b,e2,4,10.38964722998872,0.0,13789b8,2026-06-09T20:43:52.990309+00:00
bea3f086-2874-4223-80e1-b9a022576a02,sha_cloud_profiler_v2,profiler_selected,european,jax,none,50000,2.2702190000018163,0.100652027296659,22024306.9060562,0.00011351095000009082,,full,selected_old,diversity guard,,,,,,,,1.0,e2-standard-4,europe-west2,europe-west2-b,e2,4,10.427615610007502,0.0,c692c00,2026-06-09T19:13:27.590271+00:00
1bc1c3a2-5891-4a2f-a07e-a7974d6369a7,sha_cloud_profiler_v2,profiler_selected,european,jax,none,50000,2.2392265999997107,0.15294830499128523,22329138.105096847,0.00011196132999998554,,full,selected_both,diversity guard,,,,,,,,1.0,e2-standard-4,europe-west2,europe-west2-b,e2,4,10.427615610007502,0.0,93d038d,2026-06-09T19:48:26.253587+00:00
e2267923-7ad9-4c7e-bc5e-7c9e0651f8d7,sha_cloud_profiler_v3,profiler_selected,european,jax,none,50000,1.6861405999918588,0.010274216058562703,29653517.624948606,8.430702999959294e-05,,full,selected_both,diversity guard,,,,,,,,1.0,e2-standard-4,europe-west2,europe-west2-b,e2,4,10.427615610007502,0.0,13789b8,2026-06-09T20:43:58.710315+00:00
b46d6880-b579-4fe6-beef-77829a1e0073,sha_cloud_profiler_v2,profiler_selected,european,jax,none,100000,3.8429236000013134,0.4102826243450832,26021854.819066875,0.0003842923600001314,,full,selected_old,diversity guard,,,,,,,,1.0,e2-standard-4,europe-west2,europe-west2-b,e2,4,10.444163637298749,0.0,c692c00,2026-06-09T19:13:27.997956+00:00
2bc5685f-fb9d-4021-bf65-268b52bc9733,sha_cloud_profiler_v2,profiler_selected,european,jax,none,100000,3.5350023999995983,0.20024506024483898,28288523.93424439,0.0003535002399999598,,full,selected_both,diversity guard,,,,3.9662596428829015e-05,0.7334110464267068,4.699670689309609,32.946746777601696,1.0,e2-standard-4,europe-west2,europe-west2-b,e2,4,10.444163637298749,0.0,93d038d,2026-06-09T19:48:26.683572+00:00
3f7e3e8a-fe46-4a53-b431-6a0d8ab70032,sha_cloud_profiler_v3,profiler_selected,european,jax,none,100000,2.8105604000018047,0.13206603542742093,35580092.85263387,0.0002810560400001805,,full,selected_both,diversity guard,,,,2.3327527573205675e-05,0.6578622404692931,2.9906149977898604,6.406359307842665,1.0,e2-standard-4,europe-west2,europe-west2-b,e2,4,10.444163637298749,0.0,13789b8,2026-06-09T20:43:59.069085+00:00
e5953701-9268-40b3-8ba9-36421f08edd8,sha_cloud_profiler_v2,sha_probe,european,jax,reverse,1000,3.7285613333324363,0.39975585576706707,268199.95987735054,3.7285613333324363e-06,,sha_round_0,,,,0,0,,,,,4.746073643908173,e2-standard-4,europe-west2,europe-west2-b,e2,4,10.69890892983176,0.0,c692c00,2026-06-09T19:13:11.071575+00:00
6b746670-2114-479c-b06c-e9802a9bc7a0,sha_cloud_profiler_v2,sha_probe,european,jax,reverse,1000,3.7285613333324363,0.39975585576706707,268199.95987735054,3.7285613333324363e-06,,sha_round_0,,,,0,1,,,,,4.746073643908173,e2-standard-4,europe-west2,europe-west2-b,e2,4,10.69890892983176,0.0,c692c00,2026-06-09T19:13:19.759978+00:00
6bf77913-a353-4935-88a4-248dce2f0a29,sha_cloud_profiler_v2,sha_probe,european,jax,reverse,1000,3.8476433333300974,0.24627486601698403,259899.34964541264,3.847643333330098e-06,,sha_round_0,,,,0,0,,,,,6.093760970816041,e2-standard-4,europe-west2,europe-west2-b,e2,4,10.69890892983176,0.0,93d038d,2026-06-09T19:48:07.422311+00:00
b4e621f9-d211-4205-8c29-5bfdc5542a5e,sha_cloud_profiler_v2,sha_probe,european,jax,reverse,1000,3.8476433333300974,0.24627486601698403,259899.34964541264,3.847643333330098e-06,,sha_round_0,,,,0,1,,,,,6.093760970816041,e2-standard-4,europe-west2,europe-west2-b,e2,4,10.69890892983176,0.0,93d038d,2026-06-09T19:48:16.277905+00:00
71344bbb-ac6a-4586-b426-33123b0701b2,sha_cloud_profiler_v3,sha_probe,european,jax,reverse,1000,3.1195786666652716,0.32712926976907386,320556.1092866966,3.1195786666652716e-06,,sha_round_0,,,,0,0,,,,,5.953367892151795,e2-standard-4,europe-west2,europe-west2-b,e2,4,10.69890892983176,0.0,13789b8,2026-06-09T20:43:41.716783+00:00
18ca126e-8ac6-46bb-9e4e-d827a3fac7b2,sha_cloud_profiler_v3,sha_probe,european,jax,reverse,1000,3.1195786666652716,0.32712926976907386,320556.1092866966,3.1195786666652716e-06,,sha_round_0,,,,0,1,,,,,5.953367892151795,e2-standard-4,europe-west2,europe-west2-b,e2,4,10.69890892983176,0.0,13789b8,2026-06-09T20:43:49.801141+00:00
f7ca0911-7b56-4fd4-a07f-22f8eb21ac81,sha_cloud_profiler_v2,grid_search_full,european,jax,reverse,10000,4.5208853999952225,0.5702088496927846,2211956.09161218,4.520885399995223e-05,,full,full_grid_only,dominated or outside 1.5x margin (score=3.65 vs best=0.15),,,,,,,,3.8730948019631803,e2-standard-4,europe-west2,europe-west2-b,e2,4,10.420809313193189,0.2578125,c692c00,2026-06-09T19:13:29.110124+00:00
17b2e9eb-d629-45e3-9ffc-110fb759a686,sha_cloud_profiler_v2,grid_search_full,european,jax,reverse,10000,4.465187799999626,0.12964687185338006,2239547.4609154933,4.465187799999626e-05,,full,full_grid_only,dominated or outside 1.5x margin (score=3.62 vs best=0.14),,,,,,,,3.1160115222690012,e2-standard-4,europe-west2,europe-west2-b,e2,4,10.420809313193189,0.0,93d038d,2026-06-09T19:48:27.900004+00:00
c3b96bda-7c3f-4167-905b-ce8eda0a32b3,sha_cloud_profiler_v3,grid_search_full,european,jax,reverse,10000,3.076043200002232,0.12309753792801578,3250929.6358363056,3.076043200002232e-05,,full,full_grid_only,dominated or outside 1.5x margin (score=3.05 vs best=0.04),,,,,,,,3.588374018110116,e2-standard-4,europe-west2,europe-west2-b,e2,4,10.420809313193189,0.0,13789b8,2026-06-09T20:44:00.124352+00:00
df8c9a0e-ae07-4341-abaa-1eeaa2e34834,sha_cloud_profiler_v2,grid_search_full,european,jax,reverse,50000,5.418950600005701,0.3803724002097632,9226878.724442957,0.00027094753000028504,,full,full_grid_only,dominated or outside 1.5x margin (score=3.65 vs best=0.15),,,,,,,,2.112006094359273,e2-standard-4,europe-west2,europe-west2-b,e2,4,10.427615610007502,0.0,c692c00,2026-06-09T19:13:29.521239+00:00
51012fa8-8a05-4ee9-b1cd-5173b2354966,sha_cloud_profiler_v2,grid_search_full,european,jax,reverse,50000,6.232115599996746,0.9357087085476099,8022957.725627893,0.0003116057799998373,,full,full_grid_only,dominated or outside 1.5x margin (score=3.62 vs best=0.14),,,,,,,,2.521430589154516,e2-standard-4,europe-west2,europe-west2-b,e2,4,10.427615610007502,0.0,93d038d,2026-06-09T19:48:28.327781+00:00
823651e8-b37a-41c5-8cbe-a165eb1ad6f2,sha_cloud_profiler_v3,grid_search_full,european,jax,reverse,50000,4.633302399997774,0.28910446708743165,10791438.952921359,0.0002316651199998887,,full,full_grid_only,dominated or outside 1.5x margin (score=3.05 vs best=0.04),,,,,,,,2.685881163680776,e2-standard-4,europe-west2,europe-west2-b,e2,4,10.427615610007502,0.0,13789b8,2026-06-09T20:44:00.493144+00:00
9ee457bd-b53f-4262-83f1-7e0cdd1601df,sha_cloud_profiler_v2,grid_search_full,european,jax,reverse,100000,6.904680199994573,0.261798668835682,14482929.998709947,0.0006904680199994572,,full,full_grid_only,dominated or outside 1.5x margin (score=3.65 vs best=0.15),,,,,,,,1.8743178171492718,e2-standard-4,europe-west2,europe-west2-b,e2,4,10.444163637298749,0.0,c692c00,2026-06-09T19:13:29.951772+00:00
10e72298-be0e-46a0-8fa9-247a8643eba9,sha_cloud_profiler_v2,grid_search_full,european,jax,reverse,100000,7.137110000005009,0.2656587960250179,14011273.470624639,0.0007137110000005009,,full,full_grid_only,dominated or outside 1.5x margin (score=3.62 vs best=0.14),,,,,,,,1.9936061452515068,e2-standard-4,europe-west2,europe-west2-b,e2,4,10.444163637298749,0.2578125,93d038d,2026-06-09T19:48:28.777263+00:00
557cf528-2631-40f3-a8cc-3f951117835a,sha_cloud_profiler_v3,grid_search_full,european,jax,reverse,100000,5.679555199998276,0.24020720635696652,17607012.60549952,0.0005679555199998276,,full,full_grid_only,dominated or outside 1.5x margin (score=3.05 vs best=0.04),,,,,,,,2.134559488251961,e2-standard-4,europe-west2,europe-west2-b,e2,4,10.444163637298749,0.0,13789b8,2026-06-09T20:44:00.871560+00:00
d6711a08-2a0c-45ce-81ee-074ed64f66a3,sha_cloud_profiler_v3,sha_probe,european,rust,none,1000,0.06747966666390919,0.010771813796926072,14819278.894494597,6.747966666390919e-08,,sha_round_0,,,,0,0,,,,,1.0,e2-standard-4,europe-west2,europe-west2-b,e2,4,10.095087990512797,0.0,13789b8,2026-06-09T20:43:41.733837+00:00
457ff6fe-57bd-40e1-99dc-1aaa12c1bb5e,sha_cloud_profiler_v3,sha_probe,european,rust,none,1000,0.06747966666390919,0.010771813796926072,14819278.894494597,6.747966666390919e-08,,sha_round_0,,,,0,1,,,,,1.0,e2-standard-4,europe-west2,europe-west2-b,e2,4,10.095087990512797,0.0,13789b8,2026-06-09T20:43:49.807422+00:00
7ddc2618-3ff0-453e-a286-a708cc132b55,sha_cloud_profiler_v3,profiler_selected,european,rust,none,10000,0.22393819999706466,0.029882528756798372,44655177.18786289,2.2393819999706465e-06,,full,selected_old,diversity guard,,,,,,,,1.0,e2-standard-4,europe-west2,europe-west2-b,e2,4,10.713215326084171,0.0,13789b8,2026-06-09T20:44:00.920374+00:00
eade1d1a-4ff9-4749-b3e7-253e9e50dc6d,sha_cloud_profiler_v3,profiler_selected,european,rust,none,50000,0.424813200004337,0.03119000010245065,117698790.9026592,2.124066000021685e-05,,full,selected_old,diversity guard,,,,,,,,1.0,e2-standard-4,europe-west2,europe-west2-b,e2,4,10.589243384761742,0.0,13789b8,2026-06-09T20:44:00.931532+00:00
91e284e0-c55d-45b3-b50b-7052fd941320,sha_cloud_profiler_v3,profiler_selected,european,rust,none,100000,0.6922854000094958,0.03408237585564111,144449095.70334482,6.922854000094958e-05,,full,selected_old,diversity guard,,,,,,,,1.0,e2-standard-4,europe-west2,europe-west2-b,e2,4,10.483411867121832,0.0,13789b8,2026-06-09T20:44:00.943528+00:00
8af22d19-b4cc-4a03-aa05-078386039515,sha_cloud_profiler_v3,sha_probe,european_local_vol,cpp,none,1000,8.215797666660288,0.024825069726213515,121716.7267955004,8.215797666660288e-06,,sha_round_0,,,,0,0,,,,,1.0,e2-standard-4,europe-west2,europe-west2-b,e2,4,10.799289953487206,0.0,13789b8,2026-06-09T20:43:43.469566+00:00
cf70c360-8018-426a-8f0f-42da1469b5dd,sha_cloud_profiler_v3,sha_probe,european_local_vol,cpp,none,1000,8.215797666660288,0.024825069726213515,121716.7267955004,8.215797666660288e-06,,sha_round_0,,,,0,1,,,,,1.0,e2-standard-4,europe-west2,europe-west2-b,e2,4,10.799289953487206,0.0,13789b8,2026-06-09T20:43:49.830615+00:00
9e6154d4-e0f8-4757-b49d-d07218b5a5e0,sha_cloud_profiler_v3,profiler_selected,european_local_vol,cpp,none,10000,81.50373180001225,0.07358159481413024,122693.76848335302,0.0008150373180001224,,full,selected_both,within 1.5x safety margin; diversity guard,,,,,,,,1.0,e2-standard-4,europe-west2,europe-west2-b,e2,4,10.299848161476232,0.0,13789b8,2026-06-09T20:46:18.438458+00:00
aa5e0236-ffef-431f-9bf3-bf356086041c,sha_cloud_profiler_v3,profiler_selected,european_local_vol,cpp,none,50000,407.85780559999694,0.7470121748280348,122591.74475389854,0.02039289027999985,,full,selected_both,within 1.5x safety margin; diversity guard,,,,,,,,1.0,e2-standard-4,europe-west2,europe-west2-b,e2,4,10.453598428849661,0.0,13789b8,2026-06-09T20:46:21.300156+00:00
8d8f275f-6035-4e32-8184-46e07feda014,sha_cloud_profiler_v3,profiler_selected,european_local_vol,cpp,none,100000,813.5903861999964,0.7544041986250299,122911.97351417333,0.08135903861999963,,full,selected_both,within 1.5x safety margin; diversity guard,,,,,,,,1.0,e2-standard-4,europe-west2,europe-west2-b,e2,4,10.481566278295533,0.0,13789b8,2026-06-09T20:46:27.005780+00:00
24a8e59b-9c2e-40a7-af69-a63ec5df5543,sha_cloud_profiler_v2,sha_probe,european_local_vol,cpu,none,1000,20.547342999994573,0.5980911594815292,48668.09299870373,2.0547342999994572e-05,,sha_round_0,,,,0,0,,,,,1.0,e2-standard-4,europe-west2,europe-west2-b,e2,4,10.617705144273907,0.0,c692c00,2026-06-09T19:13:11.167087+00:00
5ca89ce8-ca8d-41d6-bd42-175237506acf,sha_cloud_profiler_v2,sha_probe,european_local_vol,cpu,none,1000,20.547342999994573,0.5980911594815292,48668.09299870373,2.0547342999994572e-05,,sha_round_0,,,,0,1,,,,,1.0,e2-standard-4,europe-west2,europe-west2-b,e2,4,10.617705144273907,0.0,c692c00,2026-06-09T19:13:19.766965+00:00
8be8f8c3-f08b-4d51-9be3-0421e8865d29,sha_cloud_profiler_v2,sha_probe,european_local_vol,cpu,none,1000,20.56814600000223,0.41940773547275495,48618.86919705313,2.0568146000002232e-05,,sha_round_0,,,,0,0,,,,,1.0,e2-standard-4,europe-west2,europe-west2-b,e2,4,10.617705144273907,0.0,93d038d,2026-06-09T19:48:07.516292+00:00
979fb908-c94e-4732-b0be-e9355b3f52ea,sha_cloud_profiler_v2,sha_probe,european_local_vol,cpu,none,1000,20.56814600000223,0.41940773547275495,48618.86919705313,2.0568146000002232e-05,,sha_round_0,,,,0,1,,,,,1.0,e2-standard-4,europe-west2,europe-west2-b,e2,4,10.617705144273907,0.0,93d038d,2026-06-09T19:48:16.284877+00:00
14fc9181-030a-438d-88b4-d2e9a383d951,sha_cloud_profiler_v3,sha_probe,european_local_vol,cpu,none,1000,20.33555400001319,0.07254771282856583,49174.9573185639,2.0335554000013186e-05,,sha_round_0,,,,0,0,,,,,1.0,e2-standard-4,europe-west2,europe-west2-b,e2,4,10.617705144273907,0.0,13789b8,2026-06-09T20:43:41.823061+00:00
acea912a-1d2a-4392-a534-d83991afae8e,sha_cloud_profiler_v3,sha_probe,european_local_vol,cpu,none,1000,20.33555400001319,0.07254771282856583,49174.9573185639,2.0335554000013186e-05,,sha_round_0,,,,0,1,,,,,1.0,e2-standard-4,europe-west2,europe-west2-b,e2,4,10.617705144273907,0.0,13789b8,2026-06-09T20:43:49.812744+00:00
716bf310-1116-4905-a590-a689ce8ff105,sha_cloud_profiler_v2,profiler_selected,european_local_vol,cpu,none,10000,149.60393679999697,0.43008025506142633,66843.16077436408,0.0014960393679999697,,full,selected_old,diversity guard,,,,,,,,1.0,e2-standard-4,europe-west2,europe-west2-b,e2,4,10.602178772105725,0.0,c692c00,2026-06-09T19:13:31.020268+00:00
3a1bf060-a5b5-4e53-928e-5c93d737bf2e,sha_cloud_profiler_v2,profiler_selected,european_local_vol,cpu,none,10000,151.77604360000316,1.100630868878935,65886.55075470549,0.0015177604360000316,,full,selected_old,diversity guard,,,,,,,,1.0,e2-standard-4,europe-west2,europe-west2-b,e2,4,10.602178772105725,0.0,93d038d,2026-06-09T19:48:29.859827+00:00
0ff51c37-4453-4161-b589-cba4dbcf981c,sha_cloud_profiler_v3,profiler_selected,european_local_vol,cpu,none,10000,146.84535099999607,0.6846613719129979,68098.85319420339,0.0014684535099999607,,full,selected_old,diversity guard,,,,,,,,1.0,e2-standard-4,europe-west2,europe-west2-b,e2,4,10.602178772105725,0.0,13789b8,2026-06-09T20:44:01.990703+00:00
9333e654-3446-4e0a-b00b-13e88590f1e8,sha_cloud_profiler_v2,profiler_selected,european_local_vol,cpu,none,50000,926.6867396000009,18.250658613006383,53955.66577501931,0.04633433698000005,,full,selected_old,diversity guard,,,,,,,,1.0,e2-standard-4,europe-west2,europe-west2-b,e2,4,10.497984162229226,0.0,c692c00,2026-06-09T19:13:37.539782+00:00
c939b0e1-a6ea-4b0e-accf-0e7f9e6518dc,sha_cloud_profiler_v2,profiler_selected,european_local_vol,cpu,none,50000,970.4661018000024,22.717522558856015,51521.63471476328,0.04852330509000012,,full,selected_old,diversity guard,,,,,,,,1.0,e2-standard-4,europe-west2,europe-west2-b,e2,4,10.497984162229226,0.0,93d038d,2026-06-09T19:48:36.722546+00:00
78e4e8b9-22ee-4564-9d58-688f1101be83,sha_cloud_profiler_v3,profiler_selected,european_local_vol,cpu,none,50000,892.6201830000082,1.678565361046942,56014.866067620096,0.04463100915000041,,full,selected_old,diversity guard,,,,,,,,1.0,e2-standard-4,europe-west2,europe-west2-b,e2,4,10.497984162229226,0.0,13789b8,2026-06-09T20:44:08.259035+00:00
5f261838-cfdb-4afd-89e4-dc6d3a6abb1d,sha_cloud_profiler_v2,profiler_selected,european_local_vol,cpu,none,100000,1815.8479861999979,16.036909863895684,55070.68915458542,0.1815847986199998,,full,selected_old,diversity guard,,,,,,,,1.0,e2-standard-4,europe-west2,europe-west2-b,e2,4,10.493294790051618,0.0,c692c00,2026-06-09T19:13:50.276998+00:00
f3d4e504-8b6b-4337-9d60-df320394d6b7,sha_cloud_profiler_v2,profiler_selected,european_local_vol,cpu,none,100000,1877.700476800004,44.962322449005896,53256.630242977306,0.18777004768000038,,full,selected_old,diversity guard,,,,,,,,1.0,e2-standard-4,europe-west2,europe-west2-b,e2,4,10.493294790051618,0.0,93d038d,2026-06-09T19:48:49.890722+00:00
ccdbd94f-c7b6-492b-b94a-2d9a4d9506ab,sha_cloud_profiler_v3,profiler_selected,european_local_vol,cpu,none,100000,1735.7398942000032,6.888047614295126,57612.31872019032,0.17357398942000032,,full,selected_old,diversity guard,,,,,,,,1.0,e2-standard-4,europe-west2,europe-west2-b,e2,4,10.493294790051618,0.0,13789b8,2026-06-09T20:44:20.419894+00:00
5ee1fd2c-2cc4-4dc1-8b27-b237b92ae663,sha_cloud_profiler_v2,sha_probe,european_local_vol,jax,forward,1000,70.08594800000385,1.4968037695974903,14268.19538775369,7.008594800000386e-05,,sha_round_0,,,,0,0,,,,,4.476137880681402,e2-standard-4,europe-west2,europe-west2-b,e2,4,10.338233718138095,4.89453125,c692c00,2026-06-09T19:13:11.900858+00:00
a4be7485-ca66-4679-858f-2a3c9167fd22,sha_cloud_profiler_v2,sha_probe,european_local_vol,jax,forward,1000,70.08594800000385,1.4968037695974903,14268.19538775369,7.008594800000386e-05,,sha_round_0,,,,0,1,,,,,4.476137880681402,e2-standard-4,europe-west2,europe-west2-b,e2,4,10.338233718138095,4.89453125,c692c00,2026-06-09T19:13:19.775105+00:00
3a8fb31e-c4bf-4f17-8826-f91a14ee8e88,sha_cloud_profiler_v2,sha_probe,european_local_vol,jax,forward,1000,70.59921533333124,0.2357923880632339,14164.463376519721,7.059921533333125e-05,,sha_round_0,,,,0,0,,,,,4.533200691862302,e2-standard-4,europe-west2,europe-west2-b,e2,4,10.338233718138095,0.0,93d038d,2026-06-09T19:48:08.251170+00:00
fe173295-0f5a-41b8-a291-91c42f5da2b4,sha_cloud_profiler_v2,sha_probe,european_local_vol,jax,forward,1000,70.59921533333124,0.2357923880632339,14164.463376519721,7.059921533333125e-05,,sha_round_0,,,,0,1,,,,,4.533200691862302,e2-standard-4,europe-west2,europe-west2-b,e2,4,10.338233718138095,0.0,93d038d,2026-06-09T19:48:16.293259+00:00
c50e34a3-fafd-4354-b866-e61408f90bac,sha_cloud_profiler_v3,sha_probe,european_local_vol,jax,forward,1000,68.87178233333202,1.5057192441625105,14519.734586802291,6.887178233333203e-05,,sha_round_0,,,,0,0,,,,,4.501107917918046,e2-standard-4,europe-west2,europe-west2-b,e2,4,10.338233718138095,4.83203125,13789b8,2026-06-09T20:43:42.508089+00:00
8ec49137-1624-415d-9452-809c1031552e,sha_cloud_profiler_v3,sha_probe,european_local_vol,jax,forward,1000,68.87178233333202,1.5057192441625105,14519.734586802291,6.887178233333203e-05,,sha_round_0,,,,0,1,,,,,4.501107917918046,e2-standard-4,europe-west2,europe-west2-b,e2,4,10.338233718138095,4.83203125,13789b8,2026-06-09T20:43:49.818417+00:00
b6f86a04-46dd-4c90-8f50-52a2b0a96687,sha_cloud_profiler_v2,grid_search_full,european_local_vol,jax,forward,10000,704.2400982000004,20.895255142330967,14199.7026661212,0.007042400982000004,,full,full_grid_only,dominated or outside 1.5x margin (score=62.11 vs best=6.62),,,,,,,,4.950680721527398,e2-standard-4,europe-west2,europe-west2-b,e2,4,10.72713156721504,0.00390625,c692c00,2026-06-09T19:14:10.121761+00:00
848cb349-ecd9-4952-9ade-9645d483c535,sha_cloud_profiler_v2,grid_search_full,european_local_vol,jax,forward,10000,690.6052094000074,12.627516993684736,14480.052950495296,0.006906052094000074,,full,full_grid_only,dominated or outside 1.5x margin (score=61.66 vs best=6.66),,,,,,,,4.815056540336766,e2-standard-4,europe-west2,europe-west2-b,e2,4,10.72713156721504,0.0,93d038d,2026-06-09T19:49:09.584698+00:00
1bf2cd71-6bbc-493a-bf0a-df4a3200400b,sha_cloud_profiler_v3,grid_search_full,european_local_vol,jax,forward,10000,667.4451516000033,10.567992124829486,14982.50451895252,0.006674451516000033,,full,full_grid_only,dominated or outside 1.5x margin (score=61.99 vs best=6.44),,,,,,,,4.885677204094855,e2-standard-4,europe-west2,europe-west2-b,e2,4,10.72713156721504,0.0,13789b8,2026-06-09T20:44:38.687223+00:00
3734679b-3440-44a4-a970-a0b6813b9726,sha_cloud_profiler_v2,grid_search_full,european_local_vol,jax,forward,50000,2757.8697042000044,33.59115743946769,18129.935552739924,0.13789348521000022,,full,full_grid_only,dominated or outside 1.5x margin (score=62.11 vs best=6.62),,,,,,,,5.15181921426782,e2-standard-4,europe-west2,europe-west2-b,e2,4,10.398122891668713,0.265625,c692c00,2026-06-09T19:14:33.386189+00:00
a3d9c6a6-933a-4eba-8782-4914d07185ae,sha_cloud_profiler_v2,grid_search_full,european_local_vol,jax,forward,50000,2782.3566409999953,31.112837581473407,17970.37779528857,0.13911783204999978,,full,full_grid_only,dominated or outside 1.5x margin (score=61.66 vs best=6.66),,,,,,,,5.357681288048196,e2-standard-4,europe-west2,europe-west2-b,e2,4,10.398122891668713,0.19921875,93d038d,2026-06-09T19:49:32.970518+00:00
aef93420-77be-4902-9a0f-d3c49a742119,sha_cloud_profiler_v3,grid_search_full,european_local_vol,jax,forward,50000,2658.1508788000065,13.873249538997358,18810.068457277324,0.13290754394000032,,full,full_grid_only,dominated or outside 1.5x margin (score=61.99 vs best=6.44),,,,,,,,5.502620578427335,e2-standard-4,europe-west2,europe-west2-b,e2,4,10.398122891668713,0.34765625,13789b8,2026-06-09T20:45:01.008197+00:00
3b351ec2-6585-4f6c-b3dc-5303278fdfac,sha_cloud_profiler_v2,grid_search_full,european_local_vol,jax,forward,100000,5189.079902999987,226.47005345883744,19271.23919255638,0.5189079902999987,,full,full_grid_only,dominated or outside 1.5x margin (score=62.11 vs best=6.62),,,,,,,,5.020615591855076,e2-standard-4,europe-west2,europe-west2-b,e2,4,10.490112213077344,0.0546875,c692c00,2026-06-09T19:15:17.028416+00:00
e7ccf94e-7c4d-434a-8b9e-79232488106f,sha_cloud_profiler_v2,grid_search_full,european_local_vol,jax,forward,100000,5192.899832200003,221.05408672560148,19257.063149942252,0.5192899832200003,,full,full_grid_only,dominated or outside 1.5x margin (score=61.66 vs best=6.66),,,,,,,,4.924774220902363,e2-standard-4,europe-west2,europe-west2-b,e2,4,10.490112213077344,0.125,93d038d,2026-06-09T19:50:17.824071+00:00
ea9ef6b0-96b8-46bc-8caa-2aaf49d5cd24,sha_cloud_profiler_v3,grid_search_full,european_local_vol,jax,forward,100000,4225.315940799999,35.363683247050865,23666.869271097992,0.4225315940799999,,full,full_grid_only,dominated or outside 1.5x margin (score=61.99 vs best=6.44),,,,,,,,4.3706528021331446,e2-standard-4,europe-west2,europe-west2-b,e2,4,10.490112213077344,0.00390625,13789b8,2026-06-09T20:45:37.702915+00:00
96de5157-6581-49c4-9e07-512a2c6147ac,sha_cloud_profiler_v2,sha_probe,european_local_vol,jax,none,1000,15.946201000000809,0.14764898342546537,62710.86135186364,1.594620100000081e-05,,sha_round_0,,,,0,0,,,,,1.0,e2-standard-4,europe-west2,europe-west2-b,e2,4,10.338233718138095,0.0,c692c00,2026-06-09T19:13:11.243900+00:00
a7de32b9-f48b-47bb-bf53-f5f4a12c034a,sha_cloud_profiler_v2,sha_probe,european_local_vol,jax,none,1000,15.638611333334513,0.18974855236670038,63944.29650338889,1.5638611333334512e-05,,sha_round_0,,,,0,0,,,,,1.0,e2-standard-4,europe-west2,europe-west2-b,e2,4,10.338233718138095,0.0,93d038d,2026-06-09T19:48:07.590491+00:00
39889b80-e63a-43a7-82f2-47524df0ad1e,sha_cloud_profiler_v3,sha_probe,european_local_vol,jax,none,1000,15.465179666657983,0.7719812834400376,64661.389104708636,1.5465179666657984e-05,,sha_round_0,,,,0,0,,,,,1.0,e2-standard-4,europe-west2,europe-west2-b,e2,4,10.338233718138095,3.09375,13789b8,2026-06-09T20:43:41.893188+00:00
1866c6bd-0fd7-4574-ae8b-75f9b9e6700a,sha_cloud_profiler_v2,sha_probe,european_local_vol,jax,none,5000,71.69582739999782,1.6360853434265077,69739.06545641109,0.0003584791369999891,,sha_round_1,,,,1,0,,,,,1.0,e2-standard-4,europe-west2,europe-west2-b,e2,4,10.858841281852154,0.0,c692c00,2026-06-09T19:13:20.829287+00:00
d67a9dd0-5ea6-45b2-99e8-fc02e93ad4a6,sha_cloud_profiler_v2,sha_probe,european_local_vol,jax,none,5000,71.6630414000008,0.46166150284793234,69770.97123315708,0.00035831520700000394,,sha_round_1,,,,1,0,,,,,1.0,e2-standard-4,europe-west2,europe-west2-b,e2,4,10.858841281852154,0.0,93d038d,2026-06-09T19:48:17.740215+00:00
20ec5931-b850-4dce-bcd1-fa3404817f47,sha_cloud_profiler_v3,sha_probe,european_local_vol,jax,none,5000,67.06587040000613,0.16787356904018502,74553.5690535009,0.0003353293520000307,,sha_round_1,,,,1,0,,,,,1.0,e2-standard-4,europe-west2,europe-west2-b,e2,4,10.858841281852154,0.0,13789b8,2026-06-09T20:43:51.140104+00:00
c7c758a0-a7da-4481-8a7b-3ff0be45dcc8,sha_cloud_profiler_v2,profiler_selected,european_local_vol,jax,none,10000,141.198534199998,1.6378942241631125,70822.26495238037,0.00141198534199998,,full,selected_both,top-3 probe Pareto; diversity guard; fastest probe runtime,,,,,,,,1.0,e2-standard-4,europe-west2,europe-west2-b,e2,4,10.72713156721504,0.0,c692c00,2026-06-09T19:13:51.739776+00:00
09cdebdc-cbba-4b71-af31-8d075cfe48c7,sha_cloud_profiler_v2,profiler_selected,european_local_vol,jax,none,10000,147.19900759999973,2.039224931053796,67935.24061775005,0.0014719900759999974,,full,selected_both,top-3 probe Pareto; diversity guard; fastest probe runtime,,,,,,,,1.0,e2-standard-4,europe-west2,europe-west2-b,e2,4,10.72713156721504,23.83984375,93d038d,2026-06-09T19:48:51.425260+00:00
597da217-ec8d-46a9-92e8-f5e4535b7b09,sha_cloud_profiler_v3,profiler_selected,european_local_vol,jax,none,10000,137.96244819999401,1.43168610958378,72483.49192458324,0.0013796244819999403,,full,selected_both,within 1.5x safety margin; diversity guard,,,,,,,,1.0,e2-standard-4,europe-west2,europe-west2-b,e2,4,10.72713156721504,0.01953125,13789b8,2026-06-09T20:44:21.814649+00:00
568dcbe3-3f66-4622-8d1a-154579907879,sha_cloud_profiler_v2,sha_probe,european_local_vol,jax,none,25000,275.6466224285735,14.31431563600571,90695.83287376606,0.006891165560714337,,sha_round_2,,,,2,0,,,,,1.0,e2-standard-4,europe-west2,europe-west2-b,e2,4,10.548734688295786,0.08984375,c692c00,2026-06-09T19:13:24.166272+00:00
2f7793b1-6207-4acf-a23e-52a2a421a066,sha_cloud_profiler_v2,sha_probe,european_local_vol,jax,none,25000,269.87676685714183,4.7398750962294365,92634.87291306423,0.0067469191714285455,,sha_round_2,,,,2,0,,,,,1.0,e2-standard-4,europe-west2,europe-west2-b,e2,4,10.548734688295786,0.26171875,93d038d,2026-06-09T19:48:22.707642+00:00
2a13add9-b4df-42b5-946a-2b6fff89d553,sha_cloud_profiler_v3,sha_probe,european_local_vol,jax,none,25000,242.96567299999847,1.5443022225845178,102895.19375850332,0.006074141824999962,,sha_round_2,,,,2,0,,,,,1.0,e2-standard-4,europe-west2,europe-west2-b,e2,4,10.548734688295786,0.5546875,13789b8,2026-06-09T20:43:55.587926+00:00
918d5df6-41c8-4d15-bf32-2ec7bd5a0423,sha_cloud_profiler_v2,profiler_selected,european_local_vol,jax,none,50000,513.313384599985,10.769900310656372,97406.38272848468,0.02566566922999925,,full,selected_both,top-3 probe Pareto; diversity guard; fastest probe runtime,,,,,,,,1.0,e2-standard-4,europe-west2,europe-west2-b,e2,4,10.398122891668713,0.1484375,c692c00,2026-06-09T19:13:55.827440+00:00
e1bd0473-198c-402b-8581-8e1ba9d9cb32,sha_cloud_profiler_v2,profiler_selected,european_local_vol,jax,none,50000,520.4722449999963,2.1720354717505774,96066.60197605801,0.026023612249999814,,full,selected_both,top-3 probe Pareto; diversity guard; fastest probe runtime,,,,,,,,1.0,e2-standard-4,europe-west2,europe-west2-b,e2,4,10.398122891668713,0.1171875,93d038d,2026-06-09T19:48:55.544446+00:00
f7c070b2-da65-4663-9f75-55b278cc6ceb,sha_cloud_profiler_v3,profiler_selected,european_local_vol,jax,none,50000,483.3384775999946,5.791650621808754,103447.17484168398,0.024166923879999726,,full,selected_both,within 1.5x safety margin; diversity guard,,,,,,,,1.0,e2-standard-4,europe-west2,europe-west2-b,e2,4,10.398122891668713,0.06640625,13789b8,2026-06-09T20:44:25.602241+00:00
25e94029-deea-4188-96d2-3b99172dc71b,sha_cloud_profiler_v2,profiler_selected,european_local_vol,jax,none,100000,1079.5051062000027,73.34744242666767,92635.04121070154,0.10795051062000027,,full,selected_both,top-3 probe Pareto; diversity guard; fastest probe runtime,,,,0.013937406599999253,2.0087944000015554,1395.749454399927,29.295308228151423,1.0,e2-standard-4,europe-west2,europe-west2-b,e2,4,10.490112213077344,0.10546875,c692c00,2026-06-09T19:14:03.782413+00:00
8b51215e-19e6-4ea5-b231-179563afcced,sha_cloud_profiler_v2,profiler_selected,european_local_vol,jax,none,100000,1050.0758539999936,33.936929027271596,95231.21555369144,0.10500758539999935,,full,selected_both,top-3 probe Pareto; diversity guard; fastest probe runtime,,,,0.010373072542319419,11.871056926191732,1049.1783111581337,0.08547409584182637,1.0,e2-standard-4,europe-west2,europe-west2-b,e2,4,10.490112213077344,0.09375,93d038d,2026-06-09T19:49:03.339669+00:00
f042893a-00ff-4d12-ac78-44892863f722,sha_cloud_profiler_v3,profiler_selected,european_local_vol,jax,none,100000,966.8408193999994,6.332572328065163,103429.64218459233,0.09668408193999994,,full,selected_both,within 1.5x safety margin; diversity guard,,,,0.00925847848279578,12.827963366664495,938.6758116462424,2.9130966740973534,1.0,e2-standard-4,europe-west2,europe-west2-b,e2,4,10.490112213077344,0.03515625,13789b8,2026-06-09T20:44:32.777790+00:00
a4b01dfc-1fee-4f7a-98fb-1f89ffd854b7,sha_cloud_profiler_v2,sha_probe,european_local_vol,jax,reverse,1000,42.68208866667086,0.9354044021127584,23429.03150334509,4.268208866667086e-05,,sha_round_0,,,,0,0,,,,,2.637304235208139,e2-standard-4,europe-west2,europe-west2-b,e2,4,10.338233718138095,0.4765625,c692c00,2026-06-09T19:13:12.850748+00:00
e3fec757-4502-4a0e-b79f-b1f237adcd73,sha_cloud_profiler_v2,sha_probe,european_local_vol,jax,reverse,1000,42.68208866667086,0.9354044021127584,23429.03150334509,4.268208866667086e-05,,sha_round_0,,,,0,1,,,,,2.637304235208139,e2-standard-4,europe-west2,europe-west2-b,e2,4,10.338233718138095,0.4765625,c692c00,2026-06-09T19:13:19.782083+00:00
766640fe-0a6a-4622-9022-5d3549360f2e,sha_cloud_profiler_v2,sha_probe,european_local_vol,jax,reverse,1000,40.861664000000054,0.5456102317149244,24472.816378696636,4.086166400000006e-05,,sha_round_0,,,,0,0,,,,,2.6219015211279393,e2-standard-4,europe-west2,europe-west2-b,e2,4,10.338233718138095,0.0,93d038d,2026-06-09T19:48:09.183964+00:00
ba69455d-5b2a-4031-bddd-40b70b9e9de6,sha_cloud_profiler_v2,sha_probe,european_local_vol,jax,reverse,1000,40.861664000000054,0.5456102317149244,24472.816378696636,4.086166400000006e-05,,sha_round_0,,,,0,1,,,,,2.6219015211279393,e2-standard-4,europe-west2,europe-west2-b,e2,4,10.338233718138095,0.0,93d038d,2026-06-09T19:48:16.301510+00:00
fae352af-2e90-460d-aceb-f71c89d80cc1,sha_cloud_profiler_v3,sha_probe,european_local_vol,jax,reverse,1000,38.17729733334355,0.3490712663258591,26193.57759321043,3.817729733334355e-05,,sha_round_0,,,,0,0,,,,,2.5399890755460026,e2-standard-4,europe-west2,europe-west2-b,e2,4,10.338233718138095,0.0,13789b8,2026-06-09T20:43:43.418089+00:00
4ec560ed-4ef6-4a65-b335-25b022c6bb8d,sha_cloud_profiler_v3,sha_probe,european_local_vol,jax,reverse,1000,38.17729733334355,0.3490712663258591,26193.57759321043,3.817729733334355e-05,,sha_round_0,,,,0,1,,,,,2.5399890755460026,e2-standard-4,europe-west2,europe-west2-b,e2,4,10.338233718138095,0.0,13789b8,2026-06-09T20:43:49.823963+00:00
07aa27e4-001c-4336-b693-dda2835ff0dd,sha_cloud_profiler_v2,grid_search_full,european_local_vol,jax,reverse,10000,320.0406897999983,7.6888570763322335,31246.02689192196,0.003200406897999983,,full,full_grid_only,dominated or outside 1.5x margin (score=34.14 vs best=6.62),,,,,,,,2.173032205096306,e2-standard-4,europe-west2,europe-west2-b,e2,4,10.72713156721504,131.453125,c692c00,2026-06-09T19:15:20.916474+00:00
65539e37-1d9a-43d6-848b-8803840994bb,sha_cloud_profiler_v2,grid_search_full,european_local_vol,jax,reverse,10000,318.0809332000024,13.51439368318493,31438.539554686908,0.0031808093320000235,,full,full_grid_only,dominated or outside 1.5x margin (score=32.24 vs best=6.66),,,,,,,,2.1827971524391363,e2-standard-4,europe-west2,europe-west2-b,e2,4,10.72713156721504,206.8984375,93d038d,2026-06-09T19:50:21.743978+00:00
93f6567b-00d2-4cd5-a997-89dc41d62015,sha_cloud_profiler_v3,grid_search_full,european_local_vol,jax,reverse,10000,312.194283000008,2.476867112727072,32031.33607670754,0.0031219428300000803,,full,full_grid_only,dominated or outside 1.5x margin (score=30.14 vs best=6.44),,,,,,,,2.239537490167568,e2-standard-4,europe-west2,europe-west2-b,e2,4,10.72713156721504,38.09765625,13789b8,2026-06-09T20:45:41.401645+00:00
ee1c47ec-ec65-4064-bb95-782d03206bdb,sha_cloud_profiler_v2,grid_search_full,european_local_vol,jax,reverse,50000,1356.8884759999946,63.57532997063901,36849.012195457835,0.06784442379999973,,full,full_grid_only,dominated or outside 1.5x margin (score=34.14 vs best=6.62),,,,,,,,2.5991608524224743,e2-standard-4,europe-west2,europe-west2-b,e2,4,10.398122891668713,2.05078125,c692c00,2026-06-09T19:15:34.863003+00:00
71820f38-a7aa-4f79-aa42-ccf64a0c2498,sha_cloud_profiler_v2,grid_search_full,european_local_vol,jax,reverse,50000,1447.0608108000022,47.6223853236816,34552.79807650771,0.07235304054000011,,full,full_grid_only,dominated or outside 1.5x margin (score=32.24 vs best=6.66),,,,,,,,2.698561556760979,e2-standard-4,europe-west2,europe-west2-b,e2,4,10.398122891668713,96.1875,93d038d,2026-06-09T19:50:36.378815+00:00
11265f16-4ec1-4930-a68f-60c024ed4576,sha_cloud_profiler_v3,grid_search_full,european_local_vol,jax,reverse,50000,1198.3989342000086,6.753998151209802,41722.33350105365,0.059919946710000435,,full,full_grid_only,dominated or outside 1.5x margin (score=30.14 vs best=6.44),,,,,,,,2.4684773884189073,e2-standard-4,europe-west2,europe-west2-b,e2,4,10.398122891668713,96.265625,13789b8,2026-06-09T20:45:53.856188+00:00
44c0f302-2cbd-4c37-be98-728c863ce91f,sha_cloud_profiler_v2,grid_search_full,european_local_vol,jax,reverse,100000,2551.121820399976,35.87843867750427,39198.441720953,0.2551121820399976,,full,full_grid_only,dominated or outside 1.5x margin (score=34.14 vs best=6.62),,,,,,,,2.455646171522115,e2-standard-4,europe-west2,europe-west2-b,e2,4,10.490112213077344,4.64453125,c692c00,2026-06-09T19:16:01.052008+00:00
8e396992-a592-423e-982d-c779795b1750,sha_cloud_profiler_v2,grid_search_full,european_local_vol,jax,reverse,100000,2771.921531599992,94.45456850544613,36076.057298158295,0.2771921531599992,,full,full_grid_only,dominated or outside 1.5x margin (score=32.24 vs best=6.66),,,,,,,,2.6097193872910998,e2-standard-4,europe-west2,europe-west2-b,e2,4,10.490112213077344,190.89453125,93d038d,2026-06-09T19:51:04.273346+00:00
eb19fb3a-281e-4ab7-9ed6-1399cc5047f2,sha_cloud_profiler_v3,grid_search_full,european_local_vol,jax,reverse,100000,2364.3716032000043,9.198552514071132,42294.53604698064,0.23643716032000045,,full,full_grid_only,dominated or outside 1.5x margin (score=30.14 vs best=6.44),,,,,,,,2.4648402831063922,e2-standard-4,europe-west2,europe-west2-b,e2,4,10.490112213077344,2.8671875,13789b8,2026-06-09T20:46:17.848503+00:00
751cd550-19ec-47cb-abbc-88758ccf54a9,sha_cloud_profiler_v3,sha_probe,european_local_vol,rust,none,1000,6.36662933333317,0.07444037058146792,157068.9838600141,6.36662933333317e-06,,sha_round_0,,,,0,0,,,,,1.0,e2-standard-4,europe-west2,europe-west2-b,e2,4,12.128459788930774,0.0,13789b8,2026-06-09T20:43:43.503192+00:00
951c1db8-390f-4159-a4d6-be2d00e6146d,sha_cloud_profiler_v3,sha_probe,european_local_vol,rust,none,1000,6.36662933333317,0.07444037058146792,157068.9838600141,6.36662933333317e-06,,sha_round_0,,,,0,1,,,,,1.0,e2-standard-4,europe-west2,europe-west2-b,e2,4,12.128459788930774,0.0,13789b8,2026-06-09T20:43:49.836074+00:00
b6f43879-efa7-4015-a3d6-7b45b801f580,sha_cloud_profiler_v3,profiler_selected,european_local_vol,rust,none,10000,62.00816840000698,0.12592961520164903,161269.07564002284,0.0006200816840000698,,full,selected_both,top-3 probe Pareto; diversity guard; fastest probe runtime,,,,,,,,1.0,e2-standard-4,europe-west2,europe-west2-b,e2,4,10.426649542984675,0.0,13789b8,2026-06-09T20:46:27.450221+00:00
8c6f224f-0133-40c0-8291-7155279f82f9,sha_cloud_profiler_v3,profiler_selected,european_local_vol,rust,none,50000,309.61956540000983,1.7008486657481519,161488.50262548172,0.015480978270000492,,full,selected_both,top-3 probe Pareto; diversity guard; fastest probe runtime,,,,,,,,1.0,e2-standard-4,europe-west2,europe-west2-b,e2,4,10.563032917088698,0.0,13789b8,2026-06-09T20:46:29.621960+00:00
402d15be-59bc-4259-ae17-1d3955f3aadd,sha_cloud_profiler_v3,profiler_selected,european_local_vol,rust,none,100000,617.4959048000005,1.4506249539079357,161944.393837541,0.06174959048000005,,full,selected_both,top-3 probe Pareto; diversity guard; fastest probe runtime,,,,,,,,1.0,e2-standard-4,europe-west2,europe-west2-b,e2,4,10.624748055328155,0.0,13789b8,2026-06-09T20:46:33.957384+00:00
417775cf-ca6b-4c30-beef-2e006a3e6380,final_cloud_profiler_v1,probe_run,asian,cpu,none,1000,12.878465000009479,0.6457510708520605,77649.00552971677,1.287846500000948e-05,,probe,,,,,,,,,,1.0,e2-standard-8,europe-west2,europe-west2-b,e2,8,5.820446773347019,0.0,f68fe02,2026-06-05T16:34:39.612086+00:00
76ec93d5-e760-431e-948d-72972f292c89,sha_cloud_profiler_v2,sha_probe,asian,cpu,none,1000,8.568199333330048,0.06514484591644404,116710.63675071481,8.568199333330048e-06,,sha_round_0,,,,0,0,,,,,1.0,e2-standard-8,europe-west2,europe-west2-b,e2,8,5.820446773347019,0.0,c692c00,2026-06-09T19:12:53.195337+00:00
1acf04f1-b9a0-4cca-97cf-8a4459a0e17e,sha_cloud_profiler_v2,sha_probe,asian,cpu,none,1000,8.11246033333172,0.057303273026744275,123267.16666845116,8.11246033333172e-06,,sha_round_0,,,,0,0,,,,,1.0,e2-standard-8,europe-west2,europe-west2-b,e2,8,5.820446773347019,0.0,93d038d,2026-06-09T19:47:51.474646+00:00
4fedb76b-be64-4304-8ac8-b3f16a990a96,sha_cloud_profiler_v2,sha_probe,asian,cpu,none,1000,8.11246033333172,0.057303273026744275,123267.16666845116,8.11246033333172e-06,,sha_round_0,,,,0,1,,,,,1.0,e2-standard-8,europe-west2,europe-west2-b,e2,8,5.820446773347019,0.0,93d038d,2026-06-09T19:47:55.999075+00:00
685401c4-2fd0-4c1e-b9de-844429ddca7d,sha_cloud_profiler_v3,sha_probe,asian,cpu,none,1000,8.381994333319653,0.048302663510540085,119303.34956501386,8.381994333319654e-06,,sha_round_0,,,,0,0,,,,,1.0,e2-standard-8,europe-west2,europe-west2-b,e2,8,5.820446773347019,0.0,13789b8,2026-06-09T20:43:18.461471+00:00
e1d89cf3-14cc-430b-9da7-410dbcf6af06,sha_cloud_profiler_v2,sha_probe,asian,cpu,none,5000,32.96549460000051,0.447052473531459,151673.74433993545,0.00016482747300000257,,sha_round_1,,,,1,0,,,,,1.0,e2-standard-8,europe-west2,europe-west2-b,e2,8,5.836762769480839,0.0,c692c00,2026-06-09T19:12:58.732122+00:00
e255473e-a179-4807-ae51-24eac5cb5df3,sha_cloud_profiler_v3,sha_probe,asian,cpu,none,5000,34.510201600011214,0.8553083657090833,144884.69403778782,0.00017255100800005608,,sha_round_1,,,,1,0,,,,,1.0,e2-standard-8,europe-west2,europe-west2-b,e2,8,5.836762769480839,0.0,13789b8,2026-06-09T20:43:24.643544+00:00
ef30ac82-4d22-40c9-b352-1aed541dedd7,sha_cloud_profiler_v3,sha_probe,asian,cpu,none,5000,34.510201600011214,0.8553083657090833,144884.69403778782,0.00017255100800005608,,sha_round_1,,,,1,1,,,,,1.0,e2-standard-8,europe-west2,europe-west2-b,e2,8,5.836762769480839,0.0,13789b8,2026-06-09T20:43:25.526313+00:00
95449d6c-28d2-42e3-a35f-119051244669,final_cloud_profiler_v1,profiler_selected,asian,cpu,none,10000,107.52273580000065,0.5952424343553784,93003.58594484294,0.0010752273580000066,,full,selected,top-3 probe Pareto; diversity guard; fastest probe runtime,,,,,,,,1.0,e2-standard-8,europe-west2,europe-west2-b,e2,8,5.825527917501329,0.0,f68fe02,2026-06-05T16:36:30.728121+00:00
4ebec5b4-21ac-42dc-ae52-0d360e5dc0c3,sha_cloud_profiler_v2,profiler_selected,asian,cpu,none,10000,64.83982939999464,0.4609994023864488,154226.19233481245,0.0006483982939999465,,full,selected_both,top-3 probe Pareto; diversity guard; fastest probe runtime,,,,,,,,1.0,e2-standard-8,europe-west2,europe-west2-b,e2,8,5.825527917501329,0.0,c692c00,2026-06-09T19:14:22.917616+00:00
8199bc22-5e18-4310-a095-86383519b34e,sha_cloud_profiler_v2,profiler_selected,asian,cpu,none,10000,56.982814799999915,0.5126959389598187,175491.50625672523,0.0005698281479999991,,full,selected_old,top-3 probe Pareto; diversity guard; fastest probe runtime,,,,,,,,1.0,e2-standard-8,europe-west2,europe-west2-b,e2,8,5.825527917501329,0.0,93d038d,2026-06-09T19:49:21.341768+00:00
f390ebfc-6d6f-476d-b581-94d71ef02dfe,sha_cloud_profiler_v3,profiler_selected,asian,cpu,none,10000,68.03729300000896,3.099700406691733,146978.2167847078,0.0006803729300000896,,full,selected_old,top-3 probe Pareto; diversity guard; fastest probe runtime,,,,,,,,1.0,e2-standard-8,europe-west2,europe-west2-b,e2,8,5.825527917501329,0.015625,13789b8,2026-06-09T20:45:01.783825+00:00
4fe37b31-2c8a-42dd-adaa-2d71645b5d35,sha_cloud_profiler_v2,sha_probe,asian,cpu,none,25000,166.06800985713986,3.3972668112405615,150540.73341100596,0.004151700246428496,,sha_round_2,,,,2,0,,,,,1.0,e2-standard-8,europe-west2,europe-west2-b,e2,8,5.902834806478576,0.0,c692c00,2026-06-09T19:13:01.803818+00:00
8a50ad74-096b-4f5f-9168-868440af00ba,final_cloud_profiler_v1,profiler_selected,asian,cpu,none,50000,557.6802683999858,1.672093058397114,89657.10790423452,0.02788401341999929,,full,selected,top-3 probe Pareto; diversity guard; fastest probe runtime,,,,,,,,1.0,e2-standard-8,europe-west2,europe-west2-b,e2,8,5.838918415223014,0.0,f68fe02,2026-06-05T16:36:34.644370+00:00
ce433a01-dffe-4b7f-bdbc-fde3915527aa,sha_cloud_profiler_v2,profiler_selected,asian,cpu,none,50000,327.0427418000054,6.00818602612965,152885.2153232504,0.01635213709000027,,full,selected_both,top-3 probe Pareto; diversity guard; fastest probe runtime,,,,,,,,1.0,e2-standard-8,europe-west2,europe-west2-b,e2,8,5.838918415223014,0.0,c692c00,2026-06-09T19:14:25.209915+00:00
d0e82cfa-b21f-4d5e-9c1c-fae7cf0e6ca3,sha_cloud_profiler_v2,profiler_selected,asian,cpu,none,50000,327.30182659999514,1.6899659658349784,152764.19480880693,0.016365091329999755,,full,selected_old,top-3 probe Pareto; diversity guard; fastest probe runtime,,,,,,,,1.0,e2-standard-8,europe-west2,europe-west2-b,e2,8,5.838918415223014,0.0,93d038d,2026-06-09T19:49:23.651698+00:00
2d758a0e-e410-4d10-824e-05bef70c5aa6,sha_cloud_profiler_v3,profiler_selected,asian,cpu,none,50000,335.05504540000857,2.249759115416047,149229.2108011895,0.016752752270000427,,full,selected_old,top-3 probe Pareto; diversity guard; fastest probe runtime,,,,,,,,1.0,e2-standard-8,europe-west2,europe-west2-b,e2,8,5.838918415223014,0.0,13789b8,2026-06-09T20:45:04.161407+00:00
1a742530-8fa8-41c8-801c-5200bcac91b7,final_cloud_profiler_v1,profiler_selected,asian,cpu,none,100000,1110.6746487999999,3.354936291630257,90035.3673400599,0.11106746488,,full,selected,top-3 probe Pareto; diversity guard; fastest probe runtime,,,,,,,,1.0,e2-standard-8,europe-west2,europe-west2-b,e2,8,5.786511890635599,0.0,f68fe02,2026-06-05T16:36:42.444616+00:00
4b1cd32c-72d1-407f-8efa-12230ea98eba,sha_cloud_profiler_v2,profiler_selected,asian,cpu,none,100000,647.5668585999927,4.879322138051767,154424.20913293035,0.06475668585999927,,full,selected_both,top-3 probe Pareto; diversity guard; fastest probe runtime,,,,0.006099323816667616,2.4688755166624325,612.401257183424,5.4304201874374645,1.0,e2-standard-8,europe-west2,europe-west2-b,e2,8,5.786511890635599,0.0,c692c00,2026-06-09T19:14:29.748214+00:00
aa652e3e-746b-49aa-b829-524b67bdaa3a,sha_cloud_profiler_v2,profiler_selected,asian,cpu,none,100000,653.5686308000038,4.397131567392747,153006.11946077418,0.06535686308000038,,full,selected_old,top-3 probe Pareto; diversity guard; fastest probe runtime,,,,,,,,1.0,e2-standard-8,europe-west2,europe-west2-b,e2,8,5.786511890635599,0.0,93d038d,2026-06-09T19:49:28.224652+00:00
38f91fb2-8e53-4174-b565-41ba18466183,sha_cloud_profiler_v3,profiler_selected,asian,cpu,none,100000,663.0192746000034,7.037650160935917,150825.17783563616,0.06630192746000034,,full,selected_old,top-3 probe Pareto; diversity guard; fastest probe runtime,,,,0.0065320518166728896,1.8499425166467625,655.0551241839356,1.2011944028131831,1.0,e2-standard-8,europe-west2,europe-west2-b,e2,8,5.786511890635599,0.0,13789b8,2026-06-09T20:45:08.828428+00:00
53d1e033-d5a7-4cfe-a15c-401d44716868,final_cloud_profiler_v1,probe_run,asian,jax,forward,1000,433.4823733333432,7.74213774605658,2306.898876441767,0.00043348237333334325,,probe,,,,,,,,,,4.588849663087263,e2-standard-8,europe-west2,europe-west2-b,e2,8,5.666454879796595,47.421875,f68fe02,2026-06-05T16:34:43.443756+00:00
a3ddcad3-855b-4f59-af57-8775d445c7d9,sha_cloud_profiler_v2,sha_probe,asian,jax,forward,1000,340.1040296666669,10.63619447167715,2940.276835238005,0.00034010402966666695,,sha_round_0,,,,0,0,,,,,4.464104258013734,e2-standard-8,europe-west2,europe-west2-b,e2,8,5.666454879796595,38.40625,c692c00,2026-06-09T19:12:55.673767+00:00
792b8990-e1fb-4b81-8195-a13415c421e9,sha_cloud_profiler_v2,sha_probe,asian,jax,forward,1000,340.1040296666669,10.63619447167715,2940.276835238005,0.00034010402966666695,,sha_round_0,,,,0,1,,,,,4.464104258013734,e2-standard-8,europe-west2,europe-west2-b,e2,8,5.666454879796595,38.40625,c692c00,2026-06-09T19:12:57.831478+00:00
2ab4788e-7fe1-49ec-b5fc-488b21d592a3,sha_cloud_profiler_v2,sha_probe,asian,jax,forward,1000,334.8435470000008,1.6344355054109643,2986.469379384509,0.0003348435470000008,,sha_round_0,,,,0,0,,,,,4.243831685855139,e2-standard-8,europe-west2,europe-west2-b,e2,8,5.666454879796595,17.87890625,93d038d,2026-06-09T19:47:53.893248+00:00
e6e84cb3-7162-47bf-ad12-c46ee0e64b8d,sha_cloud_profiler_v2,sha_probe,asian,jax,forward,1000,334.8435470000008,1.6344355054109643,2986.469379384509,0.0003348435470000008,,sha_round_0,,,,0,1,,,,,4.243831685855139,e2-standard-8,europe-west2,europe-west2-b,e2,8,5.666454879796595,17.87890625,93d038d,2026-06-09T19:47:56.005942+00:00
2313c264-f08c-410e-ad82-bd57b1016e7d,sha_cloud_profiler_v3,sha_probe,asian,jax,forward,1000,360.4796909999948,12.835113097211785,2774.081383686091,0.0003604796909999948,,sha_round_0,,,,0,0,,,,,4.419138991749674,e2-standard-8,europe-west2,europe-west2-b,e2,8,5.666454879796595,27.87109375,13789b8,2026-06-09T20:43:21.077638+00:00
44727e43-c2ff-4171-9266-24811ad7d75d,sha_cloud_profiler_v3,sha_probe,asian,jax,forward,1000,360.4796909999948,12.835113097211785,2774.081383686091,0.0003604796909999948,,sha_round_0,,,,0,1,,,,,4.419138991749674,e2-standard-8,europe-west2,europe-west2-b,e2,8,5.666454879796595,27.87109375,13789b8,2026-06-09T20:43:23.407834+00:00
3cec2e4c-a761-4496-9748-5000fb057fd6,final_cloud_profiler_v1,grid_search_full,asian,jax,forward,10000,484.9229986000182,9.00024101707171,20621.830741932612,0.004849229986000182,,full,full_grid_only,dominated or outside 1.5x margin (score=395.77 vs best=13.52),,,,,,,,4.453545164056058,e2-standard-8,europe-west2,europe-west2-b,e2,8,5.988885012332589,126.765625,f68fe02,2026-06-05T16:36:53.077072+00:00
af95e0e7-651a-4bb4-96c6-48b56674d5f1,sha_cloud_profiler_v2,grid_search_full,asian,jax,forward,10000,365.44170679999866,7.28385776807258,27364.145399728186,0.0036544170679999864,,full,full_grid_only,dominated or outside 1.5x margin (score=310.64 vs best=8.63),,,,,,,,4.222341303152297,e2-standard-8,europe-west2,europe-west2-b,e2,8,5.988885012332589,123.94140625,c692c00,2026-06-09T19:14:37.322454+00:00
6996f9c2-4781-4973-b864-9728a781c5fb,sha_cloud_profiler_v2,grid_search_full,asian,jax,forward,10000,381.45303179999814,50.50735918886011,26215.547305554406,0.0038145303179999814,,full,full_grid_only,dominated or outside 1.5x margin (score=299.15 vs best=8.17),,,,,,,,4.4246578999320985,e2-standard-8,europe-west2,europe-west2-b,e2,8,5.988885012332589,178.1875,93d038d,2026-06-09T19:49:35.826253+00:00
8875bc65-5078-426d-8362-75e57ec59c85,sha_cloud_profiler_v3,grid_search_full,asian,jax,forward,10000,393.01359700000376,47.244931370084736,25444.412295994694,0.003930135970000037,,full,full_grid_only,dominated or outside 1.5x margin (score=330.11 vs best=8.43),,,,,,,,4.249678942456514,e2-standard-8,europe-west2,europe-west2-b,e2,8,5.988885012332589,98.984375,13789b8,2026-06-09T20:45:16.977915+00:00
6ac9f62e-a788-4837-a30f-76b7f111596b,final_cloud_profiler_v1,grid_search_full,asian,jax,forward,50000,774.7464344000036,18.57121218546426,64537.244419488175,0.03873732172000018,,full,full_grid_only,dominated or outside 1.5x margin (score=395.77 vs best=13.52),,,,,,,,3.053636355094011,e2-standard-8,europe-west2,europe-west2-b,e2,8,5.77789087176735,12.63671875,f68fe02,2026-06-05T16:37:00.574511+00:00
3a2b6baf-7ba1-4d1e-aee5-8dc3b98042f4,sha_cloud_profiler_v2,grid_search_full,asian,jax,forward,50000,564.4162381999934,50.07661063045755,88587.1040129132,0.028220811909999668,,full,full_grid_only,dominated or outside 1.5x margin (score=310.64 vs best=8.63),,,,,,,,3.3325554457120545,e2-standard-8,europe-west2,europe-west2-b,e2,8,5.77789087176735,35.80859375,c692c00,2026-06-09T19:14:42.676955+00:00
c1d73509-ef14-465e-8e83-1bfbee9b84c0,sha_cloud_profiler_v2,grid_search_full,asian,jax,forward,50000,549.1049250000003,13.47503667860613,91057.27835167381,0.027455246250000016,,full,full_grid_only,dominated or outside 1.5x margin (score=299.15 vs best=8.17),,,,,,,,3.228860476371149,e2-standard-8,europe-west2,europe-west2-b,e2,8,5.77789087176735,36.64453125,93d038d,2026-06-09T19:49:41.098442+00:00
4f3f6380-e670-4267-8891-198573c52fa0,sha_cloud_profiler_v3,grid_search_full,asian,jax,forward,50000,573.5526218000018,6.30082665040338,87175.95927481444,0.02867763109000009,,full,full_grid_only,dominated or outside 1.5x margin (score=330.11 vs best=8.43),,,,,,,,3.115785200694224,e2-standard-8,europe-west2,europe-west2-b,e2,8,5.77789087176735,37.66796875,13789b8,2026-06-09T20:45:22.521127+00:00
24ecf013-d759-4052-9d67-4375f67acc7f,final_cloud_profiler_v1,grid_search_full,asian,jax,forward,100000,1236.9576159999838,44.317962465677226,80843.51371987617,0.12369576159999839,,full,full_grid_only,dominated or outside 1.5x margin (score=395.77 vs best=13.52),,,,,,,,2.897550189865569,e2-standard-8,europe-west2,europe-west2-b,e2,8,5.786070148379278,37.2265625,f68fe02,2026-06-05T16:37:12.350554+00:00
4a664093-1bdf-4499-bdba-e9a1a14eddac,sha_cloud_profiler_v2,grid_search_full,asian,jax,forward,100000,798.9198164000015,18.355148777035023,125169.00688558238,0.07989198164000015,,full,full_grid_only,dominated or outside 1.5x margin (score=310.64 vs best=8.63),,,,,,,,2.8659080920110687,e2-standard-8,europe-west2,europe-west2-b,e2,8,5.786070148379278,35.765625,c692c00,2026-06-09T19:14:50.381415+00:00
ea9224e2-b242-4f9f-b1cb-49fd9d1ea924,sha_cloud_profiler_v2,grid_search_full,asian,jax,forward,100000,789.985999999999,8.312496904614951,126584.52175101853,0.07899859999999989,,full,full_grid_only,dominated or outside 1.5x margin (score=299.15 vs best=8.17),,,,,,,,2.8162279821300364,e2-standard-8,europe-west2,europe-west2-b,e2,8,5.786070148379278,37.02734375,93d038d,2026-06-09T19:49:48.828525+00:00
1eecae85-1174-4cb4-ac98-0016402ed60a,sha_cloud_profiler_v3,grid_search_full,asian,jax,forward,100000,832.9029339999806,8.863602568531576,120062.00953063557,0.08329029339999806,,full,full_grid_only,dominated or outside 1.5x margin (score=330.11 vs best=8.43),,,,,,,,2.84962499682962,e2-standard-8,europe-west2,europe-west2-b,e2,8,5.786070148379278,37.58984375,13789b8,2026-06-09T20:45:30.665698+00:00
e2d303f7-65d1-4c5c-895b-a29e70d6c932,final_cloud_profiler_v1,probe_run,asian,jax,none,1000,97.88641833333145,3.6788321464817537,10215.921851330917,9.788641833333144e-05,,probe,,,,,,,,,,1.0,e2-standard-8,europe-west2,europe-west2-b,e2,8,5.666454879796595,8.76953125,f68fe02,2026-06-05T16:34:40.059457+00:00
4b31a1c3-da5a-4fc9-831c-52eb9aab87df,sha_cloud_profiler_v2,sha_probe,asian,jax,none,1000,79.12953500000224,3.20342273584324,12637.506336919227,7.912953500000223e-05,,sha_round_0,,,,0,0,,,,,1.0,e2-standard-8,europe-west2,europe-west2-b,e2,8,5.666454879796595,7.0546875,c692c00,2026-06-09T19:12:53.520122+00:00
6b2b4c7c-2bf5-42af-ad89-f38316ed7bd4,sha_cloud_profiler_v2,sha_probe,asian,jax,none,1000,79.12953500000224,3.20342273584324,12637.506336919227,7.912953500000223e-05,,sha_round_0,,,,0,1,,,,,1.0,e2-standard-8,europe-west2,europe-west2-b,e2,8,5.666454879796595,7.0546875,c692c00,2026-06-09T19:12:57.826725+00:00
6ca13165-5509-4e4b-9d6f-2ae2ff8c5082,sha_cloud_profiler_v2,sha_probe,asian,jax,none,1000,74.39626666667228,0.10200915057262577,13441.53470066497,7.439626666667228e-05,,sha_round_0,,,,0,0,,,,,1.0,e2-standard-8,europe-west2,europe-west2-b,e2,8,5.666454879796595,12.92578125,93d038d,2026-06-09T19:47:51.781522+00:00
068ec9f3-c8b4-4c62-b91b-588259b7d53a,sha_cloud_profiler_v3,sha_probe,asian,jax,none,1000,80.4152800000016,2.4003514606078067,12435.447591552005,8.04152800000016e-05,,sha_round_0,,,,0,0,,,,,1.0,e2-standard-8,europe-west2,europe-west2-b,e2,8,5.666454879796595,12.046875,13789b8,2026-06-09T20:43:18.792304+00:00
b0221803-621a-4934-abda-c3c3d3059a21,sha_cloud_profiler_v2,sha_probe,asian,jax,none,5000,80.82274079999934,3.168673708851916,61863.77683445302,0.0004041137039999967,,sha_round_1,,,,1,0,,,,,1.0,e2-standard-8,europe-west2,europe-west2-b,e2,8,6.007293264560759,52.08984375,93d038d,2026-06-09T19:47:57.691521+00:00
0f062ce9-5008-4ae0-9623-d4b6fbcb759f,sha_cloud_profiler_v3,sha_probe,asian,jax,none,5000,89.90147200000251,4.08231383982029,55616.44196437474,0.0004495073600000126,,sha_round_1,,,,1,0,,,,,1.0,e2-standard-8,europe-west2,europe-west2-b,e2,8,6.007293264560759,52.0,13789b8,2026-06-09T20:43:25.503202+00:00
fe2bbfd2-38f7-4187-b2ad-24d5719c3ea0,final_cloud_profiler_v1,profiler_selected,asian,jax,none,10000,112.75667499999145,1.672143184335807,88686.54560806052,0.0011275667499999146,,full,selected,diversity guard,,,,,,,,1.0,e2-standard-8,europe-west2,europe-west2-b,e2,8,5.988885012332589,56.71484375,f68fe02,2026-06-05T16:36:43.505858+00:00
8e0d7b4a-136a-4bf3-a384-38ce8286d36b,sha_cloud_profiler_v2,profiler_selected,asian,jax,none,10000,84.43607880000172,4.286469344835485,118432.7853936272,0.0008443607880000173,,full,selected_old,diversity guard,,,,,,,,1.0,e2-standard-8,europe-west2,europe-west2-b,e2,8,5.988885012332589,52.73828125,c692c00,2026-06-09T19:14:30.554495+00:00
28905186-3e00-4cfe-a37e-8631e01e4def,sha_cloud_profiler_v2,profiler_selected,asian,jax,none,10000,84.53792119999548,2.2390945921639838,118290.11002461857,0.0008453792119999548,,full,selected_both,diversity guard,,,,,,,,1.0,e2-standard-8,europe-west2,europe-west2-b,e2,8,5.988885012332589,43.53515625,93d038d,2026-06-09T19:49:29.025433+00:00
65392192-0de3-4c47-87a9-3c66f451462c,sha_cloud_profiler_v3,profiler_selected,asian,jax,none,10000,90.59226319999425,3.540163314482752,110384.70225568484,0.0009059226319999425,,full,selected_both,diversity guard,,,,,,,,1.0,e2-standard-8,europe-west2,europe-west2-b,e2,8,5.988885012332589,30.84765625,13789b8,2026-06-09T20:45:09.690830+00:00
01b6f4f7-9fb4-4b10-af08-f59d7c4a1f85,sha_cloud_profiler_v2,sha_probe,asian,jax,none,25000,114.01396971428467,3.5697359360544834,219271.37580288795,0.0028503492428571166,,sha_round_2,,,,2,0,,,,,1.0,e2-standard-8,europe-west2,europe-west2-b,e2,8,5.874825798934808,11.1640625,93d038d,2026-06-09T19:48:00.688125+00:00
290a5d3d-54f8-4cfe-8cdc-3b88cb0755a3,sha_cloud_profiler_v3,sha_probe,asian,jax,none,25000,144.35094942856657,9.247085589075603,173189.02368821262,0.003608773735714164,,sha_round_2,,,,2,0,,,,,1.0,e2-standard-8,europe-west2,europe-west2-b,e2,8,5.874825798934808,10.6875,13789b8,2026-06-09T20:43:28.974595+00:00
00d5ef1b-b4a2-44d9-bcab-754a74fcfd4f,final_cloud_profiler_v1,profiler_selected,asian,jax,none,50000,253.27243899998848,6.773518676940552,197415.87437392774,0.012663621949999425,,full,selected,diversity guard,,,,,,,,1.0,e2-standard-8,europe-west2,europe-west2-b,e2,8,5.77789087176735,7.2578125,f68fe02,2026-06-05T16:36:45.495924+00:00
98470347-fde0-4bb2-8823-01a07f259c09,sha_cloud_profiler_v2,profiler_selected,asian,jax,none,50000,169.84388119999494,3.1719429569669737,294387.99706374994,0.008492194059999748,,full,selected_old,diversity guard,,,,,,,,1.0,e2-standard-8,europe-west2,europe-west2-b,e2,8,5.77789087176735,7.00390625,c692c00,2026-06-09T19:14:31.937925+00:00
ad8f30f5-3750-4bbb-8e7b-1d805358f340,sha_cloud_profiler_v2,profiler_selected,asian,jax,none,50000,159.6102672000029,3.634576172025895,313263.05554859125,0.007980513360000146,,full,selected_both,diversity guard,,,,,,,,1.0,e2-standard-8,europe-west2,europe-west2-b,e2,8,5.77789087176735,0.55078125,93d038d,2026-06-09T19:49:30.317637+00:00
363aa777-6df9-4b46-bdb6-202d46064782,sha_cloud_profiler_v3,profiler_selected,asian,jax,none,50000,182.42891600000348,7.597091332593198,274079.3570247331,0.009121445800000174,,full,selected_both,diversity guard,,,,,,,,1.0,e2-standard-8,europe-west2,europe-west2-b,e2,8,5.77789087176735,7.70703125,13789b8,2026-06-09T20:45:11.188745+00:00
bb9563cd-5469-47d5-b265-4263f1c37fbb,final_cloud_profiler_v1,profiler_selected,asian,jax,none,100000,428.0440014000078,6.498849387959507,233620.8419529978,0.04280440014000078,,full,selected,diversity guard,,,,,,,,1.0,e2-standard-8,europe-west2,europe-west2-b,e2,8,5.786070148379278,8.328125,f68fe02,2026-06-05T16:36:48.679183+00:00
a45c0ed8-dcfd-4682-bceb-d2f347aedaf2,sha_cloud_profiler_v2,profiler_selected,asian,jax,none,100000,271.50314080000726,6.642408446765977,368319.86438661977,0.027150314080000723,,full,selected_old,diversity guard,,,,,,,,1.0,e2-standard-8,europe-west2,europe-west2-b,e2,8,5.786070148379278,8.81640625,c692c00,2026-06-09T19:14:33.989596+00:00
bbe68c35-5f0b-42c5-99b1-5444d56c3c33,sha_cloud_profiler_v2,profiler_selected,asian,jax,none,100000,279.38592760000347,6.945686222309666,357927.8343008381,0.02793859276000035,,full,selected_both,diversity guard,,,,0.001653584020122696,72.65729085238422,238.01569286465383,14.807558523341005,1.0,e2-standard-8,europe-west2,europe-west2-b,e2,8,5.786070148379278,2.4921875,93d038d,2026-06-09T19:49:32.403724+00:00
455319c8-ce24-47ca-8d84-89e915447e83,sha_cloud_profiler_v3,profiler_selected,asian,jax,none,100000,297.96408960002054,6.0378079478424445,335610.91249028523,0.029796408960002053,,full,selected_both,diversity guard,,,,0.0026828532085250464,77.16641732143141,345.45173817393606,15.93737306990978,1.0,e2-standard-8,europe-west2,europe-west2-b,e2,8,5.786070148379278,10.20703125,13789b8,2026-06-09T20:45:13.435684+00:00
271f9165-0c04-4bbc-aa8f-225b8eea3b79,final_cloud_profiler_v1,probe_run,asian,jax,reverse,1000,312.21724833333536,5.033056438360942,3202.8979991917704,0.0003122172483333354,,probe,,,,,,,,,,3.3673070124771542,e2-standard-8,europe-west2,europe-west2-b,e2,8,5.666454879796595,22.3671875,f68fe02,2026-06-05T16:34:46.139390+00:00
5aa87e9a-52ab-4c2d-ba21-0befae88cfab,sha_cloud_profiler_v2,sha_probe,asian,jax,reverse,1000,244.3574289999996,4.58142481547848,4092.3658596850014,0.0002443574289999996,,sha_round_0,,,,0,0,,,,,3.167383076360126,e2-standard-8,europe-west2,europe-west2-b,e2,8,5.666454879796595,20.48828125,c692c00,2026-06-09T19:12:57.778513+00:00
d934e281-e079-4fe1-9889-977fe7c70b2d,sha_cloud_profiler_v2,sha_probe,asian,jax,reverse,1000,244.3574289999996,4.58142481547848,4092.3658596850014,0.0002443574289999996,,sha_round_0,,,,0,1,,,,,3.167383076360126,e2-standard-8,europe-west2,europe-west2-b,e2,8,5.666454879796595,20.48828125,c692c00,2026-06-09T19:12:57.836322+00:00
6f4c4bf3-8826-41d8-9423-d5eee578532d,sha_cloud_profiler_v2,sha_probe,asian,jax,reverse,1000,242.7298189999997,6.798576174469666,4119.806969410714,0.0002427298189999997,,sha_round_0,,,,0,0,,,,,3.1469017974807705,e2-standard-8,europe-west2,europe-west2-b,e2,8,5.666454879796595,16.23828125,93d038d,2026-06-09T19:47:55.964106+00:00
3daca333-c7d9-410c-ad2b-bb4e9fbbc4b9,sha_cloud_profiler_v2,sha_probe,asian,jax,reverse,1000,242.7298189999997,6.798576174469666,4119.806969410714,0.0002427298189999997,,sha_round_0,,,,0,1,,,,,3.1469017974807705,e2-standard-8,europe-west2,europe-west2-b,e2,8,5.666454879796595,16.23828125,93d038d,2026-06-09T19:47:56.011186+00:00
de4a6183-c5d5-4870-966a-4dfb097bcec9,sha_cloud_profiler_v3,sha_probe,asian,jax,reverse,1000,261.26418399999807,8.852256746881359,3827.5433880367136,0.00026126418399999806,,sha_round_0,,,,0,0,,,,,3.180438379755776,e2-standard-8,europe-west2,europe-west2-b,e2,8,5.666454879796595,19.46875,13789b8,2026-06-09T20:43:23.321130+00:00
a944502f-4409-43e7-8d8e-86e799c66479,sha_cloud_profiler_v3,sha_probe,asian,jax,reverse,1000,261.26418399999807,8.852256746881359,3827.5433880367136,0.00026126418399999806,,sha_round_0,,,,0,1,,,,,3.180438379755776,e2-standard-8,europe-west2,europe-west2-b,e2,8,5.666454879796595,19.46875,13789b8,2026-06-09T20:43:23.415674+00:00
48572a62-259d-4c6a-941e-886a03a03fd6,final_cloud_profiler_v1,grid_search_full,asian,jax,reverse,10000,358.57480480000277,2.725000744627576,27888.18362622427,0.0035857480480000277,,full,full_grid_only,dominated or outside 1.5x margin (score=271.80 vs best=13.52),,,,,,,,3.117916977431124,e2-standard-8,europe-west2,europe-west2-b,e2,8,5.988885012332589,46.32421875,f68fe02,2026-06-05T16:37:16.170273+00:00
7f81820b-49d1-4788-a649-ad2b5b4dd3cc,sha_cloud_profiler_v2,grid_search_full,asian,jax,reverse,10000,271.8685445999995,7.448585282166298,36782.48255866824,0.002718685445999995,,full,full_grid_only,dominated or outside 1.5x margin (score=208.83 vs best=8.63),,,,,,,,3.1547960691518533,e2-standard-8,europe-west2,europe-west2-b,e2,8,5.988885012332589,47.03515625,c692c00,2026-06-09T19:14:53.273963+00:00
5587f7bf-b550-4c7e-9bb4-73b108e0a6d6,sha_cloud_profiler_v2,grid_search_full,asian,jax,reverse,10000,272.97523300000535,10.824921510812718,36633.360067504014,0.0027297523300000535,,full,full_grid_only,dominated or outside 1.5x margin (score=212.20 vs best=8.17),,,,,,,,3.0450482044525153,e2-standard-8,europe-west2,europe-west2-b,e2,8,5.988885012332589,62.32421875,93d038d,2026-06-09T19:49:51.765899+00:00
dfa97c40-e925-407f-9467-0d48832132b7,sha_cloud_profiler_v3,grid_search_full,asian,jax,reverse,10000,274.0646577999996,9.48339714807192,36487.74008393874,0.002740646577999996,,full,full_grid_only,dominated or outside 1.5x margin (score=226.91 vs best=8.43),,,,,,,,3.0704660772893053,e2-standard-8,europe-west2,europe-west2-b,e2,8,5.988885012332589,10.52734375,13789b8,2026-06-09T20:45:33.582165+00:00
49c60151-98a1-4018-8fc7-c59e51f50c0e,final_cloud_profiler_v1,grid_search_full,asian,jax,reverse,50000,569.341307000002,16.022399575389827,87820.7840977887,0.028467065350000098,,full,full_grid_only,dominated or outside 1.5x margin (score=271.80 vs best=13.52),,,,,,,,2.3206309356391612,e2-standard-8,europe-west2,europe-west2-b,e2,8,5.77789087176735,193.9140625,f68fe02,2026-06-05T16:37:22.373818+00:00
37da85d8-f95e-4122-ae24-d5802f7ff229,sha_cloud_profiler_v2,grid_search_full,asian,jax,reverse,50000,407.15309680000473,4.556640964478012,122803.92902073445,0.02035765484000024,,full,full_grid_only,dominated or outside 1.5x margin (score=208.83 vs best=8.63),,,,,,,,2.378506070479249,e2-standard-8,europe-west2,europe-west2-b,e2,8,5.77789087176735,102.23046875,c692c00,2026-06-09T19:14:57.693924+00:00
61436310-dff0-4252-89d3-ccd902b7740d,sha_cloud_profiler_v2,grid_search_full,asian,jax,reverse,50000,407.21910939998907,7.842841946034539,122784.02178540136,0.020360955469999456,,full,full_grid_only,dominated or outside 1.5x margin (score=212.20 vs best=8.17),,,,,,,,2.456807074296386,e2-standard-8,europe-west2,europe-west2-b,e2,8,5.77789087176735,103.9453125,93d038d,2026-06-09T19:49:56.139788+00:00
3ae4fdb7-2040-4921-8fda-82ff68bf644f,sha_cloud_profiler_v3,grid_search_full,asian,jax,reverse,50000,425.82734399998117,12.684200755051636,117418.48123309387,0.021291367199999058,,full,full_grid_only,dominated or outside 1.5x margin (score=226.91 vs best=8.43),,,,,,,,2.348549436800562,e2-standard-8,europe-west2,europe-west2-b,e2,8,5.77789087176735,9.51953125,13789b8,2026-06-09T20:45:38.254822+00:00
73171f71-64e3-4f98-bbf9-450c66c94368,final_cloud_profiler_v1,grid_search_full,asian,jax,reverse,100000,848.9897802000087,15.78861553773035,117787.04800950791,0.08489897802000088,,full,full_grid_only,dominated or outside 1.5x margin (score=271.80 vs best=13.52),,,,,,,,1.9677217140082974,e2-standard-8,europe-west2,europe-west2-b,e2,8,5.786070148379278,220.125,f68fe02,2026-06-05T16:37:31.909047+00:00
807024b3-3712-4961-aa0f-df1657689408,sha_cloud_profiler_v2,grid_search_full,asian,jax,reverse,100000,619.9131076000015,51.8567340791793,161312.9304317355,0.06199131076000015,,full,full_grid_only,dominated or outside 1.5x margin (score=208.83 vs best=8.63),,,,,,,,2.1899104520709862,e2-standard-8,europe-west2,europe-west2-b,e2,8,5.786070148379278,208.9140625,c692c00,2026-06-09T19:15:04.375464+00:00
b448f9e8-8a11-40e9-aa4b-088d485a024f,sha_cloud_profiler_v2,grid_search_full,asian,jax,reverse,100000,613.6733419999928,63.25065204277483,162953.14323756495,0.061367334199999284,,full,full_grid_only,dominated or outside 1.5x margin (score=212.20 vs best=8.17),,,,,,,,2.2162726706526787,e2-standard-8,europe-west2,europe-west2-b,e2,8,5.786070148379278,22.32421875,93d038d,2026-06-09T19:50:02.757407+00:00
6469d31c-6bb3-4f56-b932-122fb2870533,sha_cloud_profiler_v3,grid_search_full,asian,jax,reverse,100000,622.1393583999998,64.94864233633076,160735.69152926948,0.06221393583999997,,full,full_grid_only,dominated or outside 1.5x margin (score=226.91 vs best=8.43),,,,,,,,2.1528427732987105,e2-standard-8,europe-west2,europe-west2-b,e2,8,5.786070148379278,28.02734375,13789b8,2026-06-09T20:45:45.052564+00:00
03f16bd9-809c-43d8-a04d-5f214480e9ba,sha_cloud_profiler_v3,sha_probe,european,cpp,none,1000,0.02913266666837444,0.01576528211919501,34325728.27552276,2.913266666837444e-08,,sha_round_0,,,,0,0,,,,,1.0,e2-standard-8,europe-west2,europe-west2-b,e2,8,10.837287285214533,0.0,13789b8,2026-06-09T20:43:17.216660+00:00
336c4451-c223-4cda-9a67-5044b26db689,sha_cloud_profiler_v3,sha_probe,european,cpp,none,5000,0.03327700000568257,0.0032298560251961352,150253929.1145888,1.6638500002841284e-07,,sha_round_1,,,,1,0,,,,,1.0,e2-standard-8,europe-west2,europe-west2-b,e2,8,10.439540690856079,0.0,13789b8,2026-06-09T20:43:23.706863+00:00
3ad9b15a-815d-4b18-9616-edf92b9ec241,sha_cloud_profiler_v3,sha_probe,european,cpp,none,5000,0.03327700000568257,0.0032298560251961352,150253929.1145888,1.6638500002841284e-07,,sha_round_1,,,,1,1,,,,,1.0,e2-standard-8,europe-west2,europe-west2-b,e2,8,10.439540690856079,0.0,13789b8,2026-06-09T20:43:25.513653+00:00
39e59e19-b369-439d-a1e1-29dd9a5304ac,sha_cloud_profiler_v3,profiler_selected,european,cpp,none,10000,0.06707260000098358,0.015374078481206168,149092177.72761688,6.707260000098358e-07,,full,selected_both,top-3 probe Pareto; diversity guard; fastest probe runtime,,,,,,,,1.0,e2-standard-8,europe-west2,europe-west2-b,e2,8,10.490842703275122,0.0,13789b8,2026-06-09T20:43:31.687992+00:00
357ef5ca-de5d-4f48-9b92-52d1dd10e2af,sha_cloud_profiler_v3,profiler_selected,european,cpp,none,50000,0.3451385999937884,0.0673752121662525,144869336.55319884,1.725692999968942e-05,,full,selected_both,top-3 probe Pareto; diversity guard; fastest probe runtime,,,,,,,,1.0,e2-standard-8,europe-west2,europe-west2-b,e2,8,10.513806282098386,0.0,13789b8,2026-06-09T20:43:31.707993+00:00
681e3b3c-12b8-4e8d-9cc9-7b89d086b137,sha_cloud_profiler_v3,profiler_selected,european,cpp,none,100000,0.5533639999953266,0.027826364837339773,180712876.1553779,5.533639999953266e-05,,full,selected_both,top-3 probe Pareto; diversity guard; fastest probe runtime,,,,1.0360833343270318e-06,0.02809658333404742,0.13170491676675058,76.19922568727586,1.0,e2-standard-8,europe-west2,europe-west2-b,e2,8,10.480451757551025,0.0,13789b8,2026-06-09T20:43:31.729250+00:00
7677a761-021a-4896-9115-24e885f6ba2b,final_cloud_profiler_v1,probe_run,european,cpu,none,1000,0.11725233333474232,0.03551671676848607,8528614.924405057,1.1725233333474231e-07,,probe,,,,,,,,,,1.0,e2-standard-8,europe-west2,europe-west2-b,e2,8,9.911979607280376,0.0,f68fe02,2026-06-05T16:34:37.544116+00:00
b948da24-4ba9-463e-8adb-40eb226f0b00,sha_cloud_profiler_v2,sha_probe,european,cpu,none,1000,0.10402766666099221,0.023430007112975926,9612827.357349304,1.0402766666099221e-07,,sha_round_0,,,,0,0,,,,,1.0,e2-standard-8,europe-west2,europe-west2-b,e2,8,9.911979607280376,0.0,c692c00,2026-06-09T19:12:50.229616+00:00
3c51554e-a59b-4d20-9c39-f7dbc43e55da,sha_cloud_profiler_v2,sha_probe,european,cpu,none,1000,0.09270333333688541,0.018203610442974166,10787098.62962515,9.270333333688541e-08,,sha_round_0,,,,0,0,,,,,1.0,e2-standard-8,europe-west2,europe-west2-b,e2,8,9.911979607280376,0.0,93d038d,2026-06-09T19:47:49.250492+00:00
4ae218d1-f1af-43b6-95d8-eef072e66580,sha_cloud_profiler_v3,sha_probe,european,cpu,none,1000,0.0956219999939852,0.025533637369693215,10457844.42976409,9.56219999939852e-08,,sha_round_0,,,,0,0,,,,,1.0,e2-standard-8,europe-west2,europe-west2-b,e2,8,9.911979607280376,0.0,13789b8,2026-06-09T20:43:16.855819+00:00
38d13df6-87ff-4be7-b866-1f4051c454cf,sha_cloud_profiler_v3,sha_probe,european,cpu,none,1000,0.0956219999939852,0.025533637369693215,10457844.42976409,9.56219999939852e-08,,sha_round_0,,,,0,1,,,,,1.0,e2-standard-8,europe-west2,europe-west2-b,e2,8,9.911979607280376,0.0,13789b8,2026-06-09T20:43:23.330329+00:00
8efe8736-db71-4e5c-b809-3848c95df475,sha_cloud_profiler_v2,sha_probe,european,cpu,none,5000,0.15207339998823954,0.027126154415085948,32878859.81629049,7.603669999411977e-07,,sha_round_1,,,,1,0,,,,,1.0,e2-standard-8,europe-west2,europe-west2-b,e2,8,10.168919879680967,0.0,c692c00,2026-06-09T19:12:57.842761+00:00
0f5f17be-43ab-4d44-89dd-0083a757630f,sha_cloud_profiler_v2,sha_probe,european,cpu,none,5000,0.16551420000041617,0.017518634314711585,30208888.421582125,8.275710000020808e-07,,sha_round_1,,,,1,0,,,,,1.0,e2-standard-8,europe-west2,europe-west2-b,e2,8,10.168919879680967,0.0,93d038d,2026-06-09T19:47:56.019543+00:00
35e64d6d-73d9-4a49-917a-cd17e890cbae,sha_cloud_profiler_v2,sha_probe,european,cpu,none,5000,0.16551420000041617,0.017518634314711585,30208888.421582125,8.275710000020808e-07,,sha_round_1,,,,1,1,,,,,1.0,e2-standard-8,europe-west2,europe-west2-b,e2,8,10.168919879680967,0.0,93d038d,2026-06-09T19:47:57.698301+00:00
fa3abd26-bd47-4130-bb05-6906230564cd,final_cloud_profiler_v1,profiler_selected,european,cpu,none,10000,0.3336541999999554,0.019290992810404497,29971149.771234225,3.3365419999995537e-06,,full,selected,top-3 probe Pareto; diversity guard; fastest probe runtime,,,,,,,,1.0,e2-standard-8,europe-west2,europe-west2-b,e2,8,10.345182037175293,0.0,f68fe02,2026-06-05T16:34:46.149313+00:00
1e59e0f0-b002-4521-a3af-88b8fd9bea9b,sha_cloud_profiler_v2,profiler_selected,european,cpu,none,10000,0.2180320000093161,0.01783468951897222,45864827.17937146,2.180320000093161e-06,,full,selected_both,top-3 probe Pareto; diversity guard; fastest probe runtime,,,,,,,,1.0,e2-standard-8,europe-west2,europe-west2-b,e2,8,10.345182037175293,0.0,c692c00,2026-06-09T19:13:01.812886+00:00
c389035b-ee7d-49d5-8788-30e3b5ff067b,sha_cloud_profiler_v2,profiler_selected,european,cpu,none,10000,0.22404819999906067,0.021484471164271227,44633253.02342052,2.2404819999906067e-06,,full,selected_both,top-3 probe Pareto; diversity guard; fastest probe runtime,,,,,,,,1.0,e2-standard-8,europe-west2,europe-west2-b,e2,8,10.345182037175293,0.0,93d038d,2026-06-09T19:48:00.700981+00:00
26247cee-4536-47ff-8d59-7d65501e409e,sha_cloud_profiler_v3,profiler_selected,european,cpu,none,10000,0.22564940000506795,0.02466184838837777,44316537.069344774,2.2564940000506794e-06,,full,selected_old,diversity guard,,,,,,,,1.0,e2-standard-8,europe-west2,europe-west2-b,e2,8,10.345182037175293,0.0,13789b8,2026-06-09T20:43:28.989066+00:00
04e0becc-9d74-4fc1-ad3f-43bbc3a5e529,sha_cloud_profiler_v2,sha_probe,european,cpu,none,25000,0.49526685713528557,0.03287422578211413,50477837.63404761,1.2381671428382139e-05,,sha_round_2,,,,2,0,,,,,1.0,e2-standard-8,europe-west2,europe-west2-b,e2,8,10.55784100685751,0.0,c692c00,2026-06-09T19:12:58.743559+00:00
fd2ddc48-8956-485f-81ea-21720366c570,final_cloud_profiler_v1,profiler_selected,european,cpu,none,50000,1.4541987999962203,0.023926838622968138,34383194.37488875,7.270993999981102e-05,,full,selected,top-3 probe Pareto; diversity guard; fastest probe runtime,,,,,,,,1.0,e2-standard-8,europe-west2,europe-west2-b,e2,8,10.457691538845074,0.0,f68fe02,2026-06-05T16:34:46.167797+00:00
fa02ab29-7952-485c-a758-14e3f5100bed,sha_cloud_profiler_v2,profiler_selected,european,cpu,none,50000,1.0378901999956724,0.026863477234169934,48174652.77175608,5.1894509999783624e-05,,full,selected_both,top-3 probe Pareto; diversity guard; fastest probe runtime,,,,,,,,1.0,e2-standard-8,europe-west2,europe-west2-b,e2,8,10.457691538845074,0.0,c692c00,2026-06-09T19:13:01.830019+00:00
e155934c-a5fd-4809-8eb2-08a704307ac7,sha_cloud_profiler_v2,profiler_selected,european,cpu,none,50000,1.008345799999688,0.03606748206116122,49586163.79422165,5.041728999998441e-05,,full,selected_both,top-3 probe Pareto; diversity guard; fastest probe runtime,,,,,,,,1.0,e2-standard-8,europe-west2,europe-west2-b,e2,8,10.457691538845074,0.0,93d038d,2026-06-09T19:48:00.715862+00:00
47add8a0-d885-4f47-b055-734cb6fb6ac1,sha_cloud_profiler_v3,profiler_selected,european,cpu,none,50000,1.0484722000001057,0.043858805263396757,47688436.56512301,5.2423610000005283e-05,,full,selected_old,diversity guard,,,,,,,,1.0,e2-standard-8,europe-west2,europe-west2-b,e2,8,10.457691538845074,0.0,13789b8,2026-06-09T20:43:29.010189+00:00
6ff64e1e-dca0-4eff-bbb8-2294de6a0cf9,final_cloud_profiler_v1,profiler_selected,european,cpu,none,100000,2.8910949999954028,0.06416660550437213,34588970.61499502,0.00028910949999954027,,full,selected,top-3 probe Pareto; diversity guard; fastest probe runtime,,,,,,,,1.0,e2-standard-8,europe-west2,europe-west2-b,e2,8,10.420541193153111,0.0,f68fe02,2026-06-05T16:34:46.196933+00:00
98c30156-bb40-4fd0-9fb8-d7701b670a5a,sha_cloud_profiler_v2,profiler_selected,european,cpu,none,100000,1.9395933999931003,0.039601117125769976,51557197.503536426,0.00019395933999931004,,full,selected_both,top-3 probe Pareto; diversity guard; fastest probe runtime,,,,1.2011433331811833e-05,0.09201623332918038,1.2931595665103637,33.32831682583763,1.0,e2-standard-8,europe-west2,europe-west2-b,e2,8,10.420541193153111,0.0,c692c00,2026-06-09T19:13:01.852815+00:00
60da736e-710b-469e-8e37-4fe42d219eae,sha_cloud_profiler_v2,profiler_selected,european,cpu,none,100000,2.3152259999989155,0.16341837145892985,43192327.66047325,0.00023152259999989158,,full,selected_both,top-3 probe Pareto; diversity guard; fastest probe runtime,,,,1.8202716665882688e-05,0.07450061667100272,1.8947722832592715,18.160374699482514,1.0,e2-standard-8,europe-west2,europe-west2-b,e2,8,10.420541193153111,0.0,93d038d,2026-06-09T19:48:00.743676+00:00
a757a597-470c-43e5-aba6-ef807a4760f5,sha_cloud_profiler_v3,profiler_selected,european,cpu,none,100000,2.0794130000012956,0.05597594217170992,48090494.76940738,0.00020794130000012956,,full,selected_old,diversity guard,,,,,,,,1.0,e2-standard-8,europe-west2,europe-west2-b,e2,8,10.420541193153111,0.0,13789b8,2026-06-09T20:43:29.038320+00:00
78cf511b-d6c7-4bd5-8f1b-51e3f4339374,final_cloud_profiler_v1,probe_run,european,jax,forward,1000,2.4027559999998025,0.02098974097973248,416188.7432598575,2.4027559999998024e-06,,probe,,,,,,,,,,4.700803176226315,e2-standard-8,europe-west2,europe-west2-b,e2,8,10.69890892983176,0.0,f68fe02,2026-06-05T16:34:37.694108+00:00
d4d8599c-8024-4d95-bf0b-f4cc71a18738,sha_cloud_profiler_v2,sha_probe,european,jax,forward,1000,2.3288983333316082,0.7439081708538531,429387.57166331465,2.3288983333316084e-06,,sha_round_0,,,,0,0,,,,,3.535891344667422,e2-standard-8,europe-west2,europe-west2-b,e2,8,10.69890892983176,0.0,c692c00,2026-06-09T19:12:50.581709+00:00
74696708-e070-49e9-8abd-007287b245d5,sha_cloud_profiler_v2,sha_probe,european,jax,forward,1000,2.3288983333316082,0.7439081708538531,429387.57166331465,2.3288983333316084e-06,,sha_round_0,,,,0,1,,,,,3.535891344667422,e2-standard-8,europe-west2,europe-west2-b,e2,8,10.69890892983176,0.0,c692c00,2026-06-09T19:12:57.793820+00:00
7c983cc3-e66c-4795-9dbd-80e3e7470cbd,sha_cloud_profiler_v2,sha_probe,european,jax,forward,1000,2.008666666663809,0.19374056720558822,497842.68171328714,2.008666666663809e-06,,sha_round_0,,,,0,0,,,,,4.0800767536275,e2-standard-8,europe-west2,europe-west2-b,e2,8,10.69890892983176,0.0,93d038d,2026-06-09T19:47:49.485465+00:00
96cfe4dc-3f0e-4d97-8bff-27cbc7f53c33,sha_cloud_profiler_v2,sha_probe,european,jax,forward,1000,2.008666666663809,0.19374056720558822,497842.68171328714,2.008666666663809e-06,,sha_round_0,,,,0,1,,,,,4.0800767536275,e2-standard-8,europe-west2,europe-west2-b,e2,8,10.69890892983176,0.0,93d038d,2026-06-09T19:47:55.971174+00:00
09d19799-c218-46d1-8c21-62c652e5f63a,sha_cloud_profiler_v3,sha_probe,european,jax,forward,1000,2.60726800000081,0.45554086299428626,383543.2337602768,2.6072680000008097e-06,,sha_round_0,,,,0,0,,,,,5.850299777511059,e2-standard-8,europe-west2,europe-west2-b,e2,8,10.69890892983176,0.2578125,13789b8,2026-06-09T20:43:16.991509+00:00
1bf2e992-9f78-45d6-9687-a09732d0044d,sha_cloud_profiler_v3,sha_probe,european,jax,forward,1000,2.60726800000081,0.45554086299428626,383543.2337602768,2.6072680000008097e-06,,sha_round_0,,,,0,1,,,,,5.850299777511059,e2-standard-8,europe-west2,europe-west2-b,e2,8,10.69890892983176,0.2578125,13789b8,2026-06-09T20:43:23.338179+00:00
ca2bd40f-38b5-404d-93fc-706aa7842819,final_cloud_profiler_v1,grid_search_full,european,jax,forward,10000,2.570468999994091,0.048449659309490564,3890340.6343445447,2.5704689999940912e-05,,full,full_grid_only,dominated or outside 1.5x margin (score=1.96 vs best=0.15),,,,,,,,2.855559493125428,e2-standard-8,europe-west2,europe-west2-b,e2,8,10.420809313193189,0.0,f68fe02,2026-06-05T16:34:47.355835+00:00
11f26599-3128-4091-81de-f20c6d6d23eb,sha_cloud_profiler_v2,grid_search_full,european,jax,forward,10000,2.676123800000596,0.4879717504460342,3736747.90381438,2.676123800000596e-05,,full,full_grid_only,dominated or outside 1.5x margin (score=2.66 vs best=0.13),,,,,,,,2.364169714812221,e2-standard-8,europe-west2,europe-west2-b,e2,8,10.420809313193189,0.0,c692c00,2026-06-09T19:13:02.779538+00:00
b9796989-d1ab-4629-908e-f6cec6cca100,sha_cloud_profiler_v2,grid_search_full,european,jax,forward,10000,2.297736200003442,0.4210188745986188,4352109.698226028,2.2977362000034417e-05,,full,full_grid_only,dominated or outside 1.5x margin (score=1.82 vs best=0.11),,,,,,,,2.831393232522833,e2-standard-8,europe-west2,europe-west2-b,e2,8,10.420809313193189,0.0,93d038d,2026-06-09T19:48:01.652536+00:00
fc52011b-6bfb-495e-bf2f-7b8af8e2706b,sha_cloud_profiler_v3,grid_search_full,european,jax,forward,10000,3.157322800007023,0.5502939064243152,3167240.2961071185,3.157322800007023e-05,,full,full_grid_only,dominated or outside 1.5x margin (score=2.55 vs best=0.04),,,,,,,,2.7359489115387303,e2-standard-8,europe-west2,europe-west2-b,e2,8,10.420809313193189,0.0,13789b8,2026-06-09T20:43:30.060088+00:00
026e93bd-00c5-4d28-9ac9-49fcf44e070a,final_cloud_profiler_v1,grid_search_full,european,jax,forward,50000,3.8762023999936446,0.06315668692529723,12899223.219118275,0.00019381011999968225,,full,full_grid_only,dominated or outside 1.5x margin (score=1.96 vs best=0.15),,,,,,,,2.5414877522581896,e2-standard-8,europe-west2,europe-west2-b,e2,8,10.427615610007502,0.0,f68fe02,2026-06-05T16:34:47.561026+00:00
340af4d2-a94e-4a3c-85db-3c638a4b8cef,sha_cloud_profiler_v2,grid_search_full,european,jax,forward,50000,3.838267199995471,0.26856818396333726,13026711.636974882,0.00019191335999977355,,full,full_grid_only,dominated or outside 1.5x margin (score=2.66 vs best=0.13),,,,,,,,2.0505152375541966,e2-standard-8,europe-west2,europe-west2-b,e2,8,10.427615610007502,0.0,c692c00,2026-06-09T19:13:02.954857+00:00
665a36eb-a843-4e09-b4ef-aab470581a7d,sha_cloud_profiler_v2,grid_search_full,european,jax,forward,50000,3.8817481999984693,0.5119129323561556,12880794.277181534,0.00019408740999992346,,full,full_grid_only,dominated or outside 1.5x margin (score=1.82 vs best=0.11),,,,,,,,2.4788889310315945,e2-standard-8,europe-west2,europe-west2-b,e2,8,10.427615610007502,0.0,93d038d,2026-06-09T19:48:01.914415+00:00
c10fc38f-deb5-469a-8b1d-7f6eb8322a78,sha_cloud_profiler_v3,grid_search_full,european,jax,forward,50000,5.334377399998402,0.507162690549829,9373165.085772704,0.00026671886999992013,,full,full_grid_only,dominated or outside 1.5x margin (score=2.55 vs best=0.04),,,,,,,,2.375701526109252,e2-standard-8,europe-west2,europe-west2-b,e2,8,10.427615610007502,0.0,13789b8,2026-06-09T20:43:30.365545+00:00
452a6658-4823-4477-bbbf-35158989b7d2,final_cloud_profiler_v1,grid_search_full,european,jax,forward,100000,4.663490000001502,0.2841658359975991,21443168.099420775,0.00046634900000015023,,full,full_grid_only,dominated or outside 1.5x margin (score=1.96 vs best=0.15),,,,,,,,1.9775295173407854,e2-standard-8,europe-west2,europe-west2-b,e2,8,10.444163637298749,0.0,f68fe02,2026-06-05T16:34:47.783293+00:00
2c429771-21a5-4bbd-b971-cb7689f59b81,sha_cloud_profiler_v2,grid_search_full,european,jax,forward,100000,4.840193199999021,0.33858200562726554,20660332.31897029,0.0004840193199999021,,full,full_grid_only,dominated or outside 1.5x margin (score=2.66 vs best=0.13),,,,,,,,1.6893830284356597,e2-standard-8,europe-west2,europe-west2-b,e2,8,10.444163637298749,0.0,c692c00,2026-06-09T19:13:03.148230+00:00
7b8881aa-6724-4664-8ff8-a94adfe151aa,sha_cloud_profiler_v2,grid_search_full,european,jax,forward,100000,4.940224599999965,0.47200779041778085,20241994.665586807,0.0004940224599999964,,full,full_grid_only,dominated or outside 1.5x margin (score=1.82 vs best=0.11),,,,,,,,1.922222701243484,e2-standard-8,europe-west2,europe-west2-b,e2,8,10.444163637298749,0.0,93d038d,2026-06-09T19:48:02.107213+00:00
a6c8657b-ce36-4227-913f-928d9ad20976,sha_cloud_profiler_v3,grid_search_full,european,jax,forward,100000,5.616185800010953,0.2845975658930367,17805678.722346574,0.0005616185800010953,,full,full_grid_only,dominated or outside 1.5x margin (score=2.55 vs best=0.04),,,,,,,,1.8688200289409165,e2-standard-8,europe-west2,europe-west2-b,e2,8,10.444163637298749,0.0,13789b8,2026-06-09T20:43:30.563364+00:00
4b33c863-e611-4bd2-9b45-dc7eab8df1b9,final_cloud_profiler_v1,probe_run,european,jax,none,1000,0.581067333342844,0.0884477744778519,1720970.9488349012,5.81067333342844e-07,,probe,,,,,,,,,,1.0,e2-standard-8,europe-west2,europe-west2-b,e2,8,10.69890892983176,0.0,f68fe02,2026-06-05T16:34:37.559085+00:00
88a1c5ed-ad05-410c-b97c-5a56457ccd0c,sha_cloud_profiler_v2,sha_probe,european,jax,none,1000,0.8107199999993023,0.14168918204727723,1233471.4821403944,8.107199999993023e-07,,sha_round_0,,,,0,0,,,,,1.0,e2-standard-8,europe-west2,europe-west2-b,e2,8,10.69890892983176,0.0,c692c00,2026-06-09T19:12:50.397950+00:00
ffb512a9-5b35-4620-8f46-5faaca624617,sha_cloud_profiler_v2,sha_probe,european,jax,none,1000,0.8107199999993023,0.14168918204727723,1233471.4821403944,8.107199999993023e-07,,sha_round_0,,,,0,1,,,,,1.0,e2-standard-8,europe-west2,europe-west2-b,e2,8,10.69890892983176,0.0,c692c00,2026-06-09T19:12:57.786487+00:00
f43ddc6b-26dd-4906-b21c-d7338c3d918a,sha_cloud_profiler_v2,sha_probe,european,jax,none,1000,0.6921409999970743,0.17579662653110287,1444792.318334309,6.921409999970743e-07,,sha_round_0,,,,0,0,,,,,1.0,e2-standard-8,europe-west2,europe-west2-b,e2,8,10.69890892983176,0.0,93d038d,2026-06-09T19:47:49.309991+00:00
8b551502-89b3-4414-a0a7-d4eebeb20cfc,sha_cloud_profiler_v3,sha_probe,european,jax,none,1000,0.9420206666561626,0.19961946287718843,1061547.835834264,9.420206666561626e-07,,sha_round_0,,,,0,0,,,,,1.0,e2-standard-8,europe-west2,europe-west2-b,e2,8,10.69890892983176,0.0,13789b8,2026-06-09T20:43:16.872096+00:00
a1d0331b-931a-480f-a43d-14b3502ac668,sha_cloud_profiler_v2,sha_probe,european,jax,none,5000,0.7024471999983462,0.05021949031289081,7117972.710278825,3.5122359999917306e-06,,sha_round_1,,,,1,0,,,,,1.0,e2-standard-8,europe-west2,europe-west2-b,e2,8,10.533137565070216,0.0,93d038d,2026-06-09T19:47:56.259845+00:00
73621e01-1659-4252-8737-9959231fbe18,sha_cloud_profiler_v3,sha_probe,european,jax,none,5000,0.9964882000076613,0.14430803575998494,5017620.8809713535,4.982441000038306e-06,,sha_round_1,,,,1,0,,,,,1.0,e2-standard-8,europe-west2,europe-west2-b,e2,8,10.533137565070216,0.0,13789b8,2026-06-09T20:43:23.688873+00:00
7f22ba89-a53d-4023-96db-265a06e83149,final_cloud_profiler_v1,profiler_selected,european,jax,none,10000,0.931111199992074,0.056700020885755195,10739855.776716169,9.31111199992074e-06,,full,selected,within 1.5x safety margin; diversity guard,,,,,,,,1.0,e2-standard-8,europe-west2,europe-west2-b,e2,8,10.420809313193189,0.0,f68fe02,2026-06-05T16:34:46.508746+00:00
6a4a3a10-0db3-42a0-a228-148ba4b7275a,sha_cloud_profiler_v2,profiler_selected,european,jax,none,10000,1.0904127999992852,0.12902862407284763,9170838.786931477,1.0904127999992852e-05,,full,selected_old,diversity guard,,,,,,,,1.0,e2-standard-8,europe-west2,europe-west2-b,e2,8,10.420809313193189,0.0,c692c00,2026-06-09T19:13:02.105068+00:00
b91ba59f-7e58-4f45-b0a9-33ec5637efd3,sha_cloud_profiler_v2,profiler_selected,european,jax,none,10000,0.7923135999931219,0.04614251691477158,12621265.115336668,7.92313599993122e-06,,full,selected_both,diversity guard,,,,,,,,1.0,e2-standard-8,europe-west2,europe-west2-b,e2,8,10.420809313193189,0.0,93d038d,2026-06-09T19:48:00.979153+00:00
7d8db948-b52d-45a5-9082-105efd4f2031,sha_cloud_profiler_v3,profiler_selected,european,jax,none,10000,0.9171187999982067,0.10091125837641471,10903712.801459914,9.171187999982067e-06,,full,selected_both,diversity guard,,,,,,,,1.0,e2-standard-8,europe-west2,europe-west2-b,e2,8,10.420809313193189,0.0,13789b8,2026-06-09T20:43:29.317760+00:00
59529c16-3aed-421d-9c5f-b04802371616,sha_cloud_profiler_v2,sha_probe,european,jax,none,25000,1.0911815714251816,0.09272014827759656,22910944.11294698,2.727953928562954e-05,,sha_round_2,,,,2,0,,,,,1.0,e2-standard-8,europe-west2,europe-west2-b,e2,8,10.38964722998872,0.0,93d038d,2026-06-09T19:47:57.956473+00:00
98da63da-ef4d-411d-bc40-aecbc95bfd82,sha_cloud_profiler_v3,sha_probe,european,jax,none,25000,1.5608050000050102,0.16175744591189883,16017375.649052732,3.902012500012526e-05,,sha_round_2,,,,2,0,,,,,1.0,e2-standard-8,europe-west2,europe-west2-b,e2,8,10.38964722998872,0.0,13789b8,2026-06-09T20:43:25.809527+00:00
4f32f67b-62dc-4ff2-ab69-69d0867e8ee2,final_cloud_profiler_v1,profiler_selected,european,jax,none,50000,1.704138799999555,0.037237639946560486,29340333.0761632,8.520693999997776e-05,,full,selected,within 1.5x safety margin; diversity guard,,,,,,,,1.0,e2-standard-8,europe-west2,europe-west2-b,e2,8,10.427615610007502,0.0,f68fe02,2026-06-05T16:34:46.845574+00:00
d9c5c752-c912-4489-bbab-01cde25cece5,sha_cloud_profiler_v2,profiler_selected,european,jax,none,50000,2.1100368000077196,0.10403315267625232,23696269.183464985,0.00010550184000038599,,full,selected_old,diversity guard,,,,,,,,1.0,e2-standard-8,europe-west2,europe-west2-b,e2,8,10.427615610007502,0.0,c692c00,2026-06-09T19:13:02.369803+00:00
98a9cebe-6cae-4b59-b64f-78ffd0095919,sha_cloud_profiler_v2,profiler_selected,european,jax,none,50000,1.6778827999985424,0.10621581033367501,29799459.175601203,8.389413999992712e-05,,full,selected_both,diversity guard,,,,,,,,1.0,e2-standard-8,europe-west2,europe-west2-b,e2,8,10.427615610007502,0.0,93d038d,2026-06-09T19:48:01.231481+00:00
29aeed3c-8b39-4df1-9e14-5eb3768a5130,sha_cloud_profiler_v3,profiler_selected,european,jax,none,50000,2.052179800000431,0.2691925251704361,24364336.887045424,0.00010260899000002155,,full,selected_both,diversity guard,,,,,,,,1.0,e2-standard-8,europe-west2,europe-west2-b,e2,8,10.427615610007502,0.0,13789b8,2026-06-09T20:43:29.592661+00:00
d74741b0-6955-439a-aca4-01c5289fff50,final_cloud_profiler_v1,profiler_selected,european,jax,none,100000,2.374599799986754,0.11821369336344788,42112359.31231773,0.0002374599799986754,,full,selected,within 1.5x safety margin; diversity guard,,,,,,,,1.0,e2-standard-8,europe-west2,europe-west2-b,e2,8,10.444163637298749,0.0,f68fe02,2026-06-05T16:34:47.201048+00:00
e34e722e-f5f8-4fe8-8230-d9fe90fba1fe,sha_cloud_profiler_v2,profiler_selected,european,jax,none,100000,2.863145399999212,0.1610045938123245,34926623.00700046,0.00028631453999992116,,full,selected_old,diversity guard,,,,,,,,1.0,e2-standard-8,europe-west2,europe-west2-b,e2,8,10.444163637298749,0.0,c692c00,2026-06-09T19:13:02.657842+00:00
19b07897-addb-43cd-b30b-9cfc375f5b38,sha_cloud_profiler_v2,profiler_selected,european,jax,none,100000,2.5525384000019358,0.12680024349868826,39176687.80219885,0.0002552538400001936,,full,selected_both,diversity guard,,,,1.7533151152032635e-05,0.6474140285691967,2.4007291437724603,5.947383836786172,1.0,e2-standard-8,europe-west2,europe-west2-b,e2,8,10.444163637298749,0.0,93d038d,2026-06-09T19:48:01.524956+00:00
54d8ec7b-df47-4baf-b71d-721851d0c03a,sha_cloud_profiler_v3,profiler_selected,european,jax,none,100000,3.5094233999927837,0.09970685865739586,28494709.41585607,0.0003509423399992784,,full,selected_both,diversity guard,,,,2.6567570699319885e-05,0.891906391663306,3.5486634615952943,1.1181341528238309,1.0,e2-standard-8,europe-west2,europe-west2-b,e2,8,10.444163637298749,0.0,13789b8,2026-06-09T20:43:29.902556+00:00
74487e2d-9fa0-434d-9f08-14b6516bf16f,final_cloud_profiler_v1,probe_run,european,jax,reverse,1000,2.9125800000050126,0.260301417144066,343338.2087353065,2.9125800000050125e-06,,probe,,,,,,,,,,5.7596231676480505,e2-standard-8,europe-west2,europe-west2-b,e2,8,10.69890892983176,0.0,f68fe02,2026-06-05T16:34:37.945947+00:00
98faac8e-34c4-470a-aa27-40de1e82024d,sha_cloud_profiler_v2,sha_probe,european,jax,reverse,1000,2.800312666659958,0.5582380717099841,357102.9806442075,2.8003126666599578e-06,,sha_round_0,,,,0,0,,,,,4.3493561600914985,e2-standard-8,europe-west2,europe-west2-b,e2,8,10.69890892983176,0.0,c692c00,2026-06-09T19:12:50.999798+00:00
819102e2-5b84-468d-b0e0-8278ce053d91,sha_cloud_profiler_v2,sha_probe,european,jax,reverse,1000,2.800312666659958,0.5582380717099841,357102.9806442075,2.8003126666599578e-06,,sha_round_0,,,,0,1,,,,,4.3493561600914985,e2-standard-8,europe-west2,europe-west2-b,e2,8,10.69890892983176,0.0,c692c00,2026-06-09T19:12:57.800460+00:00
90f73e45-2251-49ad-9f78-666ea4868bb5,sha_cloud_profiler_v2,sha_probe,european,jax,reverse,1000,2.3630909999970604,0.20157200089953536,423174.56246976694,2.36309099999706e-06,,sha_round_0,,,,0,0,,,,,6.0861950254611985,e2-standard-8,europe-west2,europe-west2-b,e2,8,10.69890892983176,0.2578125,93d038d,2026-06-09T19:47:49.827178+00:00
d38f4a1b-74c9-413e-9dcc-d0e8aad88f0d,sha_cloud_profiler_v2,sha_probe,european,jax,reverse,1000,2.3630909999970604,0.20157200089953536,423174.56246976694,2.36309099999706e-06,,sha_round_0,,,,0,1,,,,,6.0861950254611985,e2-standard-8,europe-west2,europe-west2-b,e2,8,10.69890892983176,0.2578125,93d038d,2026-06-09T19:47:55.977702+00:00
e72211f7-d68d-4b66-9034-ce64c298cce9,sha_cloud_profiler_v3,sha_probe,european,jax,reverse,1000,3.1120846666681246,0.5635755807941094,321328.01871056575,3.1120846666681247e-06,,sha_round_0,,,,0,0,,,,,4.439155366233795,e2-standard-8,europe-west2,europe-west2-b,e2,8,10.69890892983176,0.0,13789b8,2026-06-09T20:43:17.205841+00:00
e3bd7b2f-b152-4e5b-880d-4276d4af3f30,sha_cloud_profiler_v3,sha_probe,european,jax,reverse,1000,3.1120846666681246,0.5635755807941094,321328.01871056575,3.1120846666681247e-06,,sha_round_0,,,,0,1,,,,,4.439155366233795,e2-standard-8,europe-west2,europe-west2-b,e2,8,10.69890892983176,0.0,13789b8,2026-06-09T20:43:23.348284+00:00
26e82d30-e4b5-42d8-ae0e-4dd4514e1126,final_cloud_profiler_v1,grid_search_full,european,jax,reverse,10000,3.36124859999245,0.07822625735282933,2975084.913392738,3.3612485999924504e-05,,full,full_grid_only,dominated or outside 1.5x margin (score=2.71 vs best=0.15),,,,,,,,3.6410707097285546,e2-standard-8,europe-west2,europe-west2-b,e2,8,10.420809313193189,0.0,f68fe02,2026-06-05T16:34:48.047169+00:00
d90b3c78-98b3-4fc9-853d-cfcb0bbac4a7,sha_cloud_profiler_v2,grid_search_full,european,jax,reverse,10000,2.838879200004385,0.5164459196017586,3522516.9144162787,2.838879200004385e-05,,full,full_grid_only,dominated or outside 1.5x margin (score=2.94 vs best=0.13),,,,,,,,3.5510305681915084,e2-standard-8,europe-west2,europe-west2-b,e2,8,10.420809313193189,0.0,c692c00,2026-06-09T19:13:03.361426+00:00
28317943-e308-4f82-b2ea-e5346fcacc0d,sha_cloud_profiler_v2,grid_search_full,european,jax,reverse,10000,2.479863999994336,0.14861693167382808,4032479.200481494,2.4798639999943363e-05,,full,full_grid_only,dominated or outside 1.5x margin (score=2.18 vs best=0.11),,,,,,,,2.7451570780760757,e2-standard-8,europe-west2,europe-west2-b,e2,8,10.420809313193189,0.0,93d038d,2026-06-09T19:48:02.312313+00:00
fae737ec-856c-4c69-b79a-fe8309b922e5,sha_cloud_profiler_v3,grid_search_full,european,jax,reverse,10000,3.791078000000425,0.44738699689608113,2637772.158736612,3.791078000000425e-05,,full,full_grid_only,dominated or outside 1.5x margin (score=3.16 vs best=0.04),,,,,,,,3.349250263976612,e2-standard-8,europe-west2,europe-west2-b,e2,8,10.420809313193189,0.0,13789b8,2026-06-09T20:43:30.805965+00:00
67667029-a5fa-40b4-bd5b-182226064160,final_cloud_profiler_v1,grid_search_full,european,jax,reverse,50000,4.2141695999987405,0.13102290856297485,11864733.683242114,0.00021070847999993703,,full,full_grid_only,dominated or outside 1.5x margin (score=2.71 vs best=0.15),,,,,,,,2.5906924727170924,e2-standard-8,europe-west2,europe-west2-b,e2,8,10.427615610007502,0.0,f68fe02,2026-06-05T16:34:48.373060+00:00
0d984401-9806-45ba-b125-84e86ff2d4c0,sha_cloud_profiler_v2,grid_search_full,european,jax,reverse,50000,3.603817200001913,0.29676826925012767,13874177.635861624,0.00018019086000009565,,full,full_grid_only,dominated or outside 1.5x margin (score=2.94 vs best=0.13),,,,,,,,2.027278745389257,e2-standard-8,europe-west2,europe-west2-b,e2,8,10.427615610007502,0.0,c692c00,2026-06-09T19:13:03.627238+00:00
7088bad6-558b-4945-a24f-dabe3080d073,sha_cloud_profiler_v2,grid_search_full,european,jax,reverse,50000,4.081193200005373,0.6013479115966249,12251319.050500764,0.00020405966000026866,,full,full_grid_only,dominated or outside 1.5x margin (score=2.18 vs best=0.11),,,,,,,,2.092132518766546,e2-standard-8,europe-west2,europe-west2-b,e2,8,10.427615610007502,0.0,93d038d,2026-06-09T19:48:02.575310+00:00
2b746bd7-b356-4eff-9c34-801d2f507d9a,sha_cloud_profiler_v3,grid_search_full,european,jax,reverse,50000,5.72830259999364,0.5033356964324739,8728589.16357797,0.000286415129999682,,full,full_grid_only,dominated or outside 1.5x margin (score=3.16 vs best=0.04),,,,,,,,2.485818866103883,e2-standard-8,europe-west2,europe-west2-b,e2,8,10.427615610007502,0.0,13789b8,2026-06-09T20:43:31.102491+00:00
1cd7fb65-b5ca-4ab7-b1a7-2d6a244f36f8,final_cloud_profiler_v1,grid_search_full,european,jax,reverse,100000,5.15179020000005,0.25434777361387406,19410728.332842246,0.0005151790200000051,,full,full_grid_only,dominated or outside 1.5x margin (score=2.71 vs best=0.15),,,,,,,,2.2636181155805275,e2-standard-8,europe-west2,europe-west2-b,e2,8,10.444163637298749,0.0,f68fe02,2026-06-05T16:34:48.738066+00:00
1deaefe1-b412-495a-9207-0e763289d1ec,sha_cloud_profiler_v2,grid_search_full,european,jax,reverse,100000,5.318841399997609,0.38653065173114176,18801087.018696394,0.0005318841399997609,,full,full_grid_only,dominated or outside 1.5x margin (score=2.94 vs best=0.13),,,,,,,,2.1383583640079094,e2-standard-8,europe-west2,europe-west2-b,e2,8,10.444163637298749,0.2578125,c692c00,2026-06-09T19:13:03.930041+00:00
0966e67f-aa05-4bf8-b1fd-dab769535597,sha_cloud_profiler_v2,grid_search_full,european,jax,reverse,100000,5.48093280000046,0.33853175145274683,18245069.525390204,0.000548093280000046,,full,full_grid_only,dominated or outside 1.5x margin (score=2.18 vs best=0.11),,,,,,,,2.308441756177145,e2-standard-8,europe-west2,europe-west2-b,e2,8,10.444163637298749,0.2578125,93d038d,2026-06-09T19:48:02.864508+00:00
4c3ad871-878a-419e-ac16-4372b0fb6bc3,sha_cloud_profiler_v3,grid_search_full,european,jax,reverse,100000,7.853863199994749,0.5738893692231284,12732587.448183062,0.000785386319999475,,full,full_grid_only,dominated or outside 1.5x margin (score=3.16 vs best=0.04),,,,,,,,2.4855444747453777,e2-standard-8,europe-west2,europe-west2-b,e2,8,10.444163637298749,0.0,13789b8,2026-06-09T20:43:31.441632+00:00
d0dad81f-302a-4932-9e07-306ed10b4a52,sha_cloud_profiler_v3,sha_probe,european,rust,none,1000,0.23619633332335374,0.09674037885945162,4233765.9773532385,2.3619633332335374e-07,,sha_round_0,,,,0,0,,,,,1.0,e2-standard-8,europe-west2,europe-west2-b,e2,8,10.706412796366687,0.0,13789b8,2026-06-09T20:43:17.229715+00:00
59f5e5bd-633b-48e1-b497-cf698db93c98,sha_cloud_profiler_v3,sha_probe,european,rust,none,1000,0.23619633332335374,0.09674037885945162,4233765.9773532385,2.3619633332335374e-07,,sha_round_0,,,,0,1,,,,,1.0,e2-standard-8,europe-west2,europe-west2-b,e2,8,10.706412796366687,0.0,13789b8,2026-06-09T20:43:23.355895+00:00
5c2b5416-aa3e-41b0-9589-053dfa82f310,sha_cloud_profiler_v3,profiler_selected,european,rust,none,10000,0.2908577999960471,0.03533796078944611,34381061.8114278,2.908577999960471e-06,,full,selected_old,diversity guard,,,,,,,,1.0,e2-standard-8,europe-west2,europe-west2-b,e2,8,11.881529020487632,0.0,13789b8,2026-06-09T20:43:31.741773+00:00
4d7e07c4-aca2-4c39-ac76-86df7a80f222,sha_cloud_profiler_v3,profiler_selected,european,rust,none,50000,0.3889895999975579,0.038950387008449834,128538140.86626971,1.9449479999877894e-05,,full,selected_old,diversity guard,,,,,,,,1.0,e2-standard-8,europe-west2,europe-west2-b,e2,8,10.867209313551271,0.0,13789b8,2026-06-09T20:43:31.759736+00:00
381bedfd-e0d4-4d0b-b307-b545ba2a6364,sha_cloud_profiler_v3,profiler_selected,european,rust,none,100000,0.5296030000067731,0.0754634238344039,188820682.6598813,5.296030000067731e-05,,full,selected_old,diversity guard,,,,,,,,1.0,e2-standard-8,europe-west2,europe-west2-b,e2,8,10.98207163282066,0.0,13789b8,2026-06-09T20:43:31.775023+00:00
a3136f48-54a5-4988-8eb2-d318702fc14a,sha_cloud_profiler_v3,sha_probe,european_local_vol,cpp,none,1000,3.030814666667917,0.06735938925237343,329944.2922055679,3.030814666667917e-06,,sha_round_0,,,,0,0,,,,,1.0,e2-standard-8,europe-west2,europe-west2-b,e2,8,10.745751188790544,0.0,13789b8,2026-06-09T20:43:18.394734+00:00
29f33ce6-1ff4-4059-aac9-62b16863998a,sha_cloud_profiler_v3,sha_probe,european_local_vol,cpp,none,1000,3.030814666667917,0.06735938925237343,329944.2922055679,3.030814666667917e-06,,sha_round_0,,,,0,1,,,,,1.0,e2-standard-8,europe-west2,europe-west2-b,e2,8,10.745751188790544,0.0,13789b8,2026-06-09T20:43:23.390852+00:00
a7a15455-fe58-4dff-b63b-6fbedbb29f9a,sha_cloud_profiler_v3,profiler_selected,european_local_vol,cpp,none,10000,29.304585199997746,0.2173180442144598,341243.5266273883,0.0002930458519999775,,full,selected_both,within 1.5x safety margin; diversity guard,,,,,,,,1.0,e2-standard-8,europe-west2,europe-west2-b,e2,8,10.419202150133177,0.0,13789b8,2026-06-09T20:44:55.521816+00:00
329f6060-b607-4a6d-a8b0-bf43fcdb781b,sha_cloud_profiler_v3,profiler_selected,european_local_vol,cpp,none,50000,146.44596520000164,0.8274107165729332,341422.8581286952,0.007322298260000082,,full,selected_both,within 1.5x safety margin; diversity guard,,,,,,,,1.0,e2-standard-8,europe-west2,europe-west2-b,e2,8,10.472770226987553,0.0,13789b8,2026-06-09T20:44:56.556403+00:00
aee6bfeb-4fca-43e4-b91d-a3d5358dfb9a,sha_cloud_profiler_v3,profiler_selected,european_local_vol,cpp,none,100000,293.7971839999932,1.1169304021718132,340370.8593748887,0.02937971839999932,,full,selected_both,within 1.5x safety margin; diversity guard,,,,,,,,1.0,e2-standard-8,europe-west2,europe-west2-b,e2,8,10.457469168174457,0.0,13789b8,2026-06-09T20:44:58.631491+00:00
5557b53c-775e-4ea9-8ab5-b198ae561d89,final_cloud_profiler_v1,probe_run,european_local_vol,cpu,none,1000,19.85026833333829,0.05564855829322843,50377.15275216265,1.9850268333338288e-05,,probe,,,,,,,,,,1.0,e2-standard-8,europe-west2,europe-west2-b,e2,8,10.617705144273907,0.0,f68fe02,2026-06-05T16:34:38.034961+00:00
ecb04b1f-2cd6-49ef-aac2-50056bb65cbb,sha_cloud_profiler_v2,sha_probe,european_local_vol,cpu,none,1000,15.48808133333542,1.4012938059905469,64565.77664320968,1.548808133333542e-05,,sha_round_0,,,,0,0,,,,,1.0,e2-standard-8,europe-west2,europe-west2-b,e2,8,10.617705144273907,0.0,c692c00,2026-06-09T19:12:51.470606+00:00
fa622410-57fb-48d7-82c9-b8a3ce603fe4,sha_cloud_profiler_v2,sha_probe,european_local_vol,cpu,none,1000,15.48808133333542,1.4012938059905469,64565.77664320968,1.548808133333542e-05,,sha_round_0,,,,0,1,,,,,1.0,e2-standard-8,europe-west2,europe-west2-b,e2,8,10.617705144273907,0.0,c692c00,2026-06-09T19:12:57.807703+00:00
deefa916-ec07-4abd-b2b1-a333b3f06c51,sha_cloud_profiler_v2,sha_probe,european_local_vol,cpu,none,1000,13.789345999995817,0.14612574494951058,72519.75546920813,1.3789345999995818e-05,,sha_round_0,,,,0,0,,,,,1.0,e2-standard-8,europe-west2,europe-west2-b,e2,8,10.617705144273907,0.0,93d038d,2026-06-09T19:47:50.067334+00:00
c9ba30b8-8e31-46eb-9423-30b6a0d94f86,sha_cloud_profiler_v2,sha_probe,european_local_vol,cpu,none,1000,13.789345999995817,0.14612574494951058,72519.75546920813,1.3789345999995818e-05,,sha_round_0,,,,0,1,,,,,1.0,e2-standard-8,europe-west2,europe-west2-b,e2,8,10.617705144273907,0.0,93d038d,2026-06-09T19:47:55.983096+00:00
4ca466e0-deda-49cf-bf51-1e6662cc8216,sha_cloud_profiler_v3,sha_probe,european_local_vol,cpu,none,1000,13.871711333327616,0.1160006012469687,72089.1587181057,1.3871711333327615e-05,,sha_round_0,,,,0,0,,,,,1.0,e2-standard-8,europe-west2,europe-west2-b,e2,8,10.617705144273907,0.0,13789b8,2026-06-09T20:43:17.299757+00:00
0def4ade-bfe5-4bfc-bdd1-282171313471,sha_cloud_profiler_v3,sha_probe,european_local_vol,cpu,none,1000,13.871711333327616,0.1160006012469687,72089.1587181057,1.3871711333327615e-05,,sha_round_0,,,,0,1,,,,,1.0,e2-standard-8,europe-west2,europe-west2-b,e2,8,10.617705144273907,0.0,13789b8,2026-06-09T20:43:23.364594+00:00
0f6b5e5a-fab9-47eb-b8fb-0ec4a6be7b3d,final_cloud_profiler_v1,profiler_selected,european_local_vol,cpu,none,10000,146.17425780000417,0.6130589742035613,68411.49837532963,0.0014617425780000417,,full,selected,diversity guard,,,,,,,,1.0,e2-standard-8,europe-west2,europe-west2-b,e2,8,10.602178772105725,0.0,f68fe02,2026-06-05T16:34:49.780750+00:00
47af6853-3528-4437-a804-ec0d3ba125d1,sha_cloud_profiler_v2,profiler_selected,european_local_vol,cpu,none,10000,99.34870440000054,0.6153848359506235,100655.5652677434,0.0009934870440000054,,full,selected_old,diversity guard,,,,,,,,1.0,e2-standard-8,europe-west2,europe-west2-b,e2,8,10.602178772105725,0.0,c692c00,2026-06-09T19:13:04.643085+00:00
a5336ea0-a69a-4b14-99cc-ff39df68d024,sha_cloud_profiler_v2,profiler_selected,european_local_vol,cpu,none,10000,98.87093979999975,0.6454595695595668,101141.95354295625,0.0009887093979999975,,full,selected_old,diversity guard,,,,,,,,1.0,e2-standard-8,europe-west2,europe-west2-b,e2,8,10.602178772105725,0.0,93d038d,2026-06-09T19:48:03.569531+00:00
7d402ebf-9210-4f47-85cc-194a77879025,sha_cloud_profiler_v3,profiler_selected,european_local_vol,cpu,none,10000,105.27812760000188,6.1797087571429214,94986.49176203454,0.0010527812760000187,,full,selected_old,diversity guard,,,,,,,,1.0,e2-standard-8,europe-west2,europe-west2-b,e2,8,10.602178772105725,0.0,13789b8,2026-06-09T20:43:32.532416+00:00
883e67a1-ba0e-44ae-85e9-3b154a2780d6,final_cloud_profiler_v1,profiler_selected,european_local_vol,cpu,none,50000,857.8078099999914,1.9875905402596492,58288.11467687675,0.04289039049999957,,full,selected,diversity guard,,,,,,,,1.0,e2-standard-8,europe-west2,europe-west2-b,e2,8,10.497984162229226,0.0,f68fe02,2026-06-05T16:34:55.811472+00:00
37c3967b-e66d-4dd0-b613-e0799dda85e6,sha_cloud_profiler_v2,profiler_selected,european_local_vol,cpu,none,50000,598.1530291999945,7.58983942005828,83590.64914687964,0.029907651459999726,,full,selected_old,diversity guard,,,,,,,,1.0,e2-standard-8,europe-west2,europe-west2-b,e2,8,10.497984162229226,0.0,c692c00,2026-06-09T19:13:08.807836+00:00
ecdb3092-d5e6-4f44-95fc-ae3d806b5be4,sha_cloud_profiler_v2,profiler_selected,european_local_vol,cpu,none,50000,602.0974937999995,3.5960407045154277,83043.02960046641,0.030104874689999974,,full,selected_old,diversity guard,,,,,,,,1.0,e2-standard-8,europe-west2,europe-west2-b,e2,8,10.497984162229226,0.0,93d038d,2026-06-09T19:48:07.802164+00:00
2611bedb-5063-410c-9694-530c803b394a,sha_cloud_profiler_v3,profiler_selected,european_local_vol,cpu,none,50000,674.4430869999974,28.863023624681755,74135.23982046568,0.03372215434999987,,full,selected_old,diversity guard,,,,,,,,1.0,e2-standard-8,europe-west2,europe-west2-b,e2,8,10.497984162229226,0.0,13789b8,2026-06-09T20:43:37.237288+00:00
8445bbee-1708-45b7-b833-52c90d70ebb9,final_cloud_profiler_v1,profiler_selected,european_local_vol,cpu,none,100000,1708.9577685999927,8.089136500324477,58515.19671075412,0.17089577685999927,,full,selected,diversity guard,,,,,,,,1.0,e2-standard-8,europe-west2,europe-west2-b,e2,8,10.493294790051618,0.37109375,f68fe02,2026-06-05T16:35:07.760226+00:00
7849d5ae-314d-437d-9cf5-3b137b1964a0,sha_cloud_profiler_v2,profiler_selected,european_local_vol,cpu,none,100000,1084.487744400002,21.142500585450563,92209.43299393899,0.10844877444000019,,full,selected_old,diversity guard,,,,,,,,1.0,e2-standard-8,europe-west2,europe-west2-b,e2,8,10.493294790051618,0.0,c692c00,2026-06-09T19:13:16.430293+00:00
6f8bdb14-4f53-4add-9a10-337f78e19c5e,sha_cloud_profiler_v2,profiler_selected,european_local_vol,cpu,none,100000,1105.8294481999978,7.187560223888386,90429.85802446655,0.11058294481999978,,full,selected_old,diversity guard,,,,,,,,1.0,e2-standard-8,europe-west2,europe-west2-b,e2,8,10.493294790051618,0.0,93d038d,2026-06-09T19:48:15.562635+00:00
52a25008-90e1-40c5-a729-b7d8310015be,sha_cloud_profiler_v3,profiler_selected,european_local_vol,cpu,none,100000,1177.490802999995,17.299146684013138,84926.35334834155,0.11774908029999949,,full,selected_old,diversity guard,,,,,,,,1.0,e2-standard-8,europe-west2,europe-west2-b,e2,8,10.493294790051618,0.0,13789b8,2026-06-09T20:43:45.546203+00:00
fac1e416-b71b-4c86-b6b2-cdb62f7bd0ff,final_cloud_profiler_v1,probe_run,european_local_vol,jax,forward,1000,67.85246799999338,1.3769024843406243,14737.857435047132,6.785246799999337e-05,,probe,,,,,,,,,,4.60802616747301,e2-standard-8,europe-west2,europe-west2-b,e2,8,10.338233718138095,4.89453125,f68fe02,2026-06-05T16:34:38.643897+00:00
08a55a21-6f65-404a-b458-1b79b595e8b1,sha_cloud_profiler_v2,sha_probe,european_local_vol,jax,forward,1000,48.637948666666375,0.816773342074536,20560.077622791316,4.863794866666637e-05,,sha_round_0,,,,0,0,,,,,3.894632144726968,e2-standard-8,europe-west2,europe-west2-b,e2,8,10.338233718138095,7.21484375,c692c00,2026-06-09T19:12:52.583936+00:00
1d9eb0e5-b2cd-4216-b897-a7f9bded51a6,sha_cloud_profiler_v2,sha_probe,european_local_vol,jax,forward,1000,48.637948666666375,0.816773342074536,20560.077622791316,4.863794866666637e-05,,sha_round_0,,,,0,1,,,,,3.894632144726968,e2-standard-8,europe-west2,europe-west2-b,e2,8,10.338233718138095,7.21484375,c692c00,2026-06-09T19:12:57.813998+00:00
dc1f7ebf-cae6-419b-850c-63fba703afbc,sha_cloud_profiler_v2,sha_probe,european_local_vol,jax,forward,1000,46.19684366666851,0.43055735649149224,21646.500510196332,4.619684366666851e-05,,sha_round_0,,,,0,0,,,,,4.2575492873422895,e2-standard-8,europe-west2,europe-west2-b,e2,8,10.338233718138095,4.37890625,93d038d,2026-06-09T19:47:50.568819+00:00
908244d1-48d3-46d8-a1c4-0ce542d43b72,sha_cloud_profiler_v2,sha_probe,european_local_vol,jax,forward,1000,46.19684366666851,0.43055735649149224,21646.500510196332,4.619684366666851e-05,,sha_round_0,,,,0,1,,,,,4.2575492873422895,e2-standard-8,europe-west2,europe-west2-b,e2,8,10.338233718138095,4.37890625,93d038d,2026-06-09T19:47:55.988648+00:00
6e63b288-20b7-4380-8f35-cc6a48aba6bc,sha_cloud_profiler_v3,sha_probe,european_local_vol,jax,forward,1000,46.2619899999955,0.6704807089729824,21616.017815059346,4.62619899999955e-05,,sha_round_0,,,,0,0,,,,,3.984347110073831,e2-standard-8,europe-west2,europe-west2-b,e2,8,10.338233718138095,4.6328125,13789b8,2026-06-09T20:43:17.776416+00:00
58f962ae-49ec-4516-ac7f-066156f2026c,sha_cloud_profiler_v3,sha_probe,european_local_vol,jax,forward,1000,46.2619899999955,0.6704807089729824,21616.017815059346,4.62619899999955e-05,,sha_round_0,,,,0,1,,,,,3.984347110073831,e2-standard-8,europe-west2,europe-west2-b,e2,8,10.338233718138095,4.6328125,13789b8,2026-06-09T20:43:23.372249+00:00
8d033385-45ff-4f9d-baf4-b6aa9e9c94d6,final_cloud_profiler_v1,grid_search_full,european_local_vol,jax,forward,10000,641.8219003999923,2.3116538114440948,15580.646272381577,0.006418219003999922,,full,full_grid_only,dominated or outside 1.5x margin (score=61.53 vs best=6.67),,,,,,,,5.481492776856883,e2-standard-8,europe-west2,europe-west2-b,e2,8,10.72713156721504,0.0,f68fe02,2026-06-05T16:35:21.687550+00:00
89dbc365-3be5-46ef-b95b-d8fb0552d8af,sha_cloud_profiler_v2,grid_search_full,european_local_vol,jax,forward,10000,459.87794399998734,5.175496599597104,21744.900207695708,0.004598779439999874,,full,full_grid_only,dominated or outside 1.5x margin (score=43.41 vs best=6.71),,,,,,,,5.425792235278703,e2-standard-8,europe-west2,europe-west2-b,e2,8,10.72713156721504,0.0,c692c00,2026-06-09T19:13:26.262885+00:00
a3acf09b-ec14-4fe0-94bc-66a194a5ae09,sha_cloud_profiler_v2,grid_search_full,european_local_vol,jax,forward,10000,464.3734565999978,3.679793040056088,21534.39189487052,0.004643734565999978,,full,full_grid_only,dominated or outside 1.5x margin (score=41.09 vs best=5.75),,,,,,,,5.631734248272547,e2-standard-8,europe-west2,europe-west2-b,e2,8,10.72713156721504,0.0,93d038d,2026-06-09T19:48:25.513660+00:00
236fcb3b-9d2a-4603-b2a1-1b5e98db08da,sha_cloud_profiler_v3,grid_search_full,european_local_vol,jax,forward,10000,463.03726919999804,4.268621481177147,21596.533724547204,0.0046303726919999805,,full,full_grid_only,dominated or outside 1.5x margin (score=40.97 vs best=2.60),,,,,,,,5.345197067268035,e2-standard-8,europe-west2,europe-west2-b,e2,8,10.72713156721504,38.2265625,13789b8,2026-06-09T20:43:55.665685+00:00
6f71a1e3-fc8b-4c16-b518-5f2e3398a4ba,final_cloud_profiler_v1,grid_search_full,european_local_vol,jax,forward,50000,1785.1716432000046,14.954279646044334,28008.511221012133,0.08925858216000024,,full,full_grid_only,dominated or outside 1.5x margin (score=61.53 vs best=6.67),,,,,,,,5.884834513335859,e2-standard-8,europe-west2,europe-west2-b,e2,8,10.398122891668713,0.35546875,f68fe02,2026-06-05T16:35:36.537160+00:00
6e49a698-a99d-419f-8103-6a53222f724a,sha_cloud_profiler_v2,grid_search_full,european_local_vol,jax,forward,50000,1565.0449519999995,48.26468658045792,31947.964137454383,0.07825224759999998,,full,full_grid_only,dominated or outside 1.5x margin (score=43.41 vs best=6.71),,,,,,,,7.248157604139498,e2-standard-8,europe-west2,europe-west2-b,e2,8,10.398122891668713,0.05859375,c692c00,2026-06-09T19:13:38.925396+00:00
819ab43a-c057-47f9-8eb7-ceb63d964e0d,sha_cloud_profiler_v2,grid_search_full,european_local_vol,jax,forward,50000,1531.3317543999915,35.435210180347966,32651.317950100933,0.07656658771999958,,full,full_grid_only,dominated or outside 1.5x margin (score=41.09 vs best=5.75),,,,,,,,7.178101950487778,e2-standard-8,europe-west2,europe-west2-b,e2,8,10.398122891668713,0.0,93d038d,2026-06-09T19:48:37.840493+00:00
f94ba858-84ca-4b9a-9165-c3112d7c0c08,sha_cloud_profiler_v3,grid_search_full,european_local_vol,jax,forward,50000,1690.352564199992,18.974299232432195,29579.627977589364,0.08451762820999961,,full,full_grid_only,dominated or outside 1.5x margin (score=40.97 vs best=2.60),,,,,,,,7.674564947263873,e2-standard-8,europe-west2,europe-west2-b,e2,8,10.398122891668713,0.16796875,13789b8,2026-06-09T20:44:09.375470+00:00
ae605b54-c526-4b81-8e42-f8adb21887f6,final_cloud_profiler_v1,grid_search_full,european_local_vol,jax,forward,100000,3127.9614132000006,89.34489635067679,31969.703839056292,0.31279614132000005,,full,full_grid_only,dominated or outside 1.5x margin (score=61.53 vs best=6.67),,,,,,,,5.300826445879251,e2-standard-8,europe-west2,europe-west2-b,e2,8,10.490112213077344,0.1640625,f68fe02,2026-06-05T16:36:02.715372+00:00
f67699cf-7de1-499a-9db1-9385972086a2,sha_cloud_profiler_v2,grid_search_full,european_local_vol,jax,forward,100000,2982.0061676000023,27.27499700367445,33534.47121824119,0.2982006167600002,,full,full_grid_only,dominated or outside 1.5x margin (score=43.41 vs best=6.71),,,,,,,,7.116370822688305,e2-standard-8,europe-west2,europe-west2-b,e2,8,10.490112213077344,0.0703125,c692c00,2026-06-09T19:14:02.926137+00:00
9730bbf7-d8f0-46c3-bd3b-aaf4aa8c0e96,sha_cloud_profiler_v2,grid_search_full,european_local_vol,jax,forward,100000,2882.836296000005,33.79448045285031,34688.06055298806,0.2882836296000005,,full,full_grid_only,dominated or outside 1.5x margin (score=41.09 vs best=5.75),,,,,,,,7.062124317807647,e2-standard-8,europe-west2,europe-west2-b,e2,8,10.490112213077344,0.0234375,93d038d,2026-06-09T19:49:01.072656+00:00
6eb9bf98-c7d3-4c72-b440-4df0264b914e,sha_cloud_profiler_v3,grid_search_full,european_local_vol,jax,forward,100000,3197.654609799997,104.8061203041716,31272.921000762704,0.3197654609799997,,full,full_grid_only,dominated or outside 1.5x margin (score=40.97 vs best=2.60),,,,,,,,7.648322575367857,e2-standard-8,europe-west2,europe-west2-b,e2,8,10.490112213077344,0.25,13789b8,2026-06-09T20:44:34.667308+00:00
321cb355-d082-4e14-a10a-eafc9873920a,final_cloud_profiler_v1,probe_run,european_local_vol,jax,none,1000,14.256492999995393,0.11556535557590794,70143.47778239172,1.4256492999995393e-05,,probe,,,,,,,,,,1.0,e2-standard-8,europe-west2,europe-west2-b,e2,8,10.338233718138095,2.3203125,f68fe02,2026-06-05T16:34:38.100922+00:00
f09b2a4e-584b-420d-8ef5-fbb14b0d0b7b,sha_cloud_profiler_v2,sha_probe,european_local_vol,jax,none,1000,12.622932000004047,0.1322681917148277,79220.89733190984,1.2622932000004045e-05,,sha_round_0,,,,0,0,,,,,1.0,e2-standard-8,europe-west2,europe-west2-b,e2,8,10.338233718138095,0.0,c692c00,2026-06-09T19:12:52.037465+00:00
223ec85b-f7cd-4322-96dd-08b1a5ec888d,sha_cloud_profiler_v2,sha_probe,european_local_vol,jax,none,1000,11.100658333328775,0.19492708210366388,90084.7472259898,1.1100658333328776e-05,,sha_round_0,,,,0,0,,,,,1.0,e2-standard-8,europe-west2,europe-west2-b,e2,8,10.338233718138095,0.2578125,93d038d,2026-06-09T19:47:50.152068+00:00
c69a3bf0-ec2d-448f-9cc4-e6387fbc4d7f,sha_cloud_profiler_v3,sha_probe,european_local_vol,jax,none,1000,11.518891333347861,0.053239102831210194,86813.91038953044,1.1518891333347861e-05,,sha_round_0,,,,0,0,,,,,1.0,e2-standard-8,europe-west2,europe-west2-b,e2,8,10.338233718138095,0.0,13789b8,2026-06-09T20:43:17.356197+00:00
7bf9e67c-95e8-43af-b246-a21dfd1eb957,sha_cloud_profiler_v2,sha_probe,european_local_vol,jax,none,5000,44.548120600001084,1.3990449313389404,112238.18048117339,0.00022274060300000542,,sha_round_1,,,,1,0,,,,,1.0,e2-standard-8,europe-west2,europe-west2-b,e2,8,10.858841281852154,0.0,c692c00,2026-06-09T19:12:58.492289+00:00
76e4c35f-dfbd-433a-8454-c5c621d15a95,sha_cloud_profiler_v2,sha_probe,european_local_vol,jax,none,5000,41.84760080000274,0.665014096551934,119481.16270502354,0.0002092380040000137,,sha_round_1,,,,1,0,,,,,1.0,e2-standard-8,europe-west2,europe-west2-b,e2,8,10.858841281852154,0.0,93d038d,2026-06-09T19:47:56.902955+00:00
2fd3d1f4-7feb-4786-807a-9fffcef028a9,sha_cloud_profiler_v3,sha_probe,european_local_vol,jax,none,5000,45.34814320000464,0.46371151249519216,110258.09762370794,0.0002267407160000232,,sha_round_1,,,,1,0,,,,,1.0,e2-standard-8,europe-west2,europe-west2-b,e2,8,10.858841281852154,0.0,13789b8,2026-06-09T20:43:24.391317+00:00
5e182c3a-15c4-45f5-954b-0d98f709a8a1,final_cloud_profiler_v1,profiler_selected,european_local_vol,jax,none,10000,117.80194599999163,0.7716274234315065,84888.24115011402,0.0011780194599999164,,full,selected,top-3 probe Pareto; diversity guard; fastest probe runtime,,,,,,,,1.0,e2-standard-8,europe-west2,europe-west2-b,e2,8,10.72713156721504,0.0,f68fe02,2026-06-05T16:35:09.050947+00:00
9a16080e-41e3-4609-a4b7-76bec5e5cb3e,sha_cloud_profiler_v2,profiler_selected,european_local_vol,jax,none,10000,82.78225999999904,0.5241000694255837,120798.82815472924,0.0008278225999999904,,full,selected_both,top-3 probe Pareto; diversity guard; fastest probe runtime,,,,,,,,1.0,e2-standard-8,europe-west2,europe-west2-b,e2,8,10.72713156721504,0.0,c692c00,2026-06-09T19:13:17.362806+00:00
802f723d-19fc-412c-8869-ca3be117e8ba,sha_cloud_profiler_v2,profiler_selected,european_local_vol,jax,none,10000,83.39405719999888,1.024238822510286,119912.62130366926,0.0008339405719999889,,full,selected_both,top-3 probe Pareto; diversity guard; fastest probe runtime,,,,,,,,1.0,e2-standard-8,europe-west2,europe-west2-b,e2,8,10.72713156721504,0.0,93d038d,2026-06-09T19:48:16.468704+00:00
1634a5e1-34ba-4d6a-898e-e32ffe5ae818,sha_cloud_profiler_v3,profiler_selected,european_local_vol,jax,none,10000,86.86433199999328,0.831291646680464,115122.05032556715,0.0008686433199999328,,full,selected_both,diversity guard,,,,,,,,1.0,e2-standard-8,europe-west2,europe-west2-b,e2,8,10.72713156721504,0.0,13789b8,2026-06-09T20:43:46.496249+00:00
faa95e28-6deb-4666-93c0-f1eb482019ff,sha_cloud_profiler_v2,sha_probe,european_local_vol,jax,none,25000,136.83202085713577,7.76875067255883,182705.77196329006,0.0034208005214283943,,sha_round_2,,,,2,0,,,,,1.0,e2-standard-8,europe-west2,europe-west2-b,e2,8,10.548734688295786,0.55859375,c692c00,2026-06-09T19:13:00.293893+00:00
f5f0a570-b4b0-4d8d-b733-b3b787bb5095,sha_cloud_profiler_v2,sha_probe,european_local_vol,jax,none,25000,135.8403082857121,5.7996706679343815,184039.62944060503,0.0033960077071428026,,sha_round_2,,,,2,0,,,,,1.0,e2-standard-8,europe-west2,europe-west2-b,e2,8,10.548734688295786,0.515625,93d038d,2026-06-09T19:47:59.472569+00:00
dc3cb34a-3500-43c3-8e0d-0f43f2fb621e,sha_cloud_profiler_v3,sha_probe,european_local_vol,jax,none,25000,145.68795657142783,6.050512084743379,171599.63382246363,0.0036421989142856955,,sha_round_2,,,,2,0,,,,,1.0,e2-standard-8,europe-west2,europe-west2-b,e2,8,10.548734688295786,0.57421875,13789b8,2026-06-09T20:43:27.479398+00:00
2428cd5a-1d96-4c82-ab45-e9d3ddf14610,final_cloud_profiler_v1,profiler_selected,european_local_vol,jax,none,50000,303.07332120000865,4.4880686152459734,164976.57993130732,0.015153666060000433,,full,selected,top-3 probe Pareto; diversity guard; fastest probe runtime,,,,,,,,1.0,e2-standard-8,europe-west2,europe-west2-b,e2,8,10.398122891668713,0.421875,f68fe02,2026-06-05T16:35:11.613045+00:00
833cead0-5b5c-422c-934f-a82182e2853b,sha_cloud_profiler_v2,profiler_selected,european_local_vol,jax,none,50000,212.6967155999978,4.0190347461543094,235076.50251652743,0.01063483577999989,,full,selected_both,top-3 probe Pareto; diversity guard; fastest probe runtime,,,,,,,,1.0,e2-standard-8,europe-west2,europe-west2-b,e2,8,10.398122891668713,0.1484375,c692c00,2026-06-09T19:13:19.199469+00:00
b90b45f0-1eb7-4cef-9e6d-7cfd7debb2e5,sha_cloud_profiler_v2,profiler_selected,european_local_vol,jax,none,50000,213.4851464000036,6.746790844724749,234208.33178864737,0.010674257320000179,,full,selected_both,top-3 probe Pareto; diversity guard; fastest probe runtime,,,,,,,,1.0,e2-standard-8,europe-west2,europe-west2-b,e2,8,10.398122891668713,0.01953125,93d038d,2026-06-09T19:48:18.313818+00:00
32df7bf0-01f9-4b13-a17a-11708fc33f50,sha_cloud_profiler_v3,profiler_selected,european_local_vol,jax,none,50000,223.57197659999883,5.44442518980058,223641.62432332433,0.011178598829999942,,full,selected_both,diversity guard,,,,,,,,1.0,e2-standard-8,europe-west2,europe-west2-b,e2,8,10.398122891668713,0.49609375,13789b8,2026-06-09T20:43:48.455366+00:00
7f640393-3211-4d00-96e6-37bfa8894631,final_cloud_profiler_v1,profiler_selected,european_local_vol,jax,none,100000,591.5479638000022,4.960326082931439,169047.99968816937,0.05915479638000022,,full,selected,top-3 probe Pareto; diversity guard; fastest probe runtime,,,,,,,,1.0,e2-standard-8,europe-west2,europe-west2-b,e2,8,10.490112213077344,0.0,f68fe02,2026-06-05T16:35:16.138934+00:00
5b5384ad-584d-4cea-8f3e-e3ccfd45dec8,sha_cloud_profiler_v2,profiler_selected,european_local_vol,jax,none,100000,394.1426696000008,8.846007299870667,253715.23489574448,0.039414266960000076,,full,selected_both,top-3 probe Pareto; diversity guard; fastest probe runtime,,,,0.00798129714999926,4.641634850004787,802.7713498499307,103.67532159474904,1.0,e2-standard-8,europe-west2,europe-west2-b,e2,8,10.490112213077344,0.296875,c692c00,2026-06-09T19:13:22.297181+00:00
22ff3757-91a1-4289-a67c-cbda14b681c9,sha_cloud_profiler_v2,profiler_selected,european_local_vol,jax,none,100000,409.91793540000003,12.774183520312397,243951.267715133,0.04099179354000001,,full,selected_both,top-3 probe Pareto; diversity guard; fastest probe runtime,,,,0.005036888627457746,10.881673322617857,514.5705360683925,25.530134602739913,1.0,e2-standard-8,europe-west2,europe-west2-b,e2,8,10.490112213077344,0.2109375,93d038d,2026-06-09T19:48:21.513013+00:00
1dbed1de-e524-4fc7-879e-a250f4efc4e2,sha_cloud_profiler_v3,profiler_selected,european_local_vol,jax,none,100000,411.3388375999989,9.996767894458664,243108.5782793107,0.041133883759999885,,full,selected_both,diversity guard,,,,0.005405414153839729,11.662384111916262,552.2037994958891,34.24548061587915,1.0,e2-standard-8,europe-west2,europe-west2-b,e2,8,10.490112213077344,0.0,13789b8,2026-06-09T20:43:51.632741+00:00
2bce0a0a-12d1-4ea8-912d-256286240f90,final_cloud_profiler_v1,probe_run,european_local_vol,jax,reverse,1000,38.08701500001158,0.45413960563301964,26255.667449909,3.8087015000011585e-05,,probe,,,,,,,,,,2.642762757685235,e2-standard-8,europe-west2,europe-west2-b,e2,8,10.338233718138095,0.0,f68fe02,2026-06-05T16:34:39.444022+00:00
610f3f3a-865c-4b89-bb1e-f5b1c660cb64,sha_cloud_profiler_v2,sha_probe,european_local_vol,jax,reverse,1000,27.25086333333593,0.6691538866216316,36696.085102621386,2.7250863333335927e-05,,sha_round_0,,,,0,0,,,,,2.420902156216405,e2-standard-8,europe-west2,europe-west2-b,e2,8,10.338233718138095,0.0,c692c00,2026-06-09T19:12:53.146877+00:00
c8683ec6-1132-4afd-ac34-0d717ad970fb,sha_cloud_profiler_v2,sha_probe,european_local_vol,jax,reverse,1000,27.25086333333593,0.6691538866216316,36696.085102621386,2.7250863333335927e-05,,sha_round_0,,,,0,1,,,,,2.420902156216405,e2-standard-8,europe-west2,europe-west2-b,e2,8,10.338233718138095,0.0,c692c00,2026-06-09T19:12:57.820005+00:00
00e9188e-0a5c-4ca7-a1ad-63c47e91ef5d,sha_cloud_profiler_v2,sha_probe,european_local_vol,jax,reverse,1000,28.690604333329855,0.7357765635855563,34854.6161099263,2.8690604333329854e-05,,sha_round_0,,,,0,0,,,,,2.6179753083919115,e2-standard-8,europe-west2,europe-west2-b,e2,8,10.338233718138095,0.12109375,93d038d,2026-06-09T19:47:51.429621+00:00
68804525-7678-4ee5-a32e-2721be134f13,sha_cloud_profiler_v2,sha_probe,european_local_vol,jax,reverse,1000,28.690604333329855,0.7357765635855563,34854.6161099263,2.8690604333329854e-05,,sha_round_0,,,,0,1,,,,,2.6179753083919115,e2-standard-8,europe-west2,europe-west2-b,e2,8,10.338233718138095,0.12109375,93d038d,2026-06-09T19:47:55.993837+00:00
8d73bf05-c3e4-425e-926d-99c7a626a34c,sha_cloud_profiler_v3,sha_probe,european_local_vol,jax,reverse,1000,28.615248333333437,0.344207263627869,34946.40299294961,2.8615248333333436e-05,,sha_round_0,,,,0,0,,,,,2.5699802743857054,e2-standard-8,europe-west2,europe-west2-b,e2,8,10.338233718138095,1.8515625,13789b8,2026-06-09T20:43:18.372293+00:00
d738031e-9548-453d-b948-edf6133f5bb7,sha_cloud_profiler_v3,sha_probe,european_local_vol,jax,reverse,1000,28.615248333333437,0.344207263627869,34946.40299294961,2.8615248333333436e-05,,sha_round_0,,,,0,1,,,,,2.5699802743857054,e2-standard-8,europe-west2,europe-west2-b,e2,8,10.338233718138095,1.8515625,13789b8,2026-06-09T20:43:23.379725+00:00
efb177d5-c4b3-47e3-b8ab-adf637506e90,final_cloud_profiler_v1,grid_search_full,european_local_vol,jax,reverse,10000,267.83013239999036,3.430436811531578,37337.09837049074,0.0026783013239999034,,full,full_grid_only,dominated or outside 1.5x margin (score=30.84 vs best=6.67),,,,,,,,2.281282258082175,e2-standard-8,europe-west2,europe-west2-b,e2,8,10.72713156721504,19.26171875,f68fe02,2026-06-05T16:36:05.879288+00:00
84d53ca6-b865-479d-93ae-162ad630aaa6,sha_cloud_profiler_v2,grid_search_full,european_local_vol,jax,reverse,10000,175.17208239999604,1.7981362531983132,57086.72217051994,0.0017517208239999605,,full,full_grid_only,dominated or outside 1.5x margin (score=21.88 vs best=6.71),,,,,,,,2.0914475994577844,e2-standard-8,europe-west2,europe-west2-b,e2,8,10.72713156721504,0.36328125,c692c00,2026-06-09T19:14:05.051409+00:00
f4d4d5a0-f097-48bf-8161-71bf5598bb34,sha_cloud_profiler_v2,grid_search_full,european_local_vol,jax,reverse,10000,175.74033739999777,3.0495621349797233,56902.13270297344,0.0017574033739999777,,full,full_grid_only,dominated or outside 1.5x margin (score=23.89 vs best=5.75),,,,,,,,2.069117307515116,e2-standard-8,europe-west2,europe-west2-b,e2,8,10.72713156721504,191.90625,93d038d,2026-06-09T19:49:03.215742+00:00
624f00bc-2c01-422e-8f4a-a5f4608486a9,sha_cloud_profiler_v3,grid_search_full,european_local_vol,jax,reverse,10000,179.5297135999931,1.1277033925214637,55701.08590648576,0.001795297135999931,,full,full_grid_only,dominated or outside 1.5x margin (score=23.00 vs best=2.60),,,,,,,,2.0617235421682976,e2-standard-8,europe-west2,europe-west2-b,e2,8,10.72713156721504,322.11328125,13789b8,2026-06-09T20:44:36.838442+00:00
35568d28-818c-4520-928a-add75812b014,final_cloud_profiler_v1,grid_search_full,european_local_vol,jax,reverse,50000,820.8376066000028,11.416081370214917,60913.38846803736,0.04104188033000014,,full,full_grid_only,dominated or outside 1.5x margin (score=30.84 vs best=6.67),,,,,,,,2.739029802449725,e2-standard-8,europe-west2,europe-west2-b,e2,8,10.398122891668713,10.54296875,f68fe02,2026-06-05T16:36:14.172638+00:00
af5087d7-e38e-4fe1-ad1a-97e953645b6b,sha_cloud_profiler_v2,grid_search_full,european_local_vol,jax,reverse,50000,627.2173181999904,14.770795037064461,79717.18661004404,0.03136086590999952,,full,full_grid_only,dominated or outside 1.5x margin (score=21.88 vs best=6.71),,,,,,,,2.957459525464267,e2-standard-8,europe-west2,europe-west2-b,e2,8,10.398122891668713,94.90234375,c692c00,2026-06-09T19:14:11.213537+00:00
751e8495-1d84-4366-a4a7-b6d5c456fd8f,sha_cloud_profiler_v2,grid_search_full,european_local_vol,jax,reverse,50000,631.6915384000083,16.54412017126594,79152.55620906911,0.03158457692000041,,full,full_grid_only,dominated or outside 1.5x margin (score=23.89 vs best=5.75),,,,,,,,2.960647927913595,e2-standard-8,europe-west2,europe-west2-b,e2,8,10.398122891668713,96.25,93d038d,2026-06-09T19:49:09.428149+00:00
372a179a-7b0f-48ea-a5bf-c320badd3110,sha_cloud_profiler_v3,grid_search_full,european_local_vol,jax,reverse,50000,640.1567926000041,16.306573764994152,78105.86496618185,0.0320078396300002,,full,full_grid_only,dominated or outside 1.5x margin (score=23.00 vs best=2.60),,,,,,,,3.0433338656153035,e2-standard-8,europe-west2,europe-west2-b,e2,8,10.398122891668713,2.22265625,13789b8,2026-06-09T20:44:43.143315+00:00
4616f965-e1f5-4ebe-b720-da4d44eda787,final_cloud_profiler_v1,grid_search_full,european_local_vol,jax,reverse,100000,1609.7008296000013,17.32258469400194,62123.34500992291,0.16097008296000012,,full,full_grid_only,dominated or outside 1.5x margin (score=30.84 vs best=6.67),,,,,,,,2.7487716915026157,e2-standard-8,europe-west2,europe-west2-b,e2,8,10.490112213077344,13.8125,f68fe02,2026-06-05T16:36:29.968836+00:00
0e22c958-bb4b-4290-95ac-693e2ff2c54f,sha_cloud_profiler_v2,grid_search_full,european_local_vol,jax,reverse,100000,1145.5516524000018,13.74670071882864,87294.18685791583,0.11455516524000017,,full,full_grid_only,dominated or outside 1.5x margin (score=21.88 vs best=6.71),,,,,,,,2.8426013686004654,e2-standard-8,europe-west2,europe-west2-b,e2,8,10.490112213077344,0.0,c692c00,2026-06-09T19:14:22.455221+00:00
44d5ecda-418c-4ec3-a4b1-b2a8c6626160,sha_cloud_profiler_v2,grid_search_full,european_local_vol,jax,reverse,100000,1170.4619573999935,33.37381729818691,85436.35217511475,0.11704619573999936,,full,full_grid_only,dominated or outside 1.5x margin (score=23.89 vs best=5.75),,,,,,,,2.7476395537237193,e2-standard-8,europe-west2,europe-west2-b,e2,8,10.490112213077344,0.046875,93d038d,2026-06-09T19:49:20.930255+00:00
25ca9d8c-ce7c-4867-b6f4-91f9cf10aea6,sha_cloud_profiler_v3,grid_search_full,european_local_vol,jax,reverse,100000,1262.9221967999968,42.66976490127931,79181.44146439176,0.12629221967999968,,full,full_grid_only,dominated or outside 1.5x margin (score=23.00 vs best=2.60),,,,,,,,2.8603574231842392,e2-standard-8,europe-west2,europe-west2-b,e2,8,10.490112213077344,0.3515625,13789b8,2026-06-09T20:44:55.293143+00:00
a1572040-b764-4939-8970-5ef41686a391,sha_cloud_profiler_v3,sha_probe,european_local_vol,rust,none,1000,2.5488553333445907,0.055077034192181885,392332.9766573322,2.5488553333445907e-06,,sha_round_0,,,,0,0,,,,,1.0,e2-standard-8,europe-west2,europe-west2-b,e2,8,13.05538383770876,0.0,13789b8,2026-06-09T20:43:18.414283+00:00
e5a0fb17-6f8e-48d7-9cf5-5ccdad442f3c,sha_cloud_profiler_v3,sha_probe,european_local_vol,rust,none,1000,2.5488553333445907,0.055077034192181885,392332.9766573322,2.5488553333445907e-06,,sha_round_0,,,,0,1,,,,,1.0,e2-standard-8,europe-west2,europe-west2-b,e2,8,13.05538383770876,0.0,13789b8,2026-06-09T20:43:23.399442+00:00
77931e7b-a800-4de5-a2b1-be761c84d3c6,sha_cloud_profiler_v3,profiler_selected,european_local_vol,rust,none,10000,23.652395199997045,0.18734102010370007,422790.1620720953,0.00023652395199997046,,full,selected_both,top-3 probe Pareto; diversity guard; fastest probe runtime,,,,,,,,1.0,e2-standard-8,europe-west2,europe-west2-b,e2,8,10.088084644111069,0.0,13789b8,2026-06-09T20:44:58.810382+00:00
5596c738-ec88-48b7-bd19-1aecf341137c,sha_cloud_profiler_v3,profiler_selected,european_local_vol,rust,none,50000,116.44392899999048,0.8789185968311449,429391.213688814,0.005822196449999524,,full,selected_both,top-3 probe Pareto; diversity guard; fastest probe runtime,,,,,,,,1.0,e2-standard-8,europe-west2,europe-west2-b,e2,8,10.114599448206693,0.0,13789b8,2026-06-09T20:44:59.641419+00:00
42c9cbfc-467a-4716-a97b-3606b2b34c0b,sha_cloud_profiler_v3,profiler_selected,european_local_vol,rust,none,100000,235.84706520001646,1.829309744478824,424003.58009624714,0.023584706520001646,,full,selected_both,top-3 probe Pareto; diversity guard; fastest probe runtime,,,,,,,,1.0,e2-standard-8,europe-west2,europe-west2-b,e2,8,10.375275214143105,0.0,13789b8,2026-06-09T20:45:01.299513+00:00
3d7d59dd-b2c5-4b1f-9237-22106fb1cdf7,smoke_test_v1,probe_run,asian,cpu,none,1000,7.358503666665683,0.13896193343547206,135897.19395398823,3.9674598936105813e-07,700140.1028026184,probe,,,,,,,,,,1.0,n2-standard-4,europe-west2,europe-west2-b,n2,4,5.820446773347019,0.0,0ea91bf,2026-06-05T16:22:14.121769+00:00
cee1c9e2-a4b2-4da9-a05c-03a60c9e53a1,sha_cloud_profiler_v2,sha_probe,asian,cpu,none,1000,8.099538000000924,0.1644831096087468,123463.83213460889,4.367000905000498e-07,636083.6276898964,sha_round_0,,,,0,0,,,,,1.0,n2-standard-4,europe-west1,europe-west1-b,n2,4,5.820446773347019,0.0,93d038d,2026-06-09T20:03:31.583168+00:00
4bc8ff55-aa97-4830-9039-383a9abd581a,sha_cloud_profiler_v3,sha_probe,asian,cpu,none,1000,7.608822333333857,0.1002672912302105,131426.3832418654,4.1024233747225047e-07,677106.5597210994,sha_round_0,,,,0,0,,,,,1.0,n2-standard-4,europe-west1,europe-west1-b,n2,4,5.820446773347019,0.0,13789b8,2026-06-09T20:59:47.606605+00:00
1bc635f4-5d62-4369-ae0a-d12227db27cd,sha_cloud_profiler_v2,sha_probe,asian,cpu,none,5000,33.792627599996194,0.3321708950900313,147961.26714930456,1.8219858380997948e-06,762294.0090123883,sha_round_1,,,,1,0,,,,,1.0,n2-standard-4,europe-west1,europe-west1-b,n2,4,5.836762769480838,0.0,93d038d,2026-06-09T20:03:38.016414+00:00
6f86beaa-2944-4c9c-a96a-6bf908b18b1f,sha_cloud_profiler_v2,sha_probe,asian,cpu,none,5000,33.792627599996194,0.3321708950900313,147961.26714930456,1.8219858380997948e-06,762294.0090123883,sha_round_1,,,,1,1,,,,,1.0,n2-standard-4,europe-west1,europe-west1-b,n2,4,5.836762769480838,0.0,93d038d,2026-06-09T20:03:38.932272+00:00
1f1f4cdd-575e-41e8-86af-f248d8eb4199,sha_cloud_profiler_v3,sha_probe,asian,cpu,none,5000,37.11288840000293,0.39789759953805726,134724.0868484816,2.001003232900158e-06,694096.2743352993,sha_round_1,,,,1,0,,,,,1.0,n2-standard-4,europe-west1,europe-west1-b,n2,4,5.836762769480838,0.0,13789b8,2026-06-09T20:59:54.224624+00:00
55a39260-0eff-42c6-a985-998d966cd31c,sha_cloud_profiler_v3,sha_probe,asian,cpu,none,5000,37.11288840000293,0.39789759953805726,134724.0868484816,2.001003232900158e-06,694096.2743352993,sha_round_1,,,,1,1,,,,,1.0,n2-standard-4,europe-west1,europe-west1-b,n2,4,5.836762769480838,0.0,13789b8,2026-06-09T20:59:55.150536+00:00
353ad465-bbe3-4f8e-8550-d614349af592,sha_cloud_profiler_v2,profiler_selected,asian,cpu,none,10000,73.7765139999965,1.5674877691154703,135544.49048650463,3.9777837131664775e-06,698322.9803529347,full,selected_both,top-3 probe Pareto; diversity guard; fastest probe runtime,,,,,,,,1.0,n2-standard-4,europe-west1,europe-west1-b,n2,4,5.825527917501329,0.0,93d038d,2026-06-09T20:05:44.190360+00:00
24831c44-272b-4102-b4eb-6fe603fb902d,sha_cloud_profiler_v3,profiler_selected,asian,cpu,none,10000,72.84260600000607,0.36440163617608196,137282.29327763434,3.92743050683366e-06,707276.1116828148,full,selected_both,top-3 probe Pareto; diversity guard; fastest probe runtime,,,,,,,,1.0,n2-standard-4,europe-west1,europe-west1-b,n2,4,5.825527917501329,0.0,13789b8,2026-06-09T21:02:13.185896+00:00
04a17c65-83b8-4f10-bc7e-9bb4af1ef080,sha_cloud_profiler_v2,profiler_selected,asian,cpu,none,50000,397.92211899999756,1.7362998359272164,125652.7285430954,2.1454634249416535e-05,647360.7858995127,full,selected_both,top-3 probe Pareto; diversity guard; fastest probe runtime,,,,,,,,1.0,n2-standard-4,europe-west1,europe-west1-b,n2,4,5.838918415223013,0.0,93d038d,2026-06-09T20:05:46.982855+00:00
3a9c4af8-a705-4a5d-9012-2563f5bd70af,sha_cloud_profiler_v3,profiler_selected,asian,cpu,none,50000,393.10865859998785,1.871473950540663,127191.29662030179,2.119510850951601e-05,655287.4632679124,full,selected_both,top-3 probe Pareto; diversity guard; fastest probe runtime,,,,,,,,1.0,n2-standard-4,europe-west1,europe-west1-b,n2,4,5.838918415223013,0.0,13789b8,2026-06-09T21:02:15.950498+00:00
f6aca1b7-ebbf-4321-9d22-a66ee3f4a0b5,sha_cloud_profiler_v2,profiler_selected,asian,cpu,none,100000,792.253576600001,3.879152852013166,126222.21338419878,4.2715672005016724e-05,650294.7624121524,full,selected_both,top-3 probe Pareto; diversity guard; fastest probe runtime,,,,0.006423272399998817,1.6762656000021015,644.0035055998839,18.712452095999407,1.0,n2-standard-4,europe-west1,europe-west1-b,n2,4,5.786511890635599,0.0,93d038d,2026-06-09T20:05:52.529275+00:00
93a5685b-f51d-448d-b0d5-4d95018ebf1d,sha_cloud_profiler_v3,profiler_selected,asian,cpu,none,100000,790.1544892000061,3.105559834077874,126557.52940319969,4.2602496209366995e-05,652022.3050139088,full,selected_both,top-3 probe Pareto; diversity guard; fastest probe runtime,,,,0.007376016516667268,0.23280581666659156,737.8344574833933,6.621493952351563,1.0,n2-standard-4,europe-west1,europe-west1-b,n2,4,5.786511890635599,0.02734375,13789b8,2026-06-09T21:02:21.486822+00:00
9f58a9a7-bf47-491e-9372-4cbc3151ad05,smoke_test_v1,probe_run,asian,jax,forward,1000,413.1752873333359,13.26947786619995,2420.2802797187474,2.2277034242055694e-05,12469.244099529868,probe,,,,,,,,,,5.105434125941464,n2-standard-4,europe-west2,europe-west2-b,n2,4,5.666454879796595,19.87890625,0ea91bf,2026-06-05T16:22:16.967463+00:00
046af307-4073-4e55-bbd7-d2ee54278d9a,sha_cloud_profiler_v2,sha_probe,asian,jax,forward,1000,400.8839140000002,5.507111310954754,2494.4877184570682,2.1614324363166677e-05,12851.559600500093,sha_round_0,,,,0,0,,,,,4.654950326103007,n2-standard-4,europe-west1,europe-west1-b,n2,4,5.666454879796595,24.01953125,93d038d,2026-06-09T20:03:34.366841+00:00
dbfdd44c-da0a-4ae5-a0ae-13df82f3d541,sha_cloud_profiler_v2,sha_probe,asian,jax,forward,1000,400.8839140000002,5.507111310954754,2494.4877184570682,2.1614324363166677e-05,12851.559600500093,sha_round_0,,,,0,1,,,,,4.654950326103007,n2-standard-4,europe-west1,europe-west1-b,n2,4,5.666454879796595,24.01953125,93d038d,2026-06-09T20:03:36.720032+00:00
f1925a19-2399-4684-8e15-c5d14ab4641f,sha_cloud_profiler_v3,sha_probe,asian,jax,forward,1000,403.9623636666647,5.269677691181855,2475.4781384167864,2.1780304107694337e-05,12753.6225575311,sha_round_0,,,,0,0,,,,,4.8143233704103965,n2-standard-4,europe-west1,europe-west1-b,n2,4,5.666454879796595,24.6484375,13789b8,2026-06-09T20:59:50.405687+00:00
a3067438-4af0-4dba-bc3c-022afa2d3b22,sha_cloud_profiler_v3,sha_probe,asian,jax,forward,1000,403.9623636666647,5.269677691181855,2475.4781384167864,2.1780304107694337e-05,12753.6225575311,sha_round_0,,,,0,1,,,,,4.8143233704103965,n2-standard-4,europe-west1,europe-west1-b,n2,4,5.666454879796595,24.6484375,13789b8,2026-06-09T20:59:52.903782+00:00
30e1e563-7ddf-4f98-a71a-4bf4075e5f4f,sha_cloud_profiler_v2,grid_search_full,asian,jax,forward,10000,495.14727139999195,52.390277111358245,20196.011525471495,2.66966903829829e-05,104049.5184207702,full,full_grid_only,dominated or outside 1.5x margin (score=364.81 vs best=8.26),,,,,,,,4.443797255633212,n2-standard-4,europe-west1,europe-west1-b,n2,4,5.988885012332589,126.00390625,93d038d,2026-06-09T20:06:05.080418+00:00
58395a9c-daa7-48cf-9d4f-6a20976bf6e0,sha_cloud_profiler_v3,grid_search_full,asian,jax,forward,10000,494.843076199993,9.240556600594736,20208.426632523915,2.6680289191782953e-05,104113.4808476245,full,full_grid_only,dominated or outside 1.5x margin (score=370.10 vs best=7.71),,,,,,,,3.529487221675215,n2-standard-4,europe-west1,europe-west1-b,n2,4,5.988885012332589,92.9765625,13789b8,2026-06-09T21:02:34.233219+00:00
bdad1efa-5717-42d2-915d-3fcb55624e21,sha_cloud_profiler_v2,grid_search_full,asian,jax,forward,50000,944.7836037999991,22.06994125735996,52922.171594527885,5.093958263821662e-05,272654.1555617099,full,full_grid_only,dominated or outside 1.5x margin (score=364.81 vs best=8.26),,,,,,,,2.7272501195807273,n2-standard-4,europe-west1,europe-west1-b,n2,4,5.77789087176735,11.68359375,93d038d,2026-06-09T20:06:14.310428+00:00
db94d469-d104-4b5c-953f-85b7ceb791a8,sha_cloud_profiler_v3,grid_search_full,asian,jax,forward,50000,951.3960551999958,20.70696900364689,52554.34866133574,5.129610397619977e-05,270759.13787396054,full,full_grid_only,dominated or outside 1.5x margin (score=370.10 vs best=7.71),,,,,,,,2.6584448820156514,n2-standard-4,europe-west1,europe-west1-b,n2,4,5.77789087176735,38.6796875,13789b8,2026-06-09T21:02:43.642897+00:00
028a9199-01ca-4847-92c0-4c53e6104145,sha_cloud_profiler_v2,grid_search_full,asian,jax,forward,100000,1525.4032873999904,9.991162814721111,65556.43404338493,8.224466057898281e-05,337745.6674053835,full,full_grid_only,dominated or outside 1.5x margin (score=364.81 vs best=8.26),,,,,,,,2.4531328561062686,n2-standard-4,europe-west1,europe-west1-b,n2,4,5.786070148379278,36.41796875,93d038d,2026-06-09T20:06:29.555768+00:00
3e0525a8-52cd-4ebe-8fee-b4553ee1bb1c,sha_cloud_profiler_v3,grid_search_full,asian,jax,forward,100000,1574.120090600013,15.364487902466895,63527.554598380506,8.487130821818403e-05,327292.9139535317,full,full_grid_only,dominated or outside 1.5x margin (score=370.10 vs best=7.71),,,,,,,,2.462462237017762,n2-standard-4,europe-west1,europe-west1-b,n2,4,5.786070148379278,39.171875,13789b8,2026-06-09T21:02:59.292609+00:00
830c8350-aebb-4ee1-b88a-00cc2b69cf6b,smoke_test_v1,probe_run,asian,jax,none,1000,82.2216743333352,3.108352267396445,12162.24320543384,4.4331186078056565e-06,62659.6764834304,probe,,,,,,,,,,1.0,n2-standard-4,europe-west2,europe-west2-b,n2,4,5.666454879796595,6.7734375,0ea91bf,2026-06-05T16:22:14.462933+00:00
037f7dba-1594-4b11-a690-157f497d70a7,sha_cloud_profiler_v2,sha_probe,asian,jax,none,1000,84.75636799999602,0.2681279700827367,11798.52350445275,4.569780841333118e-06,60785.79858038512,sha_round_0,,,,0,0,,,,,1.0,n2-standard-4,europe-west1,europe-west1-b,n2,4,5.666454879796595,11.515625,93d038d,2026-06-09T20:03:31.925826+00:00
821342cb-a96f-459d-a85c-5f9d0686d255,sha_cloud_profiler_v3,sha_probe,asian,jax,none,1000,85.7806803333337,1.5793930143884871,11657.636616008602,4.625008347972242e-06,60059.95165383103,sha_round_0,,,,0,0,,,,,1.0,n2-standard-4,europe-west1,europe-west1-b,n2,4,5.666454879796595,9.20703125,13789b8,2026-06-09T20:59:47.957685+00:00
92590055-662f-41c9-9c4b-eb6b4c6a57c5,sha_cloud_profiler_v2,sha_probe,asian,jax,none,5000,97.56657800000141,4.061683054489868,51247.05716336518,5.260464663833409e-06,264023.9936288778,sha_round_1,,,,1,0,,,,,1.0,n2-standard-4,europe-west1,europe-west1-b,n2,4,6.007293264560759,21.65625,93d038d,2026-06-09T20:03:38.922223+00:00
a3f8da12-8019-4764-bbc3-c804ddce3eab,sha_cloud_profiler_v3,sha_probe,asian,jax,none,5000,99.25801999999635,3.388169113284857,50373.763248553456,5.3516615783331365e-06,259524.79777719453,sha_round_1,,,,1,0,,,,,1.0,n2-standard-4,europe-west1,europe-west1-b,n2,4,6.007293264560759,42.3125,13789b8,2026-06-09T20:59:55.140334+00:00
bb6de4ac-4c0d-4d7a-bed5-2d917a5aa4ab,sha_cloud_profiler_v2,profiler_selected,asian,jax,none,10000,114.02576880001334,3.730372833860481,87699.47447176371,6.147889367800719e-06,451826.2466345374,full,selected_both,diversity guard,,,,,,,,1.0,n2-standard-4,europe-west1,europe-west1-b,n2,4,5.988885012332589,11.58984375,93d038d,2026-06-09T20:05:53.549941+00:00
3eb1059e-b7d8-43c3-8b87-692c2a11413c,sha_cloud_profiler_v3,profiler_selected,asian,jax,none,10000,115.5113703999973,4.139963429853648,86571.56404059278,6.2279880540665205e-06,446015.27068826783,full,selected_both,diversity guard,,,,,,,,1.0,n2-standard-4,europe-west1,europe-west1-b,n2,4,5.988885012332589,6.76953125,13789b8,2026-06-09T21:02:22.524876+00:00
dbc9d050-5489-4932-8f88-5e1ddb85999b,sha_cloud_profiler_v2,sha_probe,asian,jax,none,25000,202.53043699999498,7.044207319378047,123438.23659453526,1.0919766061583062e-05,635951.7598894141,sha_round_2,,,,2,0,,,,,1.0,n2-standard-4,europe-west1,europe-west1-b,n2,4,5.874825798934808,11.22265625,93d038d,2026-06-09T20:03:43.477497+00:00
36d6e3a3-14bd-4c09-9e25-f4d522bded02,sha_cloud_profiler_v3,sha_probe,asian,jax,none,25000,206.40680042857136,5.798246422591266,121120.04036733006,1.1128766656440473e-05,624008.4511454408,sha_round_2,,,,2,0,,,,,1.0,n2-standard-4,europe-west1,europe-west1-b,n2,4,5.874825798934808,11.00390625,13789b8,2026-06-09T20:59:59.495823+00:00
1b2662ed-c6e0-4450-9d80-6f4fb60380e4,sha_cloud_profiler_v2,profiler_selected,asian,jax,none,50000,343.1767863999994,3.503034544004685,145697.5004763903,1.8502948400066634e-05,750631.1204347775,full,selected_both,diversity guard,,,,,,,,1.0,n2-standard-4,europe-west1,europe-west1-b,n2,4,5.77789087176735,7.578125,93d038d,2026-06-09T20:05:56.107119+00:00
85ad195e-d81a-41f9-a551-7bb99749a9cd,sha_cloud_profiler_v3,profiler_selected,asian,jax,none,50000,346.96997360000523,6.153546972703745,144104.68860236625,1.8707464409933614e-05,742424.9799194552,full,selected_both,diversity guard,,,,,,,,1.0,n2-standard-4,europe-west1,europe-west1-b,n2,4,5.77789087176735,6.91796875,13789b8,2026-06-09T21:02:25.111378+00:00
18ec293c-9506-4626-bebf-5c8a9b34bf17,sha_cloud_profiler_v2,profiler_selected,asian,jax,none,100000,632.1193620000145,13.085729004511835,158197.97021183115,3.4081768934500777e-05,815033.3344246839,full,selected_both,diversity guard,,,,0.005017233544354704,76.4397143749988,578.1630688104692,8.535776062740508,1.0,n2-standard-4,europe-west1,europe-west1-b,n2,4,5.786070148379278,6.828125,93d038d,2026-06-09T20:06:00.651630+00:00
65e68f9f-c069-44fd-8afc-1c0282d6baeb,sha_cloud_profiler_v3,profiler_selected,asian,jax,none,100000,633.9438537999854,8.359081520929744,157742.67610700874,3.4180139450715875e-05,812687.6667027756,full,selected_both,diversity guard,,,,0.005132975654761949,77.44108515476029,590.7386506309551,6.815304369629847,1.0,n2-standard-4,europe-west1,europe-west1-b,n2,4,5.786070148379278,6.92578125,13789b8,2026-06-09T21:02:29.629735+00:00
6c3a3d45-103d-4881-abf0-62933ff53e3a,smoke_test_v1,probe_run,asian,jax,reverse,1000,280.7995166666662,4.495136273617576,3561.2596911521337,1.5139773940277752e-05,18347.5512166519,probe,,,,,,,,,,3.459161976655338,n2-standard-4,europe-west2,europe-west2-b,n2,4,5.666454879796595,21.91796875,0ea91bf,2026-06-05T16:22:19.534016+00:00
012c8784-eeb8-4e6f-b031-7f02b4f54540,sha_cloud_profiler_v2,sha_probe,asian,jax,reverse,1000,284.70754399999976,2.6611779729279625,3512.376194710179,1.535048174733332e-05,18095.704248893246,sha_round_0,,,,0,0,,,,,3.3076107559023606,n2-standard-4,europe-west1,europe-west1-b,n2,4,5.666454879796595,19.109375,93d038d,2026-06-09T20:03:36.693004+00:00
ce5ec63b-674c-455f-b1d2-56808c5a1036,sha_cloud_profiler_v2,sha_probe,asian,jax,reverse,1000,284.70754399999976,2.6611779729279625,3512.376194710179,1.535048174733332e-05,18095.704248893246,sha_round_0,,,,0,1,,,,,3.3076107559023606,n2-standard-4,europe-west1,europe-west1-b,n2,4,5.666454879796595,19.109375,93d038d,2026-06-09T20:03:36.724654+00:00
8a338e44-37c9-4dd5-b087-b7f504b3dd97,sha_cloud_profiler_v3,sha_probe,asian,jax,reverse,1000,291.65108766667913,6.460045792097279,3428.754571088298,1.5724854476695116e-05,17664.88702260844,sha_round_0,,,,0,0,,,,,3.48521896247161,n2-standard-4,europe-west1,europe-west1-b,n2,4,5.666454879796595,20.91015625,13789b8,2026-06-09T20:59:52.849651+00:00
190314e3-d404-4673-9ae8-1079c064be96,sha_cloud_profiler_v3,sha_probe,asian,jax,reverse,1000,291.65108766667913,6.460045792097279,3428.754571088298,1.5724854476695116e-05,17664.88702260844,sha_round_0,,,,0,1,,,,,3.48521896247161,n2-standard-4,europe-west1,europe-west1-b,n2,4,5.666454879796595,20.91015625,13789b8,2026-06-09T20:59:52.908830+00:00
0d195eb1-a122-48ce-a6f1-61fe618737ca,sha_cloud_profiler_v2,grid_search_full,asian,jax,reverse,10000,347.099834800008,7.597623167222106,28810.15488169794,1.87144660929671e-05,148429.44297629027,full,full_grid_only,dominated or outside 1.5x margin (score=245.79 vs best=8.26),,,,,,,,3.089264017430922,n2-standard-4,europe-west1,europe-west1-b,n2,4,5.988885012332589,12.71484375,93d038d,2026-06-09T20:06:33.171702+00:00
71bc87dc-53dd-4f04-96cf-eddd750f9fb7,sha_cloud_profiler_v3,grid_search_full,asian,jax,reverse,10000,355.16163899999356,3.91122589564168,28156.193974541777,1.9149131702749654e-05,145060.2471640483,full,full_grid_only,dominated or outside 1.5x margin (score=258.98 vs best=7.71),,,,,,,,2.849812967564389,n2-standard-4,europe-west1,europe-west1-b,n2,4,5.988885012332589,11.12109375,13789b8,2026-06-09T21:03:03.091868+00:00
480ba426-5b01-49e7-b938-81b1a2db548a,sha_cloud_profiler_v2,grid_search_full,asian,jax,reverse,50000,675.7665218000056,9.43800178405594,73990.05187001199,3.643507830038364e-05,381195.52740861406,full,full_grid_only,dominated or outside 1.5x margin (score=245.79 vs best=8.26),,,,,,,,1.9207586943404609,n2-standard-4,europe-west1,europe-west1-b,n2,4,5.77789087176735,191.51953125,93d038d,2026-06-09T20:06:40.762623+00:00
4706bc3e-ac58-40de-bbf9-8e3773b5c51d,sha_cloud_profiler_v3,grid_search_full,asian,jax,reverse,50000,700.9606587999883,10.018654790616116,71330.67936451333,3.7793462186966036e-05,367494.48410362354,full,full_grid_only,dominated or outside 1.5x margin (score=258.98 vs best=7.71),,,,,,,,2.0352640086555853,n2-standard-4,europe-west1,europe-west1-b,n2,4,5.77789087176735,108.51171875,13789b8,2026-06-09T21:03:10.831417+00:00
733eedca-e030-417b-a5f0-7f02c9ecc2ab,sha_cloud_profiler_v2,grid_search_full,asian,jax,reverse,100000,1130.826642799991,66.6574820954566,88430.8842886778,6.0970403157632855e-05,455594.4579530026,full,full_grid_only,dominated or outside 1.5x margin (score=245.79 vs best=8.26),,,,,,,,1.775143306361727,n2-standard-4,europe-west1,europe-west1-b,n2,4,5.786070148379278,213.58203125,93d038d,2026-06-09T20:06:53.444499+00:00
8b43bbe0-d839-46c6-b2b5-02c97e7c6d1e,sha_cloud_profiler_v3,grid_search_full,asian,jax,reverse,100000,1134.4303308000008,24.916456616304558,88149.9703287023,6.116470200230004e-05,454147.1938624539,full,full_grid_only,dominated or outside 1.5x margin (score=258.98 vs best=7.71),,,,,,,,1.7537531103318433,n2-standard-4,europe-west1,europe-west1-b,n2,4,5.786070148379278,102.36328125,13789b8,2026-06-09T21:03:23.663250+00:00
65092464-a218-4e9e-b373-8ccdea0e9e39,sha_cloud_profiler_v3,sha_probe,european,cpp,none,1000,0.019909999996533163,0.006601240870817313,50226017.085591435,1.073480833146413e-09,258763611.98140875,sha_round_0,,,,0,0,,,,,1.0,n2-standard-4,europe-west1,europe-west1-b,n2,4,10.06242275301376,0.0,13789b8,2026-06-09T20:59:46.100413+00:00
ff7929ca-eb72-45e2-a348-32a1e027868a,sha_cloud_profiler_v3,sha_probe,european,cpp,none,5000,0.05769460000237814,0.0021429076622830026,86663223.2443574,3.110700516794888e-09,446487497.3949377,sha_round_1,,,,1,0,,,,,1.0,n2-standard-4,europe-west1,europe-west1-b,n2,4,10.38041988489823,0.0,13789b8,2026-06-09T20:59:53.197755+00:00
d2d72242-34df-4a5a-ad23-138b180ea4cd,sha_cloud_profiler_v3,profiler_selected,european,cpp,none,10000,0.11159219999399284,0.00522889106002064,89611997.9760083,6.016679449676114e-09,461679536.1978789,full,selected_both,top-3 probe Pareto; diversity guard; fastest probe runtime,,,,,,,,1.0,n2-standard-4,europe-west1,europe-west1-b,n2,4,10.465833380212402,0.0,13789b8,2026-06-09T21:00:02.024484+00:00
b5cdb13c-f425-4498-a331-be3c7f28466f,sha_cloud_profiler_v3,sha_probe,european,cpp,none,25000,0.26896371428668836,0.004624692233886859,92949341.01539253,1.4501626928623946e-08,478873472.51619023,sha_round_2,,,,2,0,,,,,1.0,n2-standard-4,europe-west1,europe-west1-b,n2,4,10.523393206788663,0.0,13789b8,2026-06-09T20:59:55.162963+00:00
c2f38082-ba49-4fab-b125-527c5dae65a8,sha_cloud_profiler_v3,profiler_selected,european,cpp,none,50000,0.5400150000014037,0.006976407022610349,92590020.64733393,2.911580875007568e-08,477022259.90383273,full,selected_both,top-3 probe Pareto; diversity guard; fastest probe runtime,,,,,,,,1.0,n2-standard-4,europe-west1,europe-west1-b,n2,4,10.449762310278015,0.0,13789b8,2026-06-09T21:00:02.038464+00:00
e67164dd-96da-4524-97ce-05daea26112a,sha_cloud_profiler_v3,profiler_selected,european,cpp,none,100000,1.0661419999905775,0.021057843323204723,93796135.97521138,5.74828228328253e-08,483236146.1886212,full,selected_both,top-3 probe Pareto; diversity guard; fastest probe runtime,,,,1.0437308295033577e-05,0.007670585713186213,1.051401415216544,1.3826098938193665,1.0,n2-standard-4,europe-west1,europe-west1-b,n2,4,10.498445568178603,0.0,13789b8,2026-06-09T21:00:02.056668+00:00
fe611b99-1626-47a1-80e7-074432309b0e,smoke_test_v1,probe_run,european,cpu,none,1000,0.10573933333546393,0.019939188581711363,9457218.694839358,5.701112389003763e-09,48723434.800821014,probe,,,,,,,,,,1.0,n2-standard-4,europe-west2,europe-west2-b,n2,4,9.911979607280376,0.0,0ea91bf,2026-06-05T16:22:12.336790+00:00
e78bf0dd-96b6-4cd5-a5bd-13c1a5f3764b,sha_cloud_profiler_v2,sha_probe,european,cpu,none,1000,0.12394600000220635,0.05146114028765475,8068029.625661168,6.682755166785626e-09,41566355.61906836,sha_round_0,,,,0,0,,,,,1.0,n2-standard-4,europe-west1,europe-west1-b,n2,4,9.911979607280376,0.0,93d038d,2026-06-09T20:03:29.779694+00:00
8913751a-8ed1-4fdf-8224-845275b3855a,sha_cloud_profiler_v3,sha_probe,european,cpu,none,1000,0.10653633333390644,0.021196807309283125,9386469.091871198,5.744083972253122e-09,48358934.012731574,sha_round_0,,,,0,0,,,,,1.0,n2-standard-4,europe-west1,europe-west1-b,n2,4,9.911979607280376,0.0,13789b8,2026-06-09T20:59:45.719778+00:00
0df1ba06-3e3a-4a2b-a92c-31e2d1fb31c6,sha_cloud_profiler_v3,sha_probe,european,cpu,none,1000,0.10653633333390644,0.021196807309283125,9386469.091871198,5.744083972253122e-09,48358934.012731574,sha_round_0,,,,0,1,,,,,1.0,n2-standard-4,europe-west1,europe-west1-b,n2,4,9.911979607280376,0.0,13789b8,2026-06-09T20:59:52.858285+00:00
d9ae4aed-b874-4bc0-b189-1d9f3fb768b1,sha_cloud_profiler_v2,sha_probe,european,cpu,none,5000,0.18431999999677373,0.01859710583139278,27126736.111585926,9.937919999826051e-09,139756497.22609958,sha_round_1,,,,1,0,,,,,1.0,n2-standard-4,europe-west1,europe-west1-b,n2,4,10.168919879680967,0.0,93d038d,2026-06-09T20:03:36.730617+00:00
b68477b5-4e6d-4677-9575-7f69af056151,sha_cloud_profiler_v2,sha_probe,european,cpu,none,5000,0.18431999999677373,0.01859710583139278,27126736.111585926,9.937919999826051e-09,139756497.22609958,sha_round_1,,,,1,1,,,,,1.0,n2-standard-4,europe-west1,europe-west1-b,n2,4,10.168919879680967,0.0,93d038d,2026-06-09T20:03:38.927896+00:00
64fe9cdc-46da-44c6-8da6-ce7bee3b5152,sha_cloud_profiler_v2,profiler_selected,european,cpu,none,10000,0.2832776000019521,0.01166065783950551,35301061.57328037,1.5273383933438586e-08,181870487.23998132,full,selected_both,top-3 probe Pareto; diversity guard; fastest probe runtime,,,,,,,,1.0,n2-standard-4,europe-west1,europe-west1-b,n2,4,10.345182037175292,0.0,93d038d,2026-06-09T20:03:43.487641+00:00
29e6c773-5157-4cb8-b6da-369fa61771cf,sha_cloud_profiler_v3,profiler_selected,european,cpu,none,10000,0.2961694000020998,0.027065920847784728,33764460.47407025,1.596846681677988e-08,173953943.70979008,full,selected_old,diversity guard,,,,,,,,1.0,n2-standard-4,europe-west1,europe-west1-b,n2,4,10.345182037175292,0.0,13789b8,2026-06-09T20:59:59.507221+00:00
46f07300-66e1-4681-bc47-918d57bc5c1c,sha_cloud_profiler_v2,profiler_selected,european,cpu,none,50000,1.183714399999758,0.05250048660380506,42239918.68309639,6.382193473332028e-08,217619364.67334563,full,selected_both,top-3 probe Pareto; diversity guard; fastest probe runtime,,,,,,,,1.0,n2-standard-4,europe-west1,europe-west1-b,n2,4,10.457691538845074,0.0,93d038d,2026-06-09T20:03:43.502430+00:00
218aa4a5-e5ab-41d3-adc0-9ff7ce8c536a,sha_cloud_profiler_v3,profiler_selected,european,cpu,none,50000,1.1857904000009967,0.02115570794122187,42165967.94843167,6.393386573338706e-08,217238371.7075305,full,selected_old,diversity guard,,,,,,,,1.0,n2-standard-4,europe-west1,europe-west1-b,n2,4,10.457691538845074,0.0,13789b8,2026-06-09T20:59:59.524367+00:00
220ca52f-4fcb-44a4-bb38-72b8414bf903,sha_cloud_profiler_v2,profiler_selected,european,cpu,none,100000,1.9959388000046372,0.023450162980111468,50101736.58619576,1.0761436696691667e-07,258123320.8974537,full,selected_both,top-3 probe Pareto; diversity guard; fastest probe runtime,,,,1.509349999864184e-05,0.10885250000356453,1.6182024998677487,18.925244608502574,1.0,n2-standard-4,europe-west1,europe-west1-b,n2,4,10.420541193153111,0.0,93d038d,2026-06-09T20:03:43.523439+00:00
895d1beb-a64d-4d9c-9be0-8c5dcb546d56,sha_cloud_profiler_v3,profiler_selected,european,cpu,none,100000,2.047365200007789,0.027553245780424843,48843264.50387041,1.1038710703375328e-07,251639693.47692126,full,selected_old,diversity guard,,,,,,,,1.0,n2-standard-4,europe-west1,europe-west1-b,n2,4,10.420541193153111,0.0,13789b8,2026-06-09T20:59:59.546570+00:00
fa8900b0-1ec7-4493-b78b-d552d8831124,smoke_test_v1,probe_run,european,jax,forward,1000,1.8943123333296323,0.08245107210790689,527896.0509338501,1.0213500663868934e-07,2719711.7513335915,probe,,,,,,,,,,4.765897332949155,n2-standard-4,europe-west2,europe-west2-b,n2,4,10.69890892983176,0.0,0ea91bf,2026-06-05T16:22:12.472537+00:00
f6a48cc4-2672-4292-a8df-7713ac52ce0c,sha_cloud_profiler_v2,sha_probe,european,jax,forward,1000,2.1716203333331427,0.004101213274676176,460485.6496554974,1.170865296388786e-07,2372414.475298802,sha_round_0,,,,0,0,,,,,4.456016503014026,n2-standard-4,europe-west1,europe-west1-b,n2,4,10.69890892983176,0.0,93d038d,2026-06-09T20:03:29.910869+00:00
f1bb2d63-ca41-4817-8108-f32c4dfd9eca,sha_cloud_profiler_v2,sha_probe,european,jax,forward,1000,2.1716203333331427,0.004101213274676176,460485.6496554974,1.170865296388786e-07,2372414.475298802,sha_round_0,,,,0,1,,,,,4.456016503014026,n2-standard-4,europe-west1,europe-west1-b,n2,4,10.69890892983176,0.0,93d038d,2026-06-09T20:03:36.699050+00:00
ce65dec0-f5c1-425d-ba4b-363813ddd1a2,sha_cloud_profiler_v3,sha_probe,european,jax,forward,1000,2.3513596666665157,0.16666013033114685,425285.8523416299,1.2677747536110298e-07,2191065.699853838,sha_round_0,,,,0,0,,,,,4.465779935863939,n2-standard-4,europe-west1,europe-west1-b,n2,4,10.69890892983176,0.0,13789b8,2026-06-09T20:59:45.862504+00:00
3fc3efba-96b6-4ee1-8889-690f559a8e73,sha_cloud_profiler_v3,sha_probe,european,jax,forward,1000,2.3513596666665157,0.16666013033114685,425285.8523416299,1.2677747536110298e-07,2191065.699853838,sha_round_0,,,,0,1,,,,,4.465779935863939,n2-standard-4,europe-west1,europe-west1-b,n2,4,10.69890892983176,0.0,13789b8,2026-06-09T20:59:52.862949+00:00
050a8afb-a74b-4dfd-82ba-3caded69ae82,sha_cloud_profiler_v2,grid_search_full,european,jax,forward,10000,2.7139298000008694,0.19363637974910858,3684693.686622549,1.463260483833802e-07,18983481.126339767,full,full_grid_only,dominated or outside 1.5x margin (score=1.81 vs best=0.18),,,,,,,,3.077185379693238,n2-standard-4,europe-west1,europe-west1-b,n2,4,10.420809313193189,0.0,93d038d,2026-06-09T20:03:44.598504+00:00
d3ffcdf4-8b54-4549-9020-f4ee736e75d3,sha_cloud_profiler_v3,grid_search_full,european,jax,forward,10000,2.5883691999922576,0.2787831879807166,3863436.4834931246,1.3955623936624921e-07,19904361.069001157,full,full_grid_only,dominated or outside 1.5x margin (score=2.15 vs best=0.03),,,,,,,,2.8955921010237424,n2-standard-4,europe-west1,europe-west1-b,n2,4,10.420809313193189,0.2578125,13789b8,2026-06-09T21:00:00.655380+00:00
4051b24e-ae4e-4552-b347-8d5ec3576a26,sha_cloud_profiler_v2,grid_search_full,european,jax,forward,50000,3.445695599998544,0.2179978599538263,14510858.126881879,1.8578042109992146e-07,74759701.83864956,full,full_grid_only,dominated or outside 1.5x margin (score=1.81 vs best=0.18),,,,,,,,2.145108558541491,n2-standard-4,europe-west1,europe-west1-b,n2,4,10.427615610007502,0.0,93d038d,2026-06-09T20:03:44.864421+00:00
e4b1c898-66e0-489e-b73b-2e4965970bb2,sha_cloud_profiler_v3,grid_search_full,european,jax,forward,50000,3.689484000005905,0.05469151474910634,13552030.582032604,1.9892467900031837e-07,69819838.13514994,full,full_grid_only,dominated or outside 1.5x margin (score=2.15 vs best=0.03),,,,,,,,2.302507413056556,n2-standard-4,europe-west1,europe-west1-b,n2,4,10.427615610007502,0.0,13789b8,2026-06-09T21:00:00.837209+00:00
b4e3c7d2-1bb5-42f7-8ca1-053ea0a64e2a,sha_cloud_profiler_v2,grid_search_full,european,jax,forward,100000,5.132695000003196,0.1641518222158064,19482942.19702081,2.7673780541683895e-07,100375796.99650083,full,full_grid_only,dominated or outside 1.5x margin (score=1.81 vs best=0.18),,,,,,,,1.9686506075364958,n2-standard-4,europe-west1,europe-west1-b,n2,4,10.444163637298749,0.0,93d038d,2026-06-09T20:03:45.064367+00:00
6e7605cf-cf51-49b0-947e-b880eb6294fc,sha_cloud_profiler_v3,grid_search_full,european,jax,forward,100000,5.112509600002113,0.26930796203799984,19559865.471931566,2.7564947593344726e-07,100772104.44065721,full,full_grid_only,dominated or outside 1.5x margin (score=2.15 vs best=0.03),,,,,,,,2.0532125839078574,n2-standard-4,europe-west1,europe-west1-b,n2,4,10.444163637298749,0.0,13789b8,2026-06-09T21:00:01.036932+00:00
7a11e247-24dd-4500-9bde-021e400195dd,smoke_test_v1,probe_run,european,jax,none,1000,0.599604666665717,0.12076829143180844,1667765.538852128,3.232868494439324e-08,8592300.560804369,probe,,,,,,,,,,1.0,n2-standard-4,europe-west2,europe-west2-b,n2,4,10.69890892983176,0.0,0ea91bf,2026-06-05T16:22:12.348112+00:00
98c6b930-d804-4fb0-ab26-319d08eb9ea7,sha_cloud_profiler_v2,sha_probe,european,jax,none,1000,0.5603300000037356,0.11112596056318008,1784662.60952177,3.0211125833534745e-08,9194552.341688665,sha_round_0,,,,0,0,,,,,1.0,n2-standard-4,europe-west1,europe-west1-b,n2,4,10.69890892983176,0.0,93d038d,2026-06-09T20:03:29.789726+00:00
5c85e148-4f72-4da9-80e5-45248b152217,sha_cloud_profiler_v3,sha_probe,european,jax,none,1000,0.5664740000052385,0.09436932007406248,1765306.086406,3.054238983361578e-08,9094827.85371458,sha_round_0,,,,0,0,,,,,1.0,n2-standard-4,europe-west1,europe-west1-b,n2,4,10.69890892983176,0.0,13789b8,2026-06-09T20:59:45.730214+00:00
3514673b-965e-47e9-8200-0867ab297ffb,sha_cloud_profiler_v2,sha_probe,european,jax,none,5000,0.7704707999948823,0.07861418178713883,6489538.60423161,4.154121729972407e-08,33433995.900214374,sha_round_1,,,,1,0,,,,,1.0,n2-standard-4,europe-west1,europe-west1-b,n2,4,10.533137565070216,0.0,93d038d,2026-06-09T20:03:37.009046+00:00
42a57c72-bfac-46fb-ae7f-b7efa481c18c,sha_cloud_profiler_v3,sha_probe,european,jax,none,5000,0.865957200005596,0.05295535928269969,5773957.419567259,4.668952570030171e-08,29747333.43414353,sha_round_1,,,,1,0,,,,,1.0,n2-standard-4,europe-west1,europe-west1-b,n2,4,10.533137565070216,0.0,13789b8,2026-06-09T20:59:53.190826+00:00
d8db0d03-fd90-41a9-86f6-6a683211df60,sha_cloud_profiler_v3,sha_probe,european,jax,none,5000,0.865957200005596,0.05295535928269969,5773957.419567259,4.668952570030171e-08,29747333.43414353,sha_round_1,,,,1,1,,,,,1.0,n2-standard-4,europe-west1,europe-west1-b,n2,4,10.533137565070216,0.0,13789b8,2026-06-09T20:59:55.145186+00:00
07332d44-26b5-406e-8349-b97345349278,sha_cloud_profiler_v2,profiler_selected,european,jax,none,10000,0.8511893999951781,0.04537957263412137,11748266.60207076,4.589329514974002e-08,60526875.84786584,full,selected_both,diversity guard,,,,,,,,1.0,n2-standard-4,europe-west1,europe-west1-b,n2,4,10.420809313193189,0.0,93d038d,2026-06-09T20:03:43.829863+00:00
83faebe6-c6dc-4125-b79f-54cd29f132db,sha_cloud_profiler_v3,profiler_selected,european,jax,none,10000,0.9463169999946786,0.024018543101756586,10567283.47906276,5.102225824971309e-08,54442470.26822648,full,selected_old,diversity guard,,,,,,,,1.0,n2-standard-4,europe-west1,europe-west1-b,n2,4,10.420809313193189,0.0,13789b8,2026-06-09T20:59:59.840317+00:00
b9dcf6cb-965f-4a4b-8b34-1c7595dea8e5,sha_cloud_profiler_v2,sha_probe,european,jax,none,25000,1.2047505714280402,0.07511592478480439,20751183.35106202,6.495613497616184e-08,106909754.51345707,sha_round_2,,,,2,0,,,,,1.0,n2-standard-4,europe-west1,europe-west1-b,n2,4,10.38964722998872,0.0,93d038d,2026-06-09T20:03:39.248561+00:00
2b037eaa-1c8d-42d0-a537-87650bc9bf2e,sha_cloud_profiler_v2,profiler_selected,european,jax,none,50000,1.5828780000049392,0.07444166288781975,31588031.421148047,8.534350550026629e-08,162741017.11049998,full,selected_both,diversity guard,,,,,,,,1.0,n2-standard-4,europe-west1,europe-west1-b,n2,4,10.427615610007502,0.0,93d038d,2026-06-09T20:03:44.159651+00:00
c2ac85c7-89f3-4622-86c3-721b9a6069f7,sha_cloud_profiler_v3,profiler_selected,european,jax,none,50000,1.668796400008432,0.07884508105789745,29961713.72358387,8.997593923378796e-08,154362255.14468762,full,selected_old,diversity guard,,,,,,,,1.0,n2-standard-4,europe-west1,europe-west1-b,n2,4,10.427615610007502,0.0,13789b8,2026-06-09T21:00:00.183550+00:00
60ac28ef-52f5-43fa-b65f-171f979422ef,sha_cloud_profiler_v2,profiler_selected,european,jax,none,100000,2.6348545999979933,0.06552272429864536,37952758.379941024,1.4206257718322513e-07,195531985.47110265,full,selected_both,diversity guard,,,,2.5193802764930496e-05,0.5848478285712707,3.1042281050643203,17.814019227728334,1.0,n2-standard-4,europe-west1,europe-west1-b,n2,4,10.444163637298749,0.0,93d038d,2026-06-09T20:03:44.446786+00:00
818a3969-0c40-4674-a1b7-40370fa8731e,sha_cloud_profiler_v3,profiler_selected,european,jax,none,100000,2.645591600003172,0.09420862189072565,37798729.02525095,1.4264148043350435e-07,194738428.77512082,full,selected_old,diversity guard,,,,7.487080000008936e-05,0.4916032000051492,7.978683200014085,201.58408425565452,1.0,n2-standard-4,europe-west1,europe-west1-b,n2,4,10.444163637298749,0.0,13789b8,2026-06-09T21:00:00.494764+00:00
105380ee-13e3-44ca-b523-9639b98cd6e9,smoke_test_v1,probe_run,european,jax,reverse,1000,2.4331229999935053,0.3501347610592052,410994.4297935901,1.3118588174964982e-07,2117436.5264996914,probe,,,,,,,,,,5.550872056527364,n2-standard-4,europe-west2,europe-west2-b,n2,4,10.69890892983176,0.0,0ea91bf,2026-06-05T16:22:12.700431+00:00
00821ed6-dd83-4127-8fe3-b93bd775b8e2,sha_cloud_profiler_v2,sha_probe,european,jax,reverse,1000,2.6843119999947853,0.22466110881692442,372534.93632705236,1.4472915533305217e-07,1919293.8502166532,sha_round_0,,,,0,0,,,,,6.5022685047044595,n2-standard-4,europe-west1,europe-west1-b,n2,4,10.69890892983176,0.0,93d038d,2026-06-09T20:03:30.136593+00:00
06f8a673-cd02-456e-bf92-9594c136e746,sha_cloud_profiler_v2,sha_probe,european,jax,reverse,1000,2.6843119999947853,0.22466110881692442,372534.93632705236,1.4472915533305217e-07,1919293.8502166532,sha_round_0,,,,0,1,,,,,6.5022685047044595,n2-standard-4,europe-west1,europe-west1-b,n2,4,10.69890892983176,0.0,93d038d,2026-06-09T20:03:36.704315+00:00
becfb9c5-dd35-4c87-bd4e-98af851b346f,sha_cloud_profiler_v3,sha_probe,european,jax,reverse,1000,2.9160996666680226,0.2609263690835466,342923.8072451119,1.5722637369451756e-07,1766737.8013658521,sha_round_0,,,,0,0,,,,,5.500016660448,n2-standard-4,europe-west1,europe-west1-b,n2,4,10.69890892983176,0.0,13789b8,2026-06-09T20:59:46.092875+00:00
32e36d80-378e-47bb-b946-bca6fe29b927,sha_cloud_profiler_v3,sha_probe,european,jax,reverse,1000,2.9160996666680226,0.2609263690835466,342923.8072451119,1.5722637369451756e-07,1766737.8013658521,sha_round_0,,,,0,1,,,,,5.500016660448,n2-standard-4,europe-west1,europe-west1-b,n2,4,10.69890892983176,0.0,13789b8,2026-06-09T20:59:52.868737+00:00
4ddef29d-d293-4b27-9376-1196f8dfa03c,sha_cloud_profiler_v2,grid_search_full,european,jax,reverse,10000,2.8441274000101657,0.11468202726697038,3516016.8985272096,1.5334586898388142e-07,18114461.09493668,full,full_grid_only,dominated or outside 1.5x margin (score=2.54 vs best=0.18),,,,,,,,3.1977758239490526,n2-standard-4,europe-west1,europe-west1-b,n2,4,10.420809313193189,0.0,93d038d,2026-06-09T20:03:45.322165+00:00
e0e05c1d-425f-4df3-850d-9e0bbab5d830,sha_cloud_profiler_v3,grid_search_full,european,jax,reverse,10000,2.9489829999988615,0.14559531266684494,3390999.541199071,1.589993334166053e-07,17470373.731061675,full,full_grid_only,dominated or outside 1.5x margin (score=2.81 vs best=0.03),,,,,,,,3.1113362596476084,n2-standard-4,europe-west1,europe-west1-b,n2,4,10.420809313193189,0.0,13789b8,2026-06-09T21:00:01.382346+00:00
3f7509f1-5f99-49ac-9d27-890ff94f0eb3,sha_cloud_profiler_v2,grid_search_full,european,jax,reverse,50000,4.0104186000121445,0.31947988115785103,12467526.457175465,2.1622840285065478e-07,64232490.76339756,full,full_grid_only,dominated or outside 1.5x margin (score=2.54 vs best=0.18),,,,,,,,2.617157862243935,n2-standard-4,europe-west1,europe-west1-b,n2,4,10.427615610007502,0.0,93d038d,2026-06-09T20:03:45.617327+00:00
26e13664-4d42-486c-a720-15a2564e1731,sha_cloud_profiler_v3,grid_search_full,european,jax,reverse,50000,4.013647800002218,0.0979435531079538,12457495.647717863,2.1640251055011958e-07,64180812.1984434,full,full_grid_only,dominated or outside 1.5x margin (score=2.81 vs best=0.03),,,,,,,,2.5431278579447585,n2-standard-4,europe-west1,europe-west1-b,n2,4,10.427615610007502,0.0,13789b8,2026-06-09T21:00:01.687803+00:00
8d97d8f8-ad24-46b5-82ef-ae626d54c9d3,sha_cloud_profiler_v2,grid_search_full,european,jax,reverse,100000,5.457482799994295,0.08116747097245663,18323465.90265104,2.942492809663591e-07,94402194.24343659,full,full_grid_only,dominated or outside 1.5x margin (score=2.54 vs best=0.18),,,,,,,,2.2146076181783556,n2-standard-4,europe-west1,europe-west1-b,n2,4,10.444163637298749,0.0,93d038d,2026-06-09T20:03:45.936208+00:00
602a7e7c-cfca-4371-8159-091f8910de1a,sha_cloud_profiler_v3,grid_search_full,european,jax,reverse,100000,5.701658599986104,0.11766478965256558,17538756.178815007,3.074144261825841e-07,90359382.68323034,full,full_grid_only,dominated or outside 1.5x margin (score=2.81 vs best=0.03),,,,,,,,2.0130068079758874,n2-standard-4,europe-west1,europe-west1-b,n2,4,10.444163637298749,0.0,13789b8,2026-06-09T21:00:02.012036+00:00
a067d4c1-c373-4a3f-9acb-3df6ef19166a,sha_cloud_profiler_v3,sha_probe,european,rust,none,1000,0.09448366666238901,0.029778653447201077,10583839.888149353,5.094244360880474e-09,54527768.6148859,sha_round_0,,,,0,0,,,,,1.0,n2-standard-4,europe-west1,europe-west1-b,n2,4,9.021137339908831,0.0,13789b8,2026-06-09T20:59:46.107019+00:00
4c7728cf-7f9e-40fb-b214-1d0fca772952,sha_cloud_profiler_v3,sha_probe,european,rust,none,1000,0.09448366666238901,0.029778653447201077,10583839.888149353,5.094244360880474e-09,54527768.6148859,sha_round_0,,,,0,1,,,,,1.0,n2-standard-4,europe-west1,europe-west1-b,n2,4,9.021137339908831,0.0,13789b8,2026-06-09T20:59:52.873423+00:00
dfe3bc23-a4d5-4154-b18e-2b87fdb1766b,sha_cloud_profiler_v3,profiler_selected,european,rust,none,10000,0.1559818000089308,0.014167638864802733,64110043.60398101,8.410018717148185e-09,330293887.7072695,full,selected_old,diversity guard,,,,,,,,1.0,n2-standard-4,europe-west1,europe-west1-b,n2,4,10.351397945542606,0.0,13789b8,2026-06-09T21:00:02.065096+00:00
16d8e2a4-074e-46b2-a5c1-bd9efaf21e76,sha_cloud_profiler_v3,profiler_selected,european,rust,none,50000,0.348988000001782,0.039490768758597077,143271401.88128155,1.8816269666762744e-08,738131900.4702811,full,selected_old,diversity guard,,,,,,,,1.0,n2-standard-4,europe-west1,europe-west1-b,n2,4,10.842263419395701,0.0,13789b8,2026-06-09T21:00:02.073921+00:00
c07c373a-4b51-4d39-82bc-fad78d7426d0,sha_cloud_profiler_v3,profiler_selected,european,rust,none,100000,0.5590269999913744,0.03251797558235788,178882236.46003318,3.01408724162016e-08,921598333.127425,full,selected_old,diversity guard,,,,,,,,1.0,n2-standard-4,europe-west1,europe-west1-b,n2,4,10.53029000636057,0.0,13789b8,2026-06-09T21:00:02.084069+00:00
62b96a53-3357-448e-a207-bbf9fa880bed,sha_cloud_profiler_v3,sha_probe,european_local_vol,cpp,none,1000,6.112308333333279,0.08683366867253128,163604.31206431976,3.295552909722193e-07,842886.7185178762,sha_round_0,,,,0,0,,,,,1.0,n2-standard-4,europe-west1,europe-west1-b,n2,4,10.799289953487207,0.0,13789b8,2026-06-09T20:59:47.541406+00:00
9efafa3a-f8b8-4224-8cf9-00c626afaad4,sha_cloud_profiler_v3,sha_probe,european_local_vol,cpp,none,1000,6.112308333333279,0.08683366867253128,163604.31206431976,3.295552909722193e-07,842886.7185178762,sha_round_0,,,,0,1,,,,,1.0,n2-standard-4,europe-west1,europe-west1-b,n2,4,10.799289953487207,0.0,13789b8,2026-06-09T20:59:52.894194+00:00
b3c571eb-9f2e-44e6-bd56-2d1fde9ff691,sha_cloud_profiler_v3,profiler_selected,european_local_vol,cpp,none,10000,60.3510263999965,0.07540715534560137,165697.26476102782,3.2539261733998113e-06,853669.5763061711,full,selected_both,within 1.5x safety margin; diversity guard,,,,,,,,1.0,n2-standard-4,europe-west1,europe-west1-b,n2,4,10.29984816147623,0.0,13789b8,2026-06-09T21:02:00.843896+00:00
7d59dd58-a00c-4597-9f54-5bac703e4b15,sha_cloud_profiler_v3,profiler_selected,european_local_vol,cpp,none,50000,301.26760800000056,0.3405813922289695,165965.4030910615,1.624334519800003e-05,855051.0205618831,full,selected_both,within 1.5x safety margin; diversity guard,,,,,,,,1.0,n2-standard-4,europe-west1,europe-west1-b,n2,4,10.453598428849661,0.0,13789b8,2026-06-09T21:02:02.959070+00:00
8fce099d-6896-4a52-a91b-908d159508eb,sha_cloud_profiler_v3,profiler_selected,european_local_vol,cpp,none,100000,601.8136615999879,0.3601197813379047,166164.39004415253,3.244778658793268e-05,856076.19806364,full,selected_both,within 1.5x safety margin; diversity guard,,,,,,,,1.0,n2-standard-4,europe-west1,europe-west1-b,n2,4,10.481566278295533,0.0,13789b8,2026-06-09T21:02:07.177380+00:00
c82a0e80-2685-4f2d-9bdb-e4dda1a0f01a,smoke_test_v1,probe_run,european_local_vol,cpu,none,1000,13.123544999999126,0.47890999960243913,76198.92338541656,7.075778012499529e-07,392575.5970397556,probe,,,,,,,,,,1.0,n2-standard-4,europe-west2,europe-west2-b,n2,4,10.61770514427381,0.0,0ea91bf,2026-06-05T16:22:12.759804+00:00
549b650e-acf8-4dda-adb6-d4bee3f6727d,sha_cloud_profiler_v2,sha_probe,european_local_vol,cpu,none,1000,13.678057666666632,0.07813566017631343,73109.79558428064,7.374752758611093e-07,376660.4615367369,sha_round_0,,,,0,0,,,,,1.0,n2-standard-4,europe-west1,europe-west1-b,n2,4,10.61770514427381,0.0,93d038d,2026-06-09T20:03:30.198403+00:00
4e0d1e4a-29fb-43d0-a2fc-8386ad1d3969,sha_cloud_profiler_v2,sha_probe,european_local_vol,cpu,none,1000,13.678057666666632,0.07813566017631343,73109.79558428064,7.374752758611093e-07,376660.4615367369,sha_round_0,,,,0,1,,,,,1.0,n2-standard-4,europe-west1,europe-west1-b,n2,4,10.61770514427381,0.0,93d038d,2026-06-09T20:03:36.708660+00:00
b2622ff9-b95f-4d77-8de2-990b072d0e8c,sha_cloud_profiler_v3,sha_probe,european_local_vol,cpu,none,1000,13.167559999999412,0.09189518758259603,75944.21441786061,7.099509433333016e-07,391263.3406381278,sha_round_0,,,,0,0,,,,,1.0,n2-standard-4,europe-west1,europe-west1-b,n2,4,10.61770514427381,0.0,13789b8,2026-06-09T20:59:46.166143+00:00
ae6c2163-7817-46cd-818b-1bf655362b81,sha_cloud_profiler_v3,sha_probe,european_local_vol,cpu,none,1000,13.167559999999412,0.09189518758259603,75944.21441786061,7.099509433333016e-07,391263.3406381278,sha_round_0,,,,0,1,,,,,1.0,n2-standard-4,europe-west1,europe-west1-b,n2,4,10.61770514427381,0.0,13789b8,2026-06-09T20:59:52.878326+00:00
869595db-530c-48c4-b430-9dfc2185001e,sha_cloud_profiler_v2,profiler_selected,european_local_vol,cpu,none,10000,76.73185400000193,0.27145331370054676,130323.97210159614,4.137125794833437e-06,671426.9557011651,full,selected_old,diversity guard,,,,,,,,1.0,n2-standard-4,europe-west1,europe-west1-b,n2,4,10.60217877210563,0.0,93d038d,2026-06-09T20:03:46.488513+00:00
d454e67a-6d79-4273-9be5-a0ce88aacda1,sha_cloud_profiler_v3,profiler_selected,european_local_vol,cpu,none,10000,75.36376119999204,0.2908652244647,132689.76814284924,4.063362791366238e-06,683615.497902366,full,selected_old,diversity guard,,,,,,,,1.0,n2-standard-4,europe-west1,europe-west1-b,n2,4,10.60217877210563,0.0,13789b8,2026-06-09T21:00:02.629492+00:00
17748c96-e08e-434c-a94e-bae3f32f0665,sha_cloud_profiler_v2,profiler_selected,european_local_vol,cpu,none,50000,530.3542577999963,3.252165914712912,94276.60712560109,2.8594933733049797e-05,485711.5256342148,full,selected_old,diversity guard,,,,,,,,1.0,n2-standard-4,europe-west1,europe-west1-b,n2,4,10.497984162229129,0.0,93d038d,2026-06-09T20:03:50.222003+00:00
b6c7ce4a-6256-415d-8114-f0f394d99124,sha_cloud_profiler_v3,profiler_selected,european_local_vol,cpu,none,50000,531.6868795999881,3.2129826700080044,94040.31191745271,2.8666784258432687e-05,484494.1366174792,full,selected_old,diversity guard,,,,,,,,1.0,n2-standard-4,europe-west1,europe-west1-b,n2,4,10.497984162229129,0.0,13789b8,2026-06-09T21:00:06.365411+00:00
907c1f74-3923-4226-b51e-90460deecf08,sha_cloud_profiler_v2,profiler_selected,european_local_vol,cpu,none,100000,1018.3682149999925,8.582981868307899,98196.30908256573,5.490701959208292e-05,505905.76549492904,full,selected_old,diversity guard,,,,,,,,1.0,n2-standard-4,europe-west1,europe-west1-b,n2,4,10.493294790051525,0.0,93d038d,2026-06-09T20:03:57.344679+00:00
16484c4d-9378-4b6f-b541-644d2923c63b,sha_cloud_profiler_v3,profiler_selected,european_local_vol,cpu,none,100000,998.2808390000002,10.317662040076844,100172.21216042992,5.3823975236083346e-05,516085.5855766611,full,selected_old,diversity guard,,,,,,,,1.0,n2-standard-4,europe-west1,europe-west1-b,n2,4,10.493294790051525,0.0,13789b8,2026-06-09T21:00:13.363037+00:00
e797ec2c-055e-4970-89ca-225c227d8488,smoke_test_v1,probe_run,european_local_vol,jax,forward,1000,64.03898199999958,0.9527594523636256,15615.488703427649,3.452768446166644e-06,80450.7403576901,probe,,,,,,,,,,5.095199178324942,n2-standard-4,europe-west2,europe-west2-b,n2,4,10.338233718138095,4.6328125,0ea91bf,2026-06-05T16:22:13.354871+00:00
6650760f-5807-4397-9ab8-b86b5ab5b6ee,sha_cloud_profiler_v2,sha_probe,european_local_vol,jax,forward,1000,64.62825766666924,1.40715347593598,15473.107834001386,3.4845402258612495e-06,79717.19646574646,sha_round_0,,,,0,0,,,,,5.072900160677416,n2-standard-4,europe-west1,europe-west1-b,n2,4,10.338233718138095,4.63671875,93d038d,2026-06-09T20:03:30.799027+00:00
a6c4f371-6da1-4472-afac-39e2aca80128,sha_cloud_profiler_v2,sha_probe,european_local_vol,jax,forward,1000,64.62825766666924,1.40715347593598,15473.107834001386,3.4845402258612495e-06,79717.19646574646,sha_round_0,,,,0,1,,,,,5.072900160677416,n2-standard-4,europe-west1,europe-west1-b,n2,4,10.338233718138095,4.63671875,93d038d,2026-06-09T20:03:36.712432+00:00
a3a9b2cc-1702-4c23-8385-a56ad9473498,sha_cloud_profiler_v3,sha_probe,european_local_vol,jax,forward,1000,64.32942399998846,0.5267061667190223,15544.98607045167,3.4684281106660447e-06,80087.51195492875,sha_round_0,,,,0,0,,,,,5.07278967684814,n2-standard-4,europe-west1,europe-west1-b,n2,4,10.338233718138095,4.37890625,13789b8,2026-06-09T20:59:46.766714+00:00
3ab6fb4b-8c7c-4ba9-a784-fb544a6b120a,sha_cloud_profiler_v3,sha_probe,european_local_vol,jax,forward,1000,64.32942399998846,0.5267061667190223,15544.98607045167,3.4684281106660447e-06,80087.51195492875,sha_round_0,,,,0,1,,,,,5.07278967684814,n2-standard-4,europe-west1,europe-west1-b,n2,4,10.338233718138095,4.37890625,13789b8,2026-06-09T20:59:52.883078+00:00
25db1f55-9eb8-4249-acf5-86966d185e68,sha_cloud_profiler_v2,grid_search_full,european_local_vol,jax,forward,10000,651.3625176000062,6.915132980586869,15352.433905539647,3.511929574060033e-05,79095.48637578386,full,full_grid_only,dominated or outside 1.5x margin (score=59.08 vs best=6.03),,,,,,,,5.622261668513646,n2-standard-4,europe-west1,europe-west1-b,n2,4,10.72713156721504,0.0,93d038d,2026-06-09T20:04:13.697476+00:00
d1780395-4944-403a-9851-9c687174c6ca,sha_cloud_profiler_v3,grid_search_full,european_local_vol,jax,forward,10000,646.5268576000085,12.545526670538125,15467.261541339978,3.485857307226712e-05,79687.0764623389,full,full_grid_only,dominated or outside 1.5x margin (score=57.66 vs best=4.98),,,,,,,,5.531826113403524,n2-standard-4,europe-west1,europe-west1-b,n2,4,10.72713156721504,18.72265625,13789b8,2026-06-09T21:00:29.818812+00:00
80cdb567-a7e2-4a0d-994c-95507e4dd5cc,sha_cloud_profiler_v2,grid_search_full,european_local_vol,jax,forward,50000,2542.902284200005,27.11550622013513,19662.572294133573,0.00013710481482311695,101301.24829538162,full,full_grid_only,dominated or outside 1.5x margin (score=59.08 vs best=6.03),,,,,,,,5.996434285066581,n2-standard-4,europe-west1,europe-west1-b,n2,4,10.398122891668713,0.01953125,93d038d,2026-06-09T20:04:34.729511+00:00
8289c4d5-d879-4244-97e7-6dcd27457bdd,sha_cloud_profiler_v3,grid_search_full,european_local_vol,jax,forward,50000,2555.836110000001,29.85525940887022,19563.069714982616,0.00013780216359750007,100788.61264802996,full,full_grid_only,dominated or outside 1.5x margin (score=57.66 vs best=4.98),,,,,,,,5.942999475753489,n2-standard-4,europe-west1,europe-west1-b,n2,4,10.398122891668713,0.2265625,13789b8,2026-06-09T21:00:50.998692+00:00
52e911e5-2a39-4310-87d1-76f309cce5c4,sha_cloud_profiler_v2,grid_search_full,european_local_vol,jax,forward,100000,3758.1331764000024,28.696128051839484,26608.955911400717,0.00020262601376090013,137088.90217104956,full,full_grid_only,dominated or outside 1.5x margin (score=59.08 vs best=6.03),,,,,,,,4.402167247750428,n2-standard-4,europe-west1,europe-west1-b,n2,4,10.490112213077344,0.00390625,93d038d,2026-06-09T20:05:07.260157+00:00
0db52c84-fb78-4194-b12d-609a704ba6ff,sha_cloud_profiler_v3,grid_search_full,european_local_vol,jax,forward,100000,3748.256858199994,15.510159062259829,26679.068106347033,0.00020209351560461635,137450.11904351896,full,full_grid_only,dominated or outside 1.5x margin (score=57.66 vs best=4.98),,,,,,,,4.372363951507387,n2-standard-4,europe-west1,europe-west1-b,n2,4,10.490112213077344,0.04296875,13789b8,2026-06-09T21:01:23.661306+00:00
3adc4187-57e6-4ec9-863f-e176d144cdde,smoke_test_v1,probe_run,european_local_vol,jax,none,1000,12.98768600000244,0.057507490640032875,76996.00991275984,7.002527368334649e-07,396682.1736875829,probe,,,,,,,,,,1.0,n2-standard-4,europe-west2,europe-west2-b,n2,4,10.338233718138095,0.0,0ea91bf,2026-06-05T16:22:12.819968+00:00
25d2d82f-dcff-4577-8ffa-e6cb936f7979,sha_cloud_profiler_v2,sha_probe,european_local_vol,jax,none,1000,12.904658333331062,0.07814496074462914,77491.39684056024,6.95776161805433e-07,399234.39897248964,sha_round_0,,,,0,0,,,,,1.0,n2-standard-4,europe-west1,europe-west1-b,n2,4,10.338233718138095,0.0,93d038d,2026-06-09T20:03:30.256783+00:00
be34b640-ec7c-44f9-80bd-53d0723f2fe3,sha_cloud_profiler_v3,sha_probe,european_local_vol,jax,none,1000,13.02979799999567,0.12579600666336696,76747.16062369749,7.025232754997666e-07,395400.10625294945,sha_round_0,,,,0,0,,,,,1.0,n2-standard-4,europe-west1,europe-west1-b,n2,4,10.338233718138095,0.0,13789b8,2026-06-09T20:59:46.225643+00:00
27265823-9a9d-482d-a592-8625c48e532d,sha_cloud_profiler_v2,sha_probe,european_local_vol,jax,none,5000,57.350099399999976,1.713893399097208,87183.80704323595,3.092126192649999e-06,449169.5365442347,sha_round_1,,,,1,0,,,,,1.0,n2-standard-4,europe-west1,europe-west1-b,n2,4,10.858841281852154,21.05859375,93d038d,2026-06-09T20:03:37.770554+00:00
bf5fc5f3-7395-4d64-8377-f9e69129fe5c,sha_cloud_profiler_v3,sha_probe,european_local_vol,jax,none,5000,56.9014052,0.5361781696843191,87871.2921486867,3.067934097033333e-06,452711.44847339875,sha_round_1,,,,1,0,,,,,1.0,n2-standard-4,europe-west1,europe-west1-b,n2,4,10.858841281852154,0.0,13789b8,2026-06-09T20:59:53.956916+00:00
bf666016-a7ee-4ea5-a524-83de7350e800,sha_cloud_profiler_v2,profiler_selected,european_local_vol,jax,none,10000,115.12066999999888,0.7111529784670183,86865.37352501594,6.206922790833273e-06,447528.97230817075,full,selected_both,top-3 probe Pareto; diversity guard; fastest probe runtime,,,,,,,,1.0,n2-standard-4,europe-west1,europe-west1-b,n2,4,10.72713156721504,0.0,93d038d,2026-06-09T20:03:58.512670+00:00
30e6c73b-74ee-4587-bb95-0a730d9618f7,sha_cloud_profiler_v3,profiler_selected,european_local_vol,jax,none,10000,116.9850092000047,0.7231332379297064,85481.03785591359,6.307441746033587e-06,440396.89776359394,full,selected_both,within 1.5x safety margin; diversity guard,,,,,,,,1.0,n2-standard-4,europe-west1,europe-west1-b,n2,4,10.72713156721504,0.0,13789b8,2026-06-09T21:00:14.559770+00:00
e4fd96a7-85bd-4438-a96f-859a70b98c2d,sha_cloud_profiler_v2,sha_probe,european_local_vol,jax,none,25000,210.86686485714625,2.495601569879789,118558.21926757666,1.1369238463547801e-05,610809.9910745835,sha_round_2,,,,2,0,,,,,1.0,n2-standard-4,europe-west1,europe-west1-b,n2,4,10.548734688295786,0.171875,93d038d,2026-06-09T20:03:41.477070+00:00
5699977b-19e8-4036-b1d8-d06bf796eda1,sha_cloud_profiler_v3,sha_probe,european_local_vol,jax,none,25000,215.42701300000593,3.2507159149828166,116048.58486340016,1.1615106450916986e-05,597880.3959989705,sha_round_2,,,,2,0,,,,,1.0,n2-standard-4,europe-west1,europe-west1-b,n2,4,10.548734688295786,0.4375,13789b8,2026-06-09T20:59:57.444168+00:00
bcc11d19-32fd-49ad-903d-79dfa42fbb93,sha_cloud_profiler_v2,profiler_selected,european_local_vol,jax,none,50000,422.33599920000415,3.6338170498744,118389.1500954473,2.2770949290200223e-05,609938.9494871062,full,selected_both,top-3 probe Pareto; diversity guard; fastest probe runtime,,,,,,,,1.0,n2-standard-4,europe-west1,europe-west1-b,n2,4,10.398122891668713,0.21875,93d038d,2026-06-09T20:04:01.796472+00:00
f66c4a5f-0f87-4acf-bde5-79c1ff93869e,sha_cloud_profiler_v3,profiler_selected,european_local_vol,jax,none,50000,429.3024722000041,2.469689135755568,116467.99922620972,2.3146558292783553e-05,600041.2118815545,full,selected_both,within 1.5x safety margin; diversity guard,,,,,,,,1.0,n2-standard-4,europe-west1,europe-west1-b,n2,4,10.398122891668713,0.171875,13789b8,2026-06-09T21:00:17.897739+00:00
801c087b-2b62-4f9d-a29d-f2bd829808c8,sha_cloud_profiler_v2,profiler_selected,european_local_vol,jax,none,100000,851.7035842000041,10.909816495296486,117411.74025224856,4.592101824811689e-05,604903.3500888643,full,selected_both,top-3 probe Pareto; diversity guard; fastest probe runtime,,,,0.008063719788287464,10.3821030511886,816.7540818799349,4.103481888349323,1.0,n2-standard-4,europe-west1,europe-west1-b,n2,4,10.490112213077344,0.0078125,93d038d,2026-06-09T20:04:08.082237+00:00
3b87ff0f-f840-4f20-9bac-1285c60e5f1f,sha_cloud_profiler_v3,profiler_selected,european_local_vol,jax,none,100000,861.1901832000001,9.579330236851286,116118.36961311055,4.6432504044200006e-05,598239.9258789828,full,selected_both,within 1.5x safety margin; diversity guard,,,,0.008269689258871353,9.665949724996524,836.6348756121319,2.8513222824517026,1.0,n2-standard-4,europe-west1,europe-west1-b,n2,4,10.490112213077344,0.0390625,13789b8,2026-06-09T21:00:24.235036+00:00
f08a04ca-1386-4d4a-bfb8-a7e408bcc46f,smoke_test_v1,probe_run,european_local_vol,jax,reverse,1000,35.81157666666002,0.8238136344862178,27923.93111613495,1.9308408419440856e-06,143863.63274670247,probe,,,,,,,,,,2.8203742235290266,n2-standard-4,europe-west2,europe-west2-b,n2,4,10.338233718138095,0.0,0ea91bf,2026-06-05T16:22:14.083550+00:00
4d3b9abc-4acc-459a-b356-a1ae7b3c8453,sha_cloud_profiler_v2,sha_probe,european_local_vol,jax,reverse,1000,33.091469333333144,3.8490339110370977,30219.26859538681,1.7841817215555453e-06,155689.17359807732,sha_round_0,,,,0,0,,,,,2.6149402628447516,n2-standard-4,europe-west1,europe-west1-b,n2,4,10.338233718138095,0.0,93d038d,2026-06-09T20:03:31.540449+00:00
de07d6b7-bfb6-47a9-b5b9-f7ebf7663f22,sha_cloud_profiler_v2,sha_probe,european_local_vol,jax,reverse,1000,33.091469333333144,3.8490339110370977,30219.26859538681,1.7841817215555453e-06,155689.17359807732,sha_round_0,,,,0,1,,,,,2.6149402628447516,n2-standard-4,europe-west1,europe-west1-b,n2,4,10.338233718138095,0.0,93d038d,2026-06-09T20:03:36.716128+00:00
cf17950e-af39-410b-9995-6b5f524b4d8b,sha_cloud_profiler_v3,sha_probe,european_local_vol,jax,reverse,1000,35.25985399999835,0.3950673127312968,28360.86615673584,1.9010937948332443e-06,146114.71487241547,sha_round_0,,,,0,0,,,,,2.777850601754982,n2-standard-4,europe-west1,europe-west1-b,n2,4,10.338233718138095,0.0,13789b8,2026-06-09T20:59:47.504479+00:00
95aa8115-5e1d-4a06-8bbf-6bd98ab430c7,sha_cloud_profiler_v3,sha_probe,european_local_vol,jax,reverse,1000,35.25985399999835,0.3950673127312968,28360.86615673584,1.9010937948332443e-06,146114.71487241547,sha_round_0,,,,0,1,,,,,2.777850601754982,n2-standard-4,europe-west1,europe-west1-b,n2,4,10.338233718138095,0.0,13789b8,2026-06-09T20:59:52.888295+00:00
85502d18-bb23-4ecf-b6f1-2068f0669a0b,sha_cloud_profiler_v2,grid_search_full,european_local_vol,jax,reverse,10000,277.0405930000038,4.098031212969303,36095.79336989024,1.4937105305916872e-05,185964.932353891,full,full_grid_only,dominated or outside 1.5x margin (score=29.98 vs best=6.03),,,,,,,,2.3954610796165747,n2-standard-4,europe-west1,europe-west1-b,n2,4,10.72713156721504,0.0,93d038d,2026-06-09T20:05:10.449713+00:00
6af3f28e-d91f-4028-9483-62cff3431405,sha_cloud_profiler_v3,grid_search_full,european_local_vol,jax,reverse,10000,275.3067910000084,6.850407946548132,36323.114165388295,1.4843624481417119e-05,187136.0853446074,full,full_grid_only,dominated or outside 1.5x margin (score=28.46 vs best=4.98),,,,,,,,2.3589134076775307,n2-standard-4,europe-west1,europe-west1-b,n2,4,10.72713156721504,115.6171875,13789b8,2026-06-09T21:01:26.888397+00:00
f61d0829-10ad-4e8e-a579-0255016803aa,sha_cloud_profiler_v2,grid_search_full,european_local_vol,jax,reverse,50000,1156.0407396000073,8.963965045853847,43251.07090715515,6.23298632101004e-05,222828.80426148968,full,full_grid_only,dominated or outside 1.5x margin (score=29.98 vs best=6.03),,,,,,,,2.697696975110857,n2-standard-4,europe-west1,europe-west1-b,n2,4,10.398122891668713,96.2265625,93d038d,2026-06-09T20:05:22.074532+00:00
ef26368b-f77b-4b80-b62d-d6777dcf2b12,sha_cloud_profiler_v3,grid_search_full,european_local_vol,jax,reverse,50000,1156.830668200007,6.9022011462779815,43221.537407716256,6.237245352711704e-05,222676.64815928004,full,full_grid_only,dominated or outside 1.5x margin (score=28.46 vs best=4.98),,,,,,,,2.6938738424988276,n2-standard-4,europe-west1,europe-west1-b,n2,4,10.398122891668713,96.0703125,13789b8,2026-06-09T21:01:38.524333+00:00
813d8586-c99d-4f0a-b5e6-033fb9dde3a5,sha_cloud_profiler_v2,grid_search_full,european_local_vol,jax,reverse,100000,2132.482323599999,21.729370566035303,46893.70640652379,0.00011497633861409994,241595.60230048318,full,full_grid_only,dominated or outside 1.5x margin (score=29.98 vs best=6.03),,,,,,,,2.4927376914431822,n2-standard-4,europe-west1,europe-west1-b,n2,4,10.490112213077344,192.3984375,93d038d,2026-06-09T20:05:43.671219+00:00
78e22b44-c355-4450-a4a1-6bedc349c63b,sha_cloud_profiler_v3,grid_search_full,european_local_vol,jax,reverse,100000,2177.448837799994,15.91895470276606,45925.3040824766,0.00011740078317138302,236606.40949240906,full,full_grid_only,dominated or outside 1.5x margin (score=28.46 vs best=4.98),,,,,,,,2.5438995650750984,n2-standard-4,europe-west1,europe-west1-b,n2,4,10.490112213077344,23.9609375,13789b8,2026-06-09T21:02:00.408694+00:00
66c9ea74-c052-417e-83df-96b582e68283,sha_cloud_profiler_v3,sha_probe,european_local_vol,rust,none,1000,4.96564233333648,0.011329020448990822,201383.81560157333,2.6773088247239186e-07,1037526.0978957926,sha_round_0,,,,0,0,,,,,1.0,n2-standard-4,europe-west1,europe-west1-b,n2,4,11.493455995748711,0.0,13789b8,2026-06-09T20:59:47.567105+00:00
62fe490a-3275-444b-bfc5-41f753fbf788,sha_cloud_profiler_v3,sha_probe,european_local_vol,rust,none,1000,4.96564233333648,0.011329020448990822,201383.81560157333,2.6773088247239186e-07,1037526.0978957926,sha_round_0,,,,0,1,,,,,1.0,n2-standard-4,europe-west1,europe-west1-b,n2,4,11.493455995748711,0.0,13789b8,2026-06-09T20:59:52.898911+00:00
006a034d-6514-4c32-9e71-bd0ec81de865,sha_cloud_profiler_v3,profiler_selected,european_local_vol,rust,none,10000,49.244943599990165,0.40931710229664153,203066.53371823533,2.6551232090994696e-06,1046195.43389096,full,selected_both,top-3 probe Pareto; diversity guard; fastest probe runtime,,,,,,,,1.0,n2-standard-4,europe-west1,europe-west1-b,n2,4,9.94361020360313,0.0,13789b8,2026-06-09T21:02:07.531115+00:00
b36d7df6-4db9-48e2-b091-a33f4dd6bc1d,sha_cloud_profiler_v3,profiler_selected,european_local_vol,rust,none,50000,244.16872880000255,0.7284070929938236,204776.4275373476,1.3164763961133471e-05,1055004.7786571232,full,selected_both,top-3 probe Pareto; diversity guard; fastest probe runtime,,,,,,,,1.0,n2-standard-4,europe-west1,europe-west1-b,n2,4,10.664313938810869,0.0,13789b8,2026-06-09T21:02:09.247015+00:00
b81c9825-5ebb-487c-ac6f-8ab5d54b6dc1,sha_cloud_profiler_v3,profiler_selected,european_local_vol,rust,none,100000,488.0896415999928,0.6482256523641834,204880.39793713475,2.631616650959961e-05,1055540.4324427345,full,selected_both,top-3 probe Pareto; diversity guard; fastest probe runtime,,,,,,,,1.0,n2-standard-4,europe-west1,europe-west1-b,n2,4,10.59861580645391,0.0,13789b8,2026-06-09T21:02:12.674461+00:00
b2c14e4b-c565-4553-ac22-dc272579b1d2,sha_cloud_profiler_v2,sha_probe,asian,cpu,none,1000,8.42781900000015,0.09422292363661475,118654.6602389043,8.42781900000015e-06,,sha_round_0,,,,0,0,,,,,1.0,n2d-standard-4,europe-west4,europe-west4-a,n2d,4,5.820446773347019,0.0,93d038d,2026-06-09T19:56:02.813805+00:00
f9f195a5-72cf-43b1-b4da-80a478e79a7e,sha_cloud_profiler_v3,sha_probe,asian,cpu,none,1000,9.227759999996957,0.08711026104497857,108368.6615170236,9.227759999996956e-06,,sha_round_0,,,,0,0,,,,,1.0,n2d-standard-4,europe-west4,europe-west4-a,n2d,4,5.820446773347019,0.0,13789b8,2026-06-09T20:51:59.439058+00:00
1284cbcf-5af0-4330-925c-75d218e97ccf,sha_cloud_profiler_v2,sha_probe,asian,cpu,none,5000,32.55394120000119,0.2600675611999697,153591.23398551255,0.00016276970600000593,,sha_round_1,,,,1,0,,,,,1.0,n2d-standard-4,europe-west4,europe-west4-a,n2d,4,5.836762769480839,0.0,93d038d,2026-06-09T19:56:08.391628+00:00
13f1a5f5-fa9d-4a5a-99b5-ea3cda514592,sha_cloud_profiler_v2,sha_probe,asian,cpu,none,5000,32.55394120000119,0.2600675611999697,153591.23398551255,0.00016276970600000593,,sha_round_1,,,,1,1,,,,,1.0,n2d-standard-4,europe-west4,europe-west4-a,n2d,4,5.836762769480839,0.0,93d038d,2026-06-09T19:56:09.180886+00:00
62ccf770-caa3-4034-bcf8-fa213cc386a7,sha_cloud_profiler_v3,sha_probe,asian,cpu,none,5000,37.94467140000393,0.3017413369804975,131770.80774507596,0.00018972335700001965,,sha_round_1,,,,1,0,,,,,1.0,n2d-standard-4,europe-west4,europe-west4-a,n2d,4,5.836762769480839,0.0,13789b8,2026-06-09T20:52:05.865078+00:00
3c2110be-92da-419e-8a6a-4557b3f5a2fb,sha_cloud_profiler_v3,sha_probe,asian,cpu,none,5000,37.94467140000393,0.3017413369804975,131770.80774507596,0.00018972335700001965,,sha_round_1,,,,1,1,,,,,1.0,n2d-standard-4,europe-west4,europe-west4-a,n2d,4,5.836762769480839,0.0,13789b8,2026-06-09T20:52:06.735754+00:00
385a7961-446e-45e0-9eb7-f24852ed1082,sha_cloud_profiler_v2,profiler_selected,asian,cpu,none,10000,62.73256819999914,1.0289252028797229,159406.8326378536,0.0006273256819999914,,full,selected_old,top-3 probe Pareto; diversity guard; fastest probe runtime,,,,,,,,1.0,n2d-standard-4,europe-west4,europe-west4-a,n2d,4,5.825527917501329,0.0,93d038d,2026-06-09T19:57:43.018040+00:00
d90ac8ed-8bc4-4482-ac2d-87a8dcf19505,sha_cloud_profiler_v3,profiler_selected,asian,cpu,none,10000,67.59144780000383,1.1053990433810639,147947.71121916155,0.0006759144780000383,,full,selected_old,top-3 probe Pareto; diversity guard; fastest probe runtime,,,,,,,,1.0,n2d-standard-4,europe-west4,europe-west4-a,n2d,4,5.825527917501329,0.0,13789b8,2026-06-09T20:53:58.795707+00:00
0622ab76-8dbf-4569-a836-63e60d2c10d3,sha_cloud_profiler_v2,profiler_selected,asian,cpu,none,50000,321.8219260000012,1.6201535574242811,155365.42404509697,0.01609109630000006,,full,selected_old,top-3 probe Pareto; diversity guard; fastest probe runtime,,,,,,,,1.0,n2d-standard-4,europe-west4,europe-west4-a,n2d,4,5.838918415223014,0.0,93d038d,2026-06-09T19:57:45.280317+00:00
0f649ef6-1210-412a-ad34-52a15443c84e,sha_cloud_profiler_v3,profiler_selected,asian,cpu,none,50000,335.14483780001,1.2979155188176448,149189.229135125,0.0167572418900005,,full,selected_old,top-3 probe Pareto; diversity guard; fastest probe runtime,,,,,,,,1.0,n2d-standard-4,europe-west4,europe-west4-a,n2d,4,5.838918415223014,0.0,13789b8,2026-06-09T20:54:01.150990+00:00
49e3223c-d6d4-4f19-8aeb-9803f96749e1,sha_cloud_profiler_v2,profiler_selected,asian,cpu,none,100000,638.3922084000005,2.4442740350385286,156643.51582646903,0.06383922084000006,,full,selected_old,top-3 probe Pareto; diversity guard; fastest probe runtime,,,,0.006031530550000259,2.3962884499998918,605.5493434500258,5.1446218355779445,1.0,n2d-standard-4,europe-west4,europe-west4-a,n2d,4,5.786511890635599,0.015625,93d038d,2026-06-09T19:57:49.758653+00:00
93fd9869-2c7f-4aec-95a0-baa68a5a4819,sha_cloud_profiler_v3,profiler_selected,asian,cpu,none,100000,671.8013645999974,4.953435660676317,148853.52318321323,0.06718013645999973,,full,selected_old,top-3 probe Pareto; diversity guard; fastest probe runtime,,,,0.007179227850001742,2.0485321499952067,719.9713171501695,7.170267148661319,1.0,n2d-standard-4,europe-west4,europe-west4-a,n2d,4,5.786511890635599,0.01953125,13789b8,2026-06-09T20:54:05.853199+00:00
ce7e58ca-23ae-44aa-bb17-0217540b447c,sha_cloud_profiler_v2,sha_probe,asian,jax,forward,1000,354.2050416666645,1.0567869009330122,2823.22350719412,0.0003542050416666645,,sha_round_0,,,,0,0,,,,,4.974252314538102,n2d-standard-4,europe-west4,europe-west4-a,n2d,4,5.666454879796595,25.14453125,93d038d,2026-06-09T19:56:05.213953+00:00
2144ec20-9110-4cac-a106-caacaf0615fc,sha_cloud_profiler_v2,sha_probe,asian,jax,forward,1000,354.2050416666645,1.0567869009330122,2823.22350719412,0.0003542050416666645,,sha_round_0,,,,0,1,,,,,4.974252314538102,n2d-standard-4,europe-west4,europe-west4-a,n2d,4,5.666454879796595,25.14453125,93d038d,2026-06-09T19:56:07.229765+00:00
f1e10d2d-36ac-4154-a131-d1576fb9f42a,sha_cloud_profiler_v3,sha_probe,asian,jax,forward,1000,394.01213399999807,13.801142393718504,2537.992903538359,0.0003940121339999981,,sha_round_0,,,,0,0,,,,,4.692210929964579,n2d-standard-4,europe-west4,europe-west4-a,n2d,4,5.666454879796595,21.43359375,13789b8,2026-06-09T20:52:02.250274+00:00
d1bc274b-f147-4f23-b372-5a74784207f1,sha_cloud_profiler_v3,sha_probe,asian,jax,forward,1000,394.01213399999807,13.801142393718504,2537.992903538359,0.0003940121339999981,,sha_round_0,,,,0,1,,,,,4.692210929964579,n2d-standard-4,europe-west4,europe-west4-a,n2d,4,5.666454879796595,21.43359375,13789b8,2026-06-09T20:52:04.586695+00:00
0be827c3-ee6c-4875-97ed-d39224d01d47,sha_cloud_profiler_v2,grid_search_full,asian,jax,forward,10000,412.434670600004,12.146078387103698,24246.264227622145,0.00412434670600004,,full,full_grid_only,dominated or outside 1.5x margin (score=319.02 vs best=8.52),,,,,,,,3.7173370151853597,n2d-standard-4,europe-west4,europe-west4-a,n2d,4,5.988885012332589,3.62890625,93d038d,2026-06-09T19:57:58.866753+00:00
496efded-8a2c-4826-86f1-c73c6c9a87db,sha_cloud_profiler_v3,grid_search_full,asian,jax,forward,10000,490.50081039999895,73.83280453560704,20387.32615313131,0.004905008103999989,,full,full_grid_only,dominated or outside 1.5x margin (score=360.78 vs best=9.31),,,,,,,,4.621093933772219,n2d-standard-4,europe-west4,europe-west4-a,n2d,4,5.988885012332589,40.25390625,13789b8,2026-06-09T20:54:16.742481+00:00
6a51c17d-2a0d-4e77-a038-0cc8f8292190,sha_cloud_profiler_v2,grid_search_full,asian,jax,forward,50000,654.3370767999988,21.349044314018393,76413.21540959038,0.03271685383999994,,full,full_grid_only,dominated or outside 1.5x margin (score=319.02 vs best=8.52),,,,,,,,2.854389906744314,n2d-standard-4,europe-west4,europe-west4-a,n2d,4,5.77789087176735,14.12890625,93d038d,2026-06-09T19:58:05.262194+00:00
33dc711e-d37d-4501-ad62-5b85595b8bd9,sha_cloud_profiler_v3,grid_search_full,asian,jax,forward,50000,787.7475101999835,27.510926517923618,63472.1142911726,0.03938737550999917,,full,full_grid_only,dominated or outside 1.5x margin (score=360.78 vs best=9.31),,,,,,,,2.819832872425138,n2d-standard-4,europe-west4,europe-west4-a,n2d,4,5.77789087176735,31.21875,13789b8,2026-06-09T20:54:24.409030+00:00
ae6f537b-4d62-4cd8-87c0-026516a7e2d2,sha_cloud_profiler_v2,grid_search_full,asian,jax,forward,100000,968.4983117999991,23.30762420615088,103252.63222621974,0.0968498311799999,,full,full_grid_only,dominated or outside 1.5x margin (score=319.02 vs best=8.52),,,,,,,,2.4771704628546187,n2d-standard-4,europe-west4,europe-west4-a,n2d,4,5.786070148379278,36.35546875,93d038d,2026-06-09T19:58:14.956288+00:00
f66e89b0-667b-44ee-ab53-a8f90c8af6e3,sha_cloud_profiler_v3,grid_search_full,asian,jax,forward,100000,1141.4439689999995,29.676886573472103,87608.3300765156,0.11414439689999994,,full,full_grid_only,dominated or outside 1.5x margin (score=360.78 vs best=9.31),,,,,,,,2.3309651868019325,n2d-standard-4,europe-west4,europe-west4-a,n2d,4,5.786070148379278,35.7265625,13789b8,2026-06-09T20:54:36.171810+00:00
29cae0b0-a884-46e7-acbb-cb6029fe910c,sha_cloud_profiler_v2,sha_probe,asian,jax,none,1000,73.71444000000338,3.126652388577371,13565.863079200686,7.371444000000338e-05,,sha_round_0,,,,0,0,,,,,1.0,n2d-standard-4,europe-west4,europe-west4-a,n2d,4,5.666454879796595,13.4375,93d038d,2026-06-09T19:56:03.116280+00:00
23b89fd1-aa1d-4f64-b04a-fd5ae4776ca6,sha_cloud_profiler_v3,sha_probe,asian,jax,none,1000,86.38425600000232,3.727496594985482,11576.183511958165,8.638425600000232e-05,,sha_round_0,,,,0,0,,,,,1.0,n2d-standard-4,europe-west4,europe-west4-a,n2d,4,5.666454879796595,4.30859375,13789b8,2026-06-09T20:51:59.791845+00:00
c00a7b2b-d809-4004-b442-75dfdc4a6457,sha_cloud_profiler_v2,sha_probe,asian,jax,none,5000,86.15306199999964,4.0839510707921685,58036.2425191576,0.0004307653099999982,,sha_round_1,,,,1,0,,,,,1.0,n2d-standard-4,europe-west4,europe-west4-a,n2d,4,6.007293264560759,21.6796875,93d038d,2026-06-09T19:56:09.170883+00:00
ccbc9a36-a2ae-4f9c-b11d-0e53bfbe970f,sha_cloud_profiler_v3,sha_probe,asian,jax,none,5000,89.92369760000543,2.6231884364224527,55602.695768147525,0.00044961848800002715,,sha_round_1,,,,1,0,,,,,1.0,n2d-standard-4,europe-west4,europe-west4-a,n2d,4,6.007293264560759,17.671875,13789b8,2026-06-09T20:52:06.724054+00:00
b8f877ba-99f8-4254-9486-e2a79e39cdb2,sha_cloud_profiler_v2,profiler_selected,asian,jax,none,10000,90.6976383999961,2.716037003192481,110256.4540423627,0.0009069763839999609,,full,selected_both,diversity guard,,,,,,,,1.0,n2d-standard-4,europe-west4,europe-west4-a,n2d,4,5.988885012332589,30.5703125,93d038d,2026-06-09T19:57:50.577323+00:00
2f192dd4-9149-45e2-a237-b9fdc7cb0c83,sha_cloud_profiler_v3,profiler_selected,asian,jax,none,10000,92.0956235999995,2.5585588902107217,108582.79263554554,0.0009209562359999951,,full,selected_both,diversity guard,,,,,,,,1.0,n2d-standard-4,europe-west4,europe-west4-a,n2d,4,5.988885012332589,30.42578125,13789b8,2026-06-09T20:54:06.747821+00:00
4539521f-7d76-4da4-b180-f0c610f79899,sha_cloud_profiler_v2,sha_probe,asian,jax,none,25000,138.31968171428497,2.567488665202805,180740.72821856505,0.003457992042857124,,sha_round_2,,,,2,0,,,,,1.0,n2d-standard-4,europe-west4,europe-west4-a,n2d,4,5.874825798934808,10.65234375,93d038d,2026-06-09T19:56:12.295792+00:00
a145f563-ab6d-4fde-ba3a-5a364e9e150f,sha_cloud_profiler_v3,sha_probe,asian,jax,none,25000,163.9959161428562,8.649977383209192,152442.82045549597,0.004099897903571405,,sha_round_2,,,,2,0,,,,,1.0,n2d-standard-4,europe-west4,europe-west4-a,n2d,4,5.874825798934808,9.3203125,13789b8,2026-06-09T20:52:10.586771+00:00
8ebe9c23-19ec-4be7-b17c-6f78dc30e0e0,sha_cloud_profiler_v2,profiler_selected,asian,jax,none,50000,222.4900325999954,5.700973725158663,224729.16838433253,0.01112450162999977,,full,selected_both,diversity guard,,,,,,,,1.0,n2d-standard-4,europe-west4,europe-west4-a,n2d,4,5.77789087176735,7.37109375,93d038d,2026-06-09T19:57:52.305797+00:00
5b9fea3e-4710-47e6-97f5-3e4c664a69bc,sha_cloud_profiler_v3,profiler_selected,asian,jax,none,50000,257.7282157999946,10.421267210418655,194002.81744394495,0.01288641078999973,,full,selected_both,diversity guard,,,,,,,,1.0,n2d-standard-4,europe-west4,europe-west4-a,n2d,4,5.77789087176735,7.48828125,13789b8,2026-06-09T20:54:08.690275+00:00
e80b83b8-0dde-4668-a943-0d0460237279,sha_cloud_profiler_v2,profiler_selected,asian,jax,none,100000,384.21524919999683,19.178947949231677,260270.7732403059,0.03842152491999968,,full,selected_both,diversity guard,,,,0.0026649321405528737,71.8580957857163,338.3513098410036,11.937042960811661,1.0,n2d-standard-4,europe-west4,europe-west4-a,n2d,4,5.786070148379278,6.6015625,93d038d,2026-06-09T19:57:55.075011+00:00
642656d7-cfe0-46da-b002-3fedd24250ea,sha_cloud_profiler_v3,profiler_selected,asian,jax,none,100000,502.7630091999924,33.91700099030037,198900.87013187827,0.05027630091999924,,full,selected_both,diversity guard,,,,0.0033853648998845983,78.45251928214711,416.98900927060697,17.060523220646424,1.0,n2d-standard-4,europe-west4,europe-west4-a,n2d,4,5.786070148379278,7.00390625,13789b8,2026-06-09T20:54:12.365021+00:00
17826138-29a2-47fc-801d-7907723eb1bc,sha_cloud_profiler_v2,sha_probe,asian,jax,reverse,1000,245.38649666666856,2.8893623282635486,4075.203866488194,0.00024538649666666857,,sha_round_0,,,,0,0,,,,,3.2455525877624805,n2d-standard-4,europe-west4,europe-west4-a,n2d,4,5.666454879796595,19.37890625,93d038d,2026-06-09T19:56:07.201050+00:00
68fd4d9a-42d1-41e8-a677-cb4bd3ef6e71,sha_cloud_profiler_v2,sha_probe,asian,jax,reverse,1000,245.38649666666856,2.8893623282635486,4075.203866488194,0.00024538649666666857,,sha_round_0,,,,0,1,,,,,3.2455525877624805,n2d-standard-4,europe-west4,europe-west4-a,n2d,4,5.666454879796595,19.37890625,93d038d,2026-06-09T19:56:07.235245+00:00
504b0f0d-4fcc-4e67-abb5-dbf245b76681,sha_cloud_profiler_v3,sha_probe,asian,jax,reverse,1000,276.61438866667254,10.955418495621126,3615.1409361608653,0.00027661438866667253,,sha_round_0,,,,0,0,,,,,3.2132872700928585,n2d-standard-4,europe-west4,europe-west4-a,n2d,4,5.666454879796595,19.37109375,13789b8,2026-06-09T20:52:04.535767+00:00
a6100c6f-18e7-42b9-8345-b43d51d6d155,sha_cloud_profiler_v3,sha_probe,asian,jax,reverse,1000,276.61438866667254,10.955418495621126,3615.1409361608653,0.00027661438866667253,,sha_round_0,,,,0,1,,,,,3.2132872700928585,n2d-standard-4,europe-west4,europe-west4-a,n2d,4,5.666454879796595,19.37109375,13789b8,2026-06-09T20:52:04.591604+00:00
d41f61f4-b9f2-4f5f-9227-2157b6c8fbdc,sha_cloud_profiler_v2,grid_search_full,asian,jax,reverse,10000,288.4250246000022,5.333532745718144,34671.05537693321,0.0028842502460000217,,full,full_grid_only,dominated or outside 1.5x margin (score=212.03 vs best=8.52),,,,,,,,3.111254425186766,n2d-standard-4,europe-west4,europe-west4-a,n2d,4,5.988885012332589,20.65625,93d038d,2026-06-09T19:58:17.995858+00:00
4fdfb7f8-f937-4f1f-b6c1-264c5b07cc52,sha_cloud_profiler_v3,grid_search_full,asian,jax,reverse,10000,328.6814371999867,23.750654590006672,30424.596184041526,0.0032868143719998674,,full,full_grid_only,dominated or outside 1.5x margin (score=240.54 vs best=9.31),,,,,,,,3.1027744181794863,n2d-standard-4,europe-west4,europe-west4-a,n2d,4,5.988885012332589,36.26171875,13789b8,2026-06-09T20:54:39.656410+00:00
2db1bf21-fcdc-4e6d-a9ab-3a98c6a5e3dc,sha_cloud_profiler_v2,grid_search_full,asian,jax,reverse,50000,471.75644999999236,15.824958486975452,105986.8921770986,0.023587822499999616,,full,full_grid_only,dominated or outside 1.5x margin (score=212.03 vs best=8.52),,,,,,,,2.0928063577813476,n2d-standard-4,europe-west4,europe-west4-a,n2d,4,5.77789087176735,104.62890625,93d038d,2026-06-09T19:58:23.267923+00:00
66e58dbd-511c-4428-9bfa-d4fe0907aeda,sha_cloud_profiler_v3,grid_search_full,asian,jax,reverse,50000,525.7112386000131,16.893928623772727,95109.24691880603,0.026285561930000655,,full,full_grid_only,dominated or outside 1.5x margin (score=240.54 vs best=9.31),,,,,,,,2.1252496438819106,n2d-standard-4,europe-west4,europe-west4-a,n2d,4,5.77789087176735,197.3359375,13789b8,2026-06-09T20:54:45.628461+00:00
b2ccdea9-a122-430b-bdf7-df72771be6a7,sha_cloud_profiler_v2,grid_search_full,asian,jax,reverse,100000,722.7710360000003,64.34052305368819,138356.40198509552,0.07227710360000004,,full,full_grid_only,dominated or outside 1.5x margin (score=212.03 vs best=8.52),,,,,,,,1.8359448535477185,n2d-standard-4,europe-west4,europe-west4-a,n2d,4,5.786070148379278,27.95703125,93d038d,2026-06-09T19:58:31.419575+00:00
f87f0a5c-b6e6-464b-acdd-a2f829026dcd,sha_cloud_profiler_v3,grid_search_full,asian,jax,reverse,100000,890.2204137999888,72.04622568417702,112331.73093969018,0.08902204137999888,,full,full_grid_only,dominated or outside 1.5x margin (score=240.54 vs best=9.31),,,,,,,,1.8748016415000444,n2d-standard-4,europe-west4,europe-west4-a,n2d,4,5.786070148379278,25.10546875,13789b8,2026-06-09T20:54:55.273858+00:00
7ab8ab64-cec2-4aa6-b408-c63b708b8f9c,sha_cloud_profiler_v3,sha_probe,european,cpp,none,1000,0.020028999998089603,0.004033882503088343,49927604.97755163,2.0028999998089603e-08,,sha_round_0,,,,0,0,,,,,1.0,n2d-standard-4,europe-west4,europe-west4-a,n2d,4,10.06242275301376,0.0,13789b8,2026-06-09T20:51:58.034043+00:00
77017eea-ca63-41fb-b385-028cf7a1e708,sha_cloud_profiler_v3,sha_probe,european,cpp,none,5000,0.06142260000387977,0.002467830277416739,81403261.98637266,3.0711300001939883e-07,,sha_round_1,,,,1,0,,,,,1.0,n2d-standard-4,europe-west4,europe-west4-a,n2d,4,10.38041988489823,0.0,13789b8,2026-06-09T20:52:04.906743+00:00
056b1f5e-370a-4e10-a3a1-44fa15fa4655,sha_cloud_profiler_v3,sha_probe,european,cpp,none,5000,0.06142260000387977,0.002467830277416739,81403261.98637266,3.0711300001939883e-07,,sha_round_1,,,,1,1,,,,,1.0,n2d-standard-4,europe-west4,europe-west4-a,n2d,4,10.38041988489823,0.0,13789b8,2026-06-09T20:52:06.729895+00:00
879d74f5-0a43-490e-aaeb-bb5763a09396,sha_cloud_profiler_v3,profiler_selected,european,cpp,none,10000,0.09714920000760685,0.007396247468922687,102934455.4480839,9.714920000760686e-07,,full,selected_both,top-3 probe Pareto; diversity guard; fastest probe runtime,,,,,,,,1.0,n2d-standard-4,europe-west4,europe-west4-a,n2d,4,10.465833380212402,0.0,13789b8,2026-06-09T20:52:13.048494+00:00
1dc07e6f-469e-402d-ae91-54edf03fd442,sha_cloud_profiler_v3,profiler_selected,european,cpp,none,50000,0.5359096000006502,0.021478107581045645,93299317.64599726,2.6795480000032512e-05,,full,selected_both,top-3 probe Pareto; diversity guard; fastest probe runtime,,,,,,,,1.0,n2d-standard-4,europe-west4,europe-west4-a,n2d,4,10.449762310278015,0.0,13789b8,2026-06-09T20:52:13.057709+00:00
f8731e10-a8d3-4db7-9abc-9497d6510726,sha_cloud_profiler_v3,profiler_selected,european,cpp,none,100000,1.071471600005225,0.03056370179711185,93329585.21673591,0.00010714716000052248,,full,selected_both,top-3 probe Pareto; diversity guard; fastest probe runtime,,,,1.0348400001447541e-05,0.00968059999664206,1.0445206001413962,2.515325638467434,1.0,n2d-standard-4,europe-west4,europe-west4-a,n2d,4,10.498445568178603,0.0,13789b8,2026-06-09T20:52:13.070673+00:00
2eb98926-3284-45af-bd32-51aaca7cfd04,sha_cloud_profiler_v2,sha_probe,european,cpu,none,1000,0.07032999999504834,0.00984214916037135,14218683.350922879,7.032999999504833e-08,,sha_round_0,,,,0,0,,,,,1.0,n2d-standard-4,europe-west4,europe-west4-a,n2d,4,9.911979607280376,0.0,93d038d,2026-06-09T19:56:01.315154+00:00
e0e204ba-4e2c-4ecd-98b6-aec620392892,sha_cloud_profiler_v3,sha_probe,european,cpu,none,1000,0.09352600000056555,0.023525737653604013,10692213.929751653,9.352600000056554e-08,,sha_round_0,,,,0,0,,,,,1.0,n2d-standard-4,europe-west4,europe-west4-a,n2d,4,9.911979607280376,0.0,13789b8,2026-06-09T20:51:57.653294+00:00
42d2490d-5bb9-4d64-81c2-1932aac40dfb,sha_cloud_profiler_v3,sha_probe,european,cpu,none,1000,0.09352600000056555,0.023525737653604013,10692213.929751653,9.352600000056554e-08,,sha_round_0,,,,0,1,,,,,1.0,n2d-standard-4,europe-west4,europe-west4-a,n2d,4,9.911979607280376,0.0,13789b8,2026-06-09T20:52:04.541639+00:00
c629bff5-951d-41d7-9ca2-21c155b5319e,sha_cloud_profiler_v2,sha_probe,european,cpu,none,5000,0.14655159999961143,0.021461163695270048,34117675.958592445,7.327579999980571e-07,,sha_round_1,,,,1,0,,,,,1.0,n2d-standard-4,europe-west4,europe-west4-a,n2d,4,10.168919879680967,0.0,93d038d,2026-06-09T19:56:07.241434+00:00
696989e6-8cba-40cf-8e82-edb2ce575932,sha_cloud_profiler_v2,profiler_selected,european,cpu,none,10000,0.20756940000126178,0.0144311905332766,48176658.02348136,2.075694000012618e-06,,full,selected_both,top-3 probe Pareto; diversity guard; fastest probe runtime,,,,,,,,1.0,n2d-standard-4,europe-west4,europe-west4-a,n2d,4,10.345182037175293,0.0,93d038d,2026-06-09T19:56:12.304227+00:00
7ec17f73-2276-4498-a1a0-862784b33de5,sha_cloud_profiler_v3,profiler_selected,european,cpu,none,10000,0.22893680000493077,0.024371032967361938,43680177.23574638,2.289368000049308e-06,,full,selected_old,diversity guard,,,,,,,,1.0,n2d-standard-4,europe-west4,europe-west4-a,n2d,4,10.345182037175293,0.0,13789b8,2026-06-09T20:52:10.596901+00:00
79b2862c-0401-40af-8f6b-458f3bce0c00,sha_cloud_profiler_v2,sha_probe,european,cpu,none,25000,0.4851271428581835,0.019589821078255125,51532882.39596236,1.2128178571454588e-05,,sha_round_2,,,,2,0,,,,,1.0,n2d-standard-4,europe-west4,europe-west4-a,n2d,4,10.55784100685751,0.0,93d038d,2026-06-09T19:56:09.190660+00:00
02f42da2-f809-492a-b88b-0fba1181d206,sha_cloud_profiler_v2,profiler_selected,european,cpu,none,50000,0.9898808000002647,0.03510412564533079,50511132.249445215,4.9494040000013234e-05,,full,selected_both,top-3 probe Pareto; diversity guard; fastest probe runtime,,,,,,,,1.0,n2d-standard-4,europe-west4,europe-west4-a,n2d,4,10.457691538845074,0.0,93d038d,2026-06-09T19:56:12.316986+00:00
a91cb3ec-887e-4283-b010-26b2a48df676,sha_cloud_profiler_v3,profiler_selected,european,cpu,none,50000,1.0775058000035642,0.06950568179596826,46403462.51485107,5.387529000017821e-05,,full,selected_old,diversity guard,,,,,,,,1.0,n2d-standard-4,europe-west4,europe-west4-a,n2d,4,10.457691538845074,0.0,13789b8,2026-06-09T20:52:10.612802+00:00
ca504d82-6924-4de0-ac3b-c8f0413669e1,sha_cloud_profiler_v2,profiler_selected,european,cpu,none,100000,1.8591596000021582,0.017989382459568617,53787743.666484535,0.00018591596000021583,,full,selected_both,top-3 probe Pareto; diversity guard; fastest probe runtime,,,,1.7168879723694498e-05,0.05659115713943796,1.7734791295088876,4.608559184115828,1.0,n2d-standard-4,europe-west4,europe-west4-a,n2d,4,10.420541193153111,0.0,93d038d,2026-06-09T19:56:12.336025+00:00
876c9ef4-c6b7-423c-a184-8e0779479e71,sha_cloud_profiler_v3,profiler_selected,european,cpu,none,100000,2.007949400012876,0.030127823201573124,49802051.78445171,0.00020079494000128763,,full,selected_old,diversity guard,,,,,,,,1.0,n2d-standard-4,europe-west4,europe-west4-a,n2d,4,10.420541193153111,0.0,13789b8,2026-06-09T20:52:10.633812+00:00
7f3da16a-b859-4544-85cc-882217c06f90,sha_cloud_profiler_v2,sha_probe,european,jax,forward,1000,1.6015723333377234,0.14746727173794155,624386.4102696946,1.6015723333377234e-06,,sha_round_0,,,,0,0,,,,,4.76791347589083,n2d-standard-4,europe-west4,europe-west4-a,n2d,4,10.69890892983176,0.0,93d038d,2026-06-09T19:56:01.435842+00:00
ae442fd2-fe3e-4207-aa48-29bcb881546a,sha_cloud_profiler_v2,sha_probe,european,jax,forward,1000,1.6015723333377234,0.14746727173794155,624386.4102696946,1.6015723333377234e-06,,sha_round_0,,,,0,1,,,,,4.76791347589083,n2d-standard-4,europe-west4,europe-west4-a,n2d,4,10.69890892983176,0.0,93d038d,2026-06-09T19:56:07.206736+00:00
213d3eb0-ae78-467c-9ba7-a6a10fd110d0,sha_cloud_profiler_v3,sha_probe,european,jax,forward,1000,1.9882839999970279,0.2709373616156504,502946.25918706524,1.988283999997028e-06,,sha_round_0,,,,0,0,,,,,4.22422591706043,n2d-standard-4,europe-west4,europe-west4-a,n2d,4,10.69890892983176,0.2578125,13789b8,2026-06-09T20:51:57.785594+00:00
2cebb049-c667-4a84-87f2-64700fdda400,sha_cloud_profiler_v3,sha_probe,european,jax,forward,1000,1.9882839999970279,0.2709373616156504,502946.25918706524,1.988283999997028e-06,,sha_round_0,,,,0,1,,,,,4.22422591706043,n2d-standard-4,europe-west4,europe-west4-a,n2d,4,10.69890892983176,0.2578125,13789b8,2026-06-09T20:52:04.546072+00:00
2db4f747-799c-4acb-9919-c7bc6f7e3067,sha_cloud_profiler_v2,grid_search_full,european,jax,forward,10000,1.7091361999973742,0.0612978593010199,5850908.780713535,1.7091361999973742e-05,,full,full_grid_only,dominated or outside 1.5x margin (score=1.46 vs best=0.08),,,,,,,,3.0704372967760287,n2d-standard-4,europe-west4,europe-west4-a,n2d,4,10.420809313193189,0.0,93d038d,2026-06-09T19:56:13.284031+00:00
696a286c-04ff-4ed3-9736-e9ac9ffe9445,sha_cloud_profiler_v3,grid_search_full,european,jax,forward,10000,1.8839133999961177,0.16332972106698446,5308099.618602749,1.8839133999961176e-05,,full,full_grid_only,dominated or outside 1.5x margin (score=1.89 vs best=0.02),,,,,,,,3.1235269091537456,n2d-standard-4,europe-west4,europe-west4-a,n2d,4,10.420809313193189,0.0,13789b8,2026-06-09T20:52:11.739559+00:00
c7e64971-c303-40e1-a685-0e0f73a35416,sha_cloud_profiler_v2,grid_search_full,european,jax,forward,50000,3.0198758000011594,0.5470242486299577,16556972.309914468,0.00015099379000005797,,full,full_grid_only,dominated or outside 1.5x margin (score=1.46 vs best=0.08),,,,,,,,2.791078790788665,n2d-standard-4,europe-west4,europe-west4-a,n2d,4,10.427615610007502,0.0,93d038d,2026-06-09T19:56:13.429227+00:00
3984c598-64c0-4adb-af1e-876dd4b2bb83,sha_cloud_profiler_v3,grid_search_full,european,jax,forward,50000,3.583078200011869,0.48363694235476007,13954481.931160301,0.00017915391000059342,,full,full_grid_only,dominated or outside 1.5x margin (score=1.89 vs best=0.02),,,,,,,,2.399565154448555,n2d-standard-4,europe-west4,europe-west4-a,n2d,4,10.427615610007502,0.0,13789b8,2026-06-09T20:52:12.015090+00:00
7acad3f2-4db8-495d-b21c-395ae319b60c,sha_cloud_profiler_v2,grid_search_full,european,jax,forward,100000,3.4386162000004106,0.05652587076775751,29081465.968777806,0.00034386162000004105,,full,full_grid_only,dominated or outside 1.5x margin (score=1.46 vs best=0.08),,,,,,,,1.9950499369381018,n2d-standard-4,europe-west4,europe-west4-a,n2d,4,10.444163637298749,0.0,93d038d,2026-06-09T19:56:13.586529+00:00
ccd51454-6f87-4c54-a066-bb10e235bcb0,sha_cloud_profiler_v3,grid_search_full,european,jax,forward,100000,4.639061799997535,0.2742279006944786,21556082.740706995,0.0004639061799997535,,full,full_grid_only,dominated or outside 1.5x margin (score=1.89 vs best=0.02),,,,,,,,1.9103518690298513,n2d-standard-4,europe-west4,europe-west4-a,n2d,4,10.444163637298749,0.0,13789b8,2026-06-09T20:52:12.203749+00:00
eaaf0651-0042-4bbb-8188-756a3701ef91,sha_cloud_profiler_v2,sha_probe,european,jax,none,1000,0.35943299999511663,0.04273621610539016,2782159.6793104312,3.5943299999511666e-07,,sha_round_0,,,,0,0,,,,,1.0,n2d-standard-4,europe-west4,europe-west4-a,n2d,4,10.69890892983176,0.0,93d038d,2026-06-09T19:56:01.323873+00:00
72a8e752-22d4-405c-bd06-369e8f865add,sha_cloud_profiler_v3,sha_probe,european,jax,none,1000,0.5015286666605334,0.06462214179904488,1993903.9709506053,5.015286666605334e-07,,sha_round_0,,,,0,0,,,,,1.0,n2d-standard-4,europe-west4,europe-west4-a,n2d,4,10.69890892983176,0.0,13789b8,2026-06-09T20:51:57.663808+00:00
517d4d07-9783-419e-94cc-4b07d9ef0a7a,sha_cloud_profiler_v2,sha_probe,european,jax,none,5000,0.7297880000010082,0.09797712947542345,6851304.762469501,3.648940000005041e-06,,sha_round_1,,,,1,0,,,,,1.0,n2d-standard-4,europe-west4,europe-west4-a,n2d,4,10.533137565070216,0.0,93d038d,2026-06-09T19:56:07.497800+00:00
f16a8478-ff43-407a-9792-1fc70bd5103c,sha_cloud_profiler_v2,sha_probe,european,jax,none,5000,0.7297880000010082,0.09797712947542345,6851304.762469501,3.648940000005041e-06,,sha_round_1,,,,1,1,,,,,1.0,n2d-standard-4,europe-west4,europe-west4-a,n2d,4,10.533137565070216,0.0,93d038d,2026-06-09T19:56:09.176657+00:00
37269c2f-9426-4204-b106-30008b4ae3ea,sha_cloud_profiler_v3,sha_probe,european,jax,none,5000,0.6794727999931638,0.02824180061508278,7358646.2917283885,3.397363999965819e-06,,sha_round_1,,,,1,0,,,,,1.0,n2d-standard-4,europe-west4,europe-west4-a,n2d,4,10.533137565070216,0.0,13789b8,2026-06-09T20:52:04.897825+00:00
35ff74c8-3b93-4745-8053-3d293cc6ce5e,sha_cloud_profiler_v2,profiler_selected,european,jax,none,10000,0.7852899999988949,0.07242335342164552,12734149.167841272,7.852899999988949e-06,,full,selected_old,within 1.5x safety margin; diversity guard,,,,,,,,1.0,n2d-standard-4,europe-west4,europe-west4-a,n2d,4,10.420809313193189,0.1484375,93d038d,2026-06-09T19:56:12.604956+00:00
67f4d19d-9081-455f-b84c-54908d130e3d,sha_cloud_profiler_v3,profiler_selected,european,jax,none,10000,0.8196116000021902,0.04234515841730912,12200901.01210534,8.196116000021902e-06,,full,selected_both,diversity guard,,,,,,,,1.0,n2d-standard-4,europe-west4,europe-west4-a,n2d,4,10.420809313193189,0.0,13789b8,2026-06-09T20:52:10.959335+00:00
088a7639-7b7c-4442-9ff8-78120a0c3598,sha_cloud_profiler_v3,sha_probe,european,jax,none,25000,0.862860714294454,0.06818106997637684,28973390.010509472,2.157151785736135e-05,,sha_round_2,,,,2,0,,,,,1.0,n2d-standard-4,europe-west4,europe-west4-a,n2d,4,10.38964722998872,0.0,13789b8,2026-06-09T20:52:07.032849+00:00
9036ac4d-1309-4daa-ba11-4a2dd520a06e,sha_cloud_profiler_v2,profiler_selected,european,jax,none,50000,1.1617924000006496,0.10881426794428158,43036948.769825004,5.808962000003248e-05,,full,selected_old,within 1.5x safety margin; diversity guard,,,,,,,,1.0,n2d-standard-4,europe-west4,europe-west4-a,n2d,4,10.427615610007502,0.0,93d038d,2026-06-09T19:56:12.882128+00:00
8842943d-5823-4199-a641-9d1c97ca4a3a,sha_cloud_profiler_v3,profiler_selected,european,jax,none,50000,1.1557949999996708,0.07090095141975558,43260266.74281705,5.7789749999983544e-05,,full,selected_both,diversity guard,,,,,,,,1.0,n2d-standard-4,europe-west4,europe-west4-a,n2d,4,10.427615610007502,0.0,13789b8,2026-06-09T20:52:11.280692+00:00
d019b66f-2ae2-4b40-aaee-52422a3d760b,sha_cloud_profiler_v2,profiler_selected,european,jax,none,100000,2.375900199999137,0.09519972201361396,42089309.9802914,0.0002375900199999137,,full,selected_old,within 1.5x safety margin; diversity guard,,,,9.258875000147289e-05,0.2668442499936437,9.525719250140932,300.93095030441066,1.0,n2d-standard-4,europe-west4,europe-west4-a,n2d,4,10.444163637298749,0.0,93d038d,2026-06-09T19:56:13.158347+00:00
fc6459c2-b57f-4537-a358-9b834495f894,sha_cloud_profiler_v3,profiler_selected,european,jax,none,100000,2.6646672000083527,0.1728232135756716,37528138.59820338,0.00026646672000083524,,full,selected_both,diversity guard,,,,1.3156758026784704e-05,0.5453342273726084,1.8610100300510788,30.15975765959647,1.0,n2d-standard-4,europe-west4,europe-west4-a,n2d,4,10.444163637298749,0.0,13789b8,2026-06-09T20:52:11.592813+00:00
6bf49c7a-38ee-4242-b413-c3e0a1c1a57a,sha_cloud_profiler_v2,sha_probe,european,jax,reverse,1000,2.2131519999959437,0.3041121809049437,451844.2474813446,2.2131519999959438e-06,,sha_round_0,,,,0,0,,,,,5.559845249455169,n2d-standard-4,europe-west4,europe-west4-a,n2d,4,10.69890892983176,0.0,93d038d,2026-06-09T19:56:01.638366+00:00
77b0acdf-12e9-47ab-b43c-512f39280b04,sha_cloud_profiler_v2,sha_probe,european,jax,reverse,1000,2.2131519999959437,0.3041121809049437,451844.2474813446,2.2131519999959438e-06,,sha_round_0,,,,0,1,,,,,5.559845249455169,n2d-standard-4,europe-west4,europe-west4-a,n2d,4,10.69890892983176,0.0,93d038d,2026-06-09T19:56:07.212359+00:00
0ea17bea-fc90-4d43-813c-0f355fe4db51,sha_cloud_profiler_v3,sha_probe,european,jax,reverse,1000,2.476334333332867,0.5117565215922136,403822.6933009133,2.4763343333328673e-06,,sha_round_0,,,,0,0,,,,,6.491818162761531,n2d-standard-4,europe-west4,europe-west4-a,n2d,4,10.69890892983176,0.0,13789b8,2026-06-09T20:51:58.025884+00:00
e34066fe-1a49-47af-83e5-19f85a8e1d82,sha_cloud_profiler_v3,sha_probe,european,jax,reverse,1000,2.476334333332867,0.5117565215922136,403822.6933009133,2.4763343333328673e-06,,sha_round_0,,,,0,1,,,,,6.491818162761531,n2d-standard-4,europe-west4,europe-west4-a,n2d,4,10.69890892983176,0.0,13789b8,2026-06-09T20:52:04.551914+00:00
f258ef46-53fb-4fd6-b3b4-a8df65722aba,sha_cloud_profiler_v2,grid_search_full,european,jax,reverse,10000,2.163906600000587,0.06756887049285239,4621271.546561801,2.163906600000587e-05,,full,full_grid_only,dominated or outside 1.5x margin (score=2.23 vs best=0.08),,,,,,,,3.1625140557996883,n2d-standard-4,europe-west4,europe-west4-a,n2d,4,10.420809313193189,0.0,93d038d,2026-06-09T19:56:13.875641+00:00
c789fcda-62ce-4f51-8596-00fe97a0a3bf,sha_cloud_profiler_v3,grid_search_full,european,jax,reverse,10000,2.26541099999622,0.08737015662817467,4414210.048426835,2.2654109999962203e-05,,full,full_grid_only,dominated or outside 1.5x margin (score=2.62 vs best=0.02),,,,,,,,4.0439917185259935,n2d-standard-4,europe-west4,europe-west4-a,n2d,4,10.420809313193189,0.0,13789b8,2026-06-09T20:52:12.442518+00:00
5908f935-9de8-42a6-8804-d6a50ec4ad3b,sha_cloud_profiler_v2,grid_search_full,european,jax,reverse,50000,2.824929999999881,0.13581597772184295,17699553.61725852,0.00014124649999999405,,full,full_grid_only,dominated or outside 1.5x margin (score=2.23 vs best=0.08),,,,,,,,2.6890455374837496,n2d-standard-4,europe-west4,europe-west4-a,n2d,4,10.427615610007502,0.0,93d038d,2026-06-09T19:56:14.117300+00:00
04685172-1d59-4bf7-83e7-0b86f5798fdc,sha_cloud_profiler_v3,grid_search_full,european,jax,reverse,50000,4.073327200001131,0.6633787933409014,12274977.566247592,0.00020366636000005656,,full,full_grid_only,dominated or outside 1.5x margin (score=2.62 vs best=0.02),,,,,,,,3.4444492926111767,n2d-standard-4,europe-west4,europe-west4-a,n2d,4,10.427615610007502,0.2578125,13789b8,2026-06-09T20:52:12.732175+00:00
165da738-b3ac-4724-9219-91e599780c09,sha_cloud_profiler_v2,grid_search_full,european,jax,reverse,100000,3.4744495999973424,0.06793693871396372,28781537.081463635,0.00034744495999973425,,full,full_grid_only,dominated or outside 1.5x margin (score=2.23 vs best=0.08),,,,,,,,2.0410945947834893,n2d-standard-4,europe-west4,europe-west4-a,n2d,4,10.444163637298749,0.0,93d038d,2026-06-09T19:56:14.371691+00:00
d0f6de13-9c7c-4b93-abdb-52a81ca1a494,sha_cloud_profiler_v3,grid_search_full,european,jax,reverse,100000,4.742451399999936,0.3503138629884976,21086141.230672676,0.0004742451399999936,,full,full_grid_only,dominated or outside 1.5x margin (score=2.62 vs best=0.02),,,,,,,,1.7830815875817505,n2d-standard-4,europe-west4,europe-west4-a,n2d,4,10.444163637298749,0.0,13789b8,2026-06-09T20:52:13.037091+00:00
a213aeb5-b5df-47c3-b112-01bc7dc92388,sha_cloud_profiler_v3,sha_probe,european,rust,none,1000,0.08970866666402344,0.02789438095672669,11147194.99449475,8.970866666402344e-08,,sha_round_0,,,,0,0,,,,,1.0,n2d-standard-4,europe-west4,europe-west4-a,n2d,4,10.514455551496651,0.0,13789b8,2026-06-09T20:51:58.041361+00:00
ecedf76c-42fb-4e58-9ff2-79d3f900dc2b,sha_cloud_profiler_v3,sha_probe,european,rust,none,1000,0.08970866666402344,0.02789438095672669,11147194.99449475,8.970866666402344e-08,,sha_round_0,,,,0,1,,,,,1.0,n2d-standard-4,europe-west4,europe-west4-a,n2d,4,10.514455551496651,0.0,13789b8,2026-06-09T20:52:04.557262+00:00
f9fe449b-845c-4001-ab41-445bcde4acda,sha_cloud_profiler_v3,profiler_selected,european,rust,none,10000,0.24778920000017024,0.0847759266636021,40356883.99653064,2.4778920000017023e-06,,full,selected_old,diversity guard,,,,,,,,1.0,n2d-standard-4,europe-west4,europe-west4-a,n2d,4,10.646711083066169,0.0,13789b8,2026-06-09T20:52:13.078021+00:00
5e44539c-b3ae-4f79-b47e-3dee4183e2aa,sha_cloud_profiler_v3,profiler_selected,european,rust,none,50000,0.2986591999956545,0.018242230592024598,167414899.66064164,1.4932959999782724e-05,,full,selected_old,diversity guard,,,,,,,,1.0,n2d-standard-4,europe-west4,europe-west4-a,n2d,4,10.78678778980912,0.0,13789b8,2026-06-09T20:52:13.086307+00:00
27b556e8-116c-46ad-b5e4-9df30e4a1aaf,sha_cloud_profiler_v3,profiler_selected,european,rust,none,100000,0.5548498000052859,0.07624456883453923,180228955.6543903,5.5484980000528596e-05,,full,selected_old,diversity guard,,,,,,,,1.0,n2d-standard-4,europe-west4,europe-west4-a,n2d,4,10.483411867121832,0.0,13789b8,2026-06-09T20:52:13.095834+00:00
5216b2b5-d706-420f-ad0d-68ba81986b9b,sha_cloud_profiler_v3,sha_probe,european_local_vol,cpp,none,1000,5.856070333337016,0.03207126237927048,170762.97637807933,5.856070333337015e-06,,sha_round_0,,,,0,0,,,,,1.0,n2d-standard-4,europe-west4,europe-west4-a,n2d,4,10.799289953487207,0.0,13789b8,2026-06-09T20:51:59.366835+00:00
79e81c21-e545-44a9-986e-32e2501a160c,sha_cloud_profiler_v3,sha_probe,european_local_vol,cpp,none,1000,5.856070333337016,0.03207126237927048,170762.97637807933,5.856070333337015e-06,,sha_round_0,,,,0,1,,,,,1.0,n2d-standard-4,europe-west4,europe-west4-a,n2d,4,10.799289953487207,0.0,13789b8,2026-06-09T20:52:04.577210+00:00
fcaca031-2d52-43d7-b5a2-f3375a6deb51,sha_cloud_profiler_v3,profiler_selected,european_local_vol,cpp,none,10000,57.7081354000029,0.19124936012645982,173285.79290745023,0.0005770813540000291,,full,selected_both,within 1.5x safety margin; diversity guard,,,,,,,,1.0,n2d-standard-4,europe-west4,europe-west4-a,n2d,4,10.299848161476232,0.0,13789b8,2026-06-09T20:53:47.111271+00:00
34115ee5-23d5-421a-a030-442498b41a92,sha_cloud_profiler_v3,profiler_selected,european_local_vol,cpp,none,50000,286.7542743999934,0.133253585739797,174365.31715044298,0.01433771371999967,,full,selected_both,within 1.5x safety margin; diversity guard,,,,,,,,1.0,n2d-standard-4,europe-west4,europe-west4-a,n2d,4,10.453598428849661,0.0,13789b8,2026-06-09T20:53:49.132069+00:00
66eea1b6-1231-4a44-bd62-a79653d510fb,sha_cloud_profiler_v3,profiler_selected,european_local_vol,cpp,none,100000,574.2579019999937,1.592166934603498,174137.78661421206,0.05742579019999937,,full,selected_both,within 1.5x safety margin; diversity guard,,,,,,,,1.0,n2d-standard-4,europe-west4,europe-west4-a,n2d,4,10.481566278295533,0.0,13789b8,2026-06-09T20:53:53.157632+00:00
14feefc3-a500-4da6-be86-5b661187a3b3,sha_cloud_profiler_v2,sha_probe,european_local_vol,cpu,none,1000,13.382855000003246,0.1270760058264693,74722.47140088998,1.3382855000003246e-05,,sha_round_0,,,,0,0,,,,,1.0,n2d-standard-4,europe-west4,europe-west4-a,n2d,4,10.617705144273907,0.0,93d038d,2026-06-09T19:56:01.699441+00:00
3d2f9fc4-93aa-4101-a2ac-3ec102b41f45,sha_cloud_profiler_v2,sha_probe,european_local_vol,cpu,none,1000,13.382855000003246,0.1270760058264693,74722.47140088998,1.3382855000003246e-05,,sha_round_0,,,,0,1,,,,,1.0,n2d-standard-4,europe-west4,europe-west4-a,n2d,4,10.617705144273907,0.0,93d038d,2026-06-09T19:56:07.216780+00:00
0e5a5036-8664-44a4-a53f-1f54395248fa,sha_cloud_profiler_v3,sha_probe,european_local_vol,cpu,none,1000,13.483675999997521,0.07214806611653897,74163.75178402268,1.348367599999752e-05,,sha_round_0,,,,0,0,,,,,1.0,n2d-standard-4,europe-west4,europe-west4-a,n2d,4,10.617705144273907,0.0,13789b8,2026-06-09T20:51:58.103628+00:00
45934190-4840-4945-b977-027083e4e0bc,sha_cloud_profiler_v3,sha_probe,european_local_vol,cpu,none,1000,13.483675999997521,0.07214806611653897,74163.75178402268,1.348367599999752e-05,,sha_round_0,,,,0,1,,,,,1.0,n2d-standard-4,europe-west4,europe-west4-a,n2d,4,10.617705144273907,0.0,13789b8,2026-06-09T20:52:04.562004+00:00
407eac28-6d05-4e35-8523-169a65cdf5d4,sha_cloud_profiler_v2,profiler_selected,european_local_vol,cpu,none,10000,97.61845559999927,0.3522851087775924,102439.64564422052,0.0009761845559999926,,full,selected_old,diversity guard,,,,,,,,1.0,n2d-standard-4,europe-west4,europe-west4-a,n2d,4,10.602178772105725,0.0,93d038d,2026-06-09T19:56:15.068528+00:00
8d6b46d8-d1cb-4221-a77f-28c3c4227468,sha_cloud_profiler_v3,profiler_selected,european_local_vol,cpu,none,10000,98.77228000000287,0.7206556774981321,101242.98031795672,0.0009877228000000286,,full,selected_old,diversity guard,,,,,,,,1.0,n2d-standard-4,europe-west4,europe-west4-a,n2d,4,10.602178772105725,0.0,13789b8,2026-06-09T20:52:13.800089+00:00
0ed2c848-adaa-46a7-8501-1abcaad3e328,sha_cloud_profiler_v2,profiler_selected,european_local_vol,cpu,none,50000,590.5936991999937,2.1033112156147062,84660.5713330992,0.029529684959999684,,full,selected_old,diversity guard,,,,,,,,1.0,n2d-standard-4,europe-west4,europe-west4-a,n2d,4,10.497984162229226,0.0,93d038d,2026-06-09T19:56:19.212854+00:00
e199fbda-b7e9-40ba-a247-13192cc9adf4,sha_cloud_profiler_v3,profiler_selected,european_local_vol,cpu,none,50000,602.6364146000049,7.1142633192921005,82968.76655418692,0.03013182073000024,,full,selected_old,diversity guard,,,,,,,,1.0,n2d-standard-4,europe-west4,europe-west4-a,n2d,4,10.497984162229226,0.0,13789b8,2026-06-09T20:52:18.021825+00:00
88ba42df-5b59-4313-a27c-111baed3a51c,sha_cloud_profiler_v2,profiler_selected,european_local_vol,cpu,none,100000,1073.457731800005,10.780898202427409,93156.90505327779,0.10734577318000049,,full,selected_old,diversity guard,,,,,,,,1.0,n2d-standard-4,europe-west4,europe-west4-a,n2d,4,10.493294790051618,0.0,93d038d,2026-06-09T19:56:26.715962+00:00
8010774c-e09b-4a8c-8953-6eb6b2027761,sha_cloud_profiler_v3,profiler_selected,european_local_vol,cpu,none,100000,1097.1130409999944,4.067371269544999,91148.31039548323,0.10971130409999945,,full,selected_old,diversity guard,,,,,,,,1.0,n2d-standard-4,europe-west4,europe-west4-a,n2d,4,10.493294790051618,0.0,13789b8,2026-06-09T20:52:25.694565+00:00
f7f98ab0-2350-4c7b-8230-86d60c6b8d36,sha_cloud_profiler_v2,sha_probe,european_local_vol,jax,forward,1000,43.92040433333477,0.7506369373118544,22768.460700190288,4.392040433333477e-05,,sha_round_0,,,,0,0,,,,,4.158203709144133,n2d-standard-4,europe-west4,europe-west4-a,n2d,4,10.338233718138095,4.94921875,93d038d,2026-06-09T19:56:02.167474+00:00
d2d345f2-38ae-46ea-b543-cfbb2df563ff,sha_cloud_profiler_v2,sha_probe,european_local_vol,jax,forward,1000,43.92040433333477,0.7506369373118544,22768.460700190288,4.392040433333477e-05,,sha_round_0,,,,0,1,,,,,4.158203709144133,n2d-standard-4,europe-west4,europe-west4-a,n2d,4,10.338233718138095,4.94921875,93d038d,2026-06-09T19:56:07.221395+00:00
b6c51d33-2373-4912-b966-411584acf22b,sha_cloud_profiler_v3,sha_probe,european_local_vol,jax,forward,1000,44.878535333329715,0.37293341211520237,22282.367117657137,4.4878535333329714e-05,,sha_round_0,,,,0,0,,,,,4.203025821575047,n2d-standard-4,europe-west4,europe-west4-a,n2d,4,10.338233718138095,0.0,13789b8,2026-06-09T20:51:58.606361+00:00
375033f2-4bb1-4f59-b1c6-f70c4055873a,sha_cloud_profiler_v3,sha_probe,european_local_vol,jax,forward,1000,44.878535333329715,0.37293341211520237,22282.367117657137,4.4878535333329714e-05,,sha_round_0,,,,0,1,,,,,4.203025821575047,n2d-standard-4,europe-west4,europe-west4-a,n2d,4,10.338233718138095,0.0,13789b8,2026-06-09T20:52:04.566579+00:00
59d76279-3d5d-4bf2-a888-375049237b4b,sha_cloud_profiler_v2,grid_search_full,european_local_vol,jax,forward,10000,465.2951146000021,4.419084109932152,21491.73650489894,0.004652951146000021,,full,full_grid_only,dominated or outside 1.5x margin (score=39.39 vs best=4.50),,,,,,,,5.245371230318088,n2d-standard-4,europe-west4,europe-west4-a,n2d,4,10.72713156721504,1.28125,93d038d,2026-06-09T19:56:38.669030+00:00
3ead720c-b102-4d22-8cae-fc6a08dd7388,sha_cloud_profiler_v3,grid_search_full,european_local_vol,jax,forward,10000,464.98886239999706,6.075220210850358,21505.89144949822,0.004649888623999971,,full,full_grid_only,dominated or outside 1.5x margin (score=38.74 vs best=4.75),,,,,,,,5.079182511401674,n2d-standard-4,europe-west4,europe-west4-a,n2d,4,10.72713156721504,0.0,13789b8,2026-06-09T20:52:38.650195+00:00
2c40b9f4-e17b-4687-89dd-942d8719fb07,sha_cloud_profiler_v2,grid_search_full,european_local_vol,jax,forward,50000,1566.670359599999,22.428713308258,31914.818387683008,0.07833351797999996,,full,full_grid_only,dominated or outside 1.5x margin (score=39.39 vs best=4.50),,,,,,,,5.167658310361251,n2d-standard-4,europe-west4,europe-west4-a,n2d,4,10.398122891668713,0.08203125,93d038d,2026-06-09T19:56:52.032091+00:00
44238b58-5dcc-4339-8968-e77ea5ba208c,sha_cloud_profiler_v3,grid_search_full,european_local_vol,jax,forward,50000,1639.6454613999992,46.14054626645651,30494.397220059916,0.08198227306999996,,full,full_grid_only,dominated or outside 1.5x margin (score=38.74 vs best=4.75),,,,,,,,4.856228800106584,n2d-standard-4,europe-west4,europe-west4-a,n2d,4,10.398122891668713,0.01953125,13789b8,2026-06-09T20:52:52.648455+00:00
b506ca22-f987-45c1-8751-cee38d20f813,sha_cloud_profiler_v2,grid_search_full,european_local_vol,jax,forward,100000,3159.8762335999936,58.201166803831434,31646.809117606383,0.31598762335999936,,full,full_grid_only,dominated or outside 1.5x margin (score=39.39 vs best=4.50),,,,,,,,5.326921985516161,n2d-standard-4,europe-west4,europe-west4-a,n2d,4,10.490112213077344,0.16015625,93d038d,2026-06-09T19:57:18.533823+00:00
55bac4b7-7a65-49a8-95eb-7d141771a8a8,sha_cloud_profiler_v3,grid_search_full,european_local_vol,jax,forward,100000,3263.5268264000047,77.86147725378277,30641.69694915913,0.32635268264000045,,full,full_grid_only,dominated or outside 1.5x margin (score=38.74 vs best=4.75),,,,,,,,4.834754438818469,n2d-standard-4,europe-west4,europe-west4-a,n2d,4,10.490112213077344,0.109375,13789b8,2026-06-09T20:53:19.978264+00:00
cca24cf8-756d-462c-9560-5d51e4214cb3,sha_cloud_profiler_v2,sha_probe,european_local_vol,jax,none,1000,9.55040066666868,0.23541043654415553,104707.64891467268,9.55040066666868e-06,,sha_round_0,,,,0,0,,,,,1.0,n2d-standard-4,europe-west4,europe-west4-a,n2d,4,10.338233718138095,0.0,93d038d,2026-06-09T19:56:01.744504+00:00
2ab36612-11ff-48a7-a586-0d4d7f2a9e99,sha_cloud_profiler_v3,sha_probe,european_local_vol,jax,none,1000,10.449900999996467,0.7731896283359032,95694.68648557896,1.0449900999996467e-05,,sha_round_0,,,,0,0,,,,,1.0,n2d-standard-4,europe-west4,europe-west4-a,n2d,4,10.338233718138095,0.0,13789b8,2026-06-09T20:51:58.153808+00:00
96553042-44bc-4e60-b103-9e679c61a3ed,sha_cloud_profiler_v2,sha_probe,european_local_vol,jax,none,5000,44.43309679999459,1.396835659601711,112528.73106068558,0.00022216548399997294,,sha_round_1,,,,1,0,,,,,1.0,n2d-standard-4,europe-west4,europe-west4-a,n2d,4,10.858841281852154,0.0,93d038d,2026-06-09T19:56:08.153715+00:00
a12284d4-93f7-48f7-a06e-359689d190c6,sha_cloud_profiler_v3,sha_probe,european_local_vol,jax,none,5000,43.17119800000455,0.33771819936672204,115817.95807472085,0.00021585599000002276,,sha_round_1,,,,1,0,,,,,1.0,n2d-standard-4,europe-west4,europe-west4-a,n2d,4,10.858841281852154,0.0,13789b8,2026-06-09T20:52:05.582457+00:00
db2da0c4-5552-4eaa-ab14-b590417caec2,sha_cloud_profiler_v2,profiler_selected,european_local_vol,jax,none,10000,88.76387640000019,1.4493873863676145,112658.44176223897,0.0008876387640000019,,full,selected_both,top-3 probe Pareto; diversity guard; fastest probe runtime,,,,,,,,1.0,n2d-standard-4,europe-west4,europe-west4-a,n2d,4,10.72713156721504,0.25,93d038d,2026-06-09T19:56:27.676980+00:00
3eb87fe6-4115-4479-8062-406784bd1ac1,sha_cloud_profiler_v3,profiler_selected,european_local_vol,jax,none,10000,91.9006338000031,0.7130374968555587,108813.1777389294,0.0009190063380000311,,full,selected_both,within 1.5x safety margin; diversity guard,,,,,,,,1.0,n2d-standard-4,europe-west4,europe-west4-a,n2d,4,10.72713156721504,0.0,13789b8,2026-06-09T20:52:26.701064+00:00
cdfe1620-f2d8-48c7-a3ca-4ffae35eb14f,sha_cloud_profiler_v2,sha_probe,european_local_vol,jax,none,25000,153.12492457142721,4.655798854058867,163265.38654612307,0.0038281231142856804,,sha_round_2,,,,2,0,,,,,1.0,n2d-standard-4,europe-west4,europe-west4-a,n2d,4,10.548734688295786,0.21484375,93d038d,2026-06-09T19:56:10.898796+00:00
5fed84a6-afbd-48b2-9452-789007b8538f,sha_cloud_profiler_v3,sha_probe,european_local_vol,jax,none,25000,168.56784171428427,4.469767001144828,148308.24044347674,0.004214196042857107,,sha_round_2,,,,2,0,,,,,1.0,n2d-standard-4,europe-west4,europe-west4-a,n2d,4,10.548734688295786,0.21484375,13789b8,2026-06-09T20:52:08.900907+00:00
05d2a144-124a-4761-a497-7e58dfa7c616,sha_cloud_profiler_v2,profiler_selected,european_local_vol,jax,none,50000,298.2246105999991,13.148327997930384,167658.86591118295,0.014911230529999955,,full,selected_both,top-3 probe Pareto; diversity guard; fastest probe runtime,,,,,,,,1.0,n2d-standard-4,europe-west4,europe-west4-a,n2d,4,10.398122891668713,0.01953125,93d038d,2026-06-09T19:56:30.095047+00:00
9a09eef4-eefb-4c95-b4a6-4ee5f5382f1d,sha_cloud_profiler_v3,profiler_selected,european_local_vol,jax,none,50000,344.3444432000035,9.638408037055727,145203.44668654577,0.017217222160000174,,full,selected_both,within 1.5x safety margin; diversity guard,,,,,,,,1.0,n2d-standard-4,europe-west4,europe-west4-a,n2d,4,10.398122891668713,0.24609375,13789b8,2026-06-09T20:52:29.466614+00:00
bd0b8e8a-ccf2-43de-bb29-595639f25bba,sha_cloud_profiler_v2,profiler_selected,european_local_vol,jax,none,100000,598.5918717999994,9.166625661785327,167058.73352288327,0.05985918717999993,,full,selected_both,top-3 probe Pareto; diversity guard; fastest probe runtime,,,,0.005805600719431616,9.044933245236821,589.6050051883984,1.501334554473137,1.0,n2d-standard-4,europe-west4,europe-west4-a,n2d,4,10.490112213077344,0.00390625,93d038d,2026-06-09T19:56:34.569019+00:00
a63e0a55-0b82-4dd6-a8bf-aa377c08b39a,sha_cloud_profiler_v3,profiler_selected,european_local_vol,jax,none,100000,677.2394727999881,28.975841169692636,147658.2568150652,0.06772394727999881,,full,selected_both,within 1.5x safety margin; diversity guard,,,,0.006485532902649733,7.045806910714537,655.5990971756878,3.1953801415074112,1.0,n2d-standard-4,europe-west4,europe-west4-a,n2d,4,10.490112213077344,0.015625,13789b8,2026-06-09T20:52:34.518659+00:00
89a96bf1-b64b-458d-be05-989404948235,sha_cloud_profiler_v2,sha_probe,european_local_vol,jax,reverse,1000,25.161147999999873,0.7482704371575035,39743.814550910196,2.5161147999999875e-05,,sha_round_0,,,,0,0,,,,,2.715314234718493,n2d-standard-4,europe-west4,europe-west4-a,n2d,4,10.338233718138095,0.0,93d038d,2026-06-09T19:56:02.771547+00:00
a7f8d16a-cc52-4492-aac3-0c98e017f7ac,sha_cloud_profiler_v2,sha_probe,european_local_vol,jax,reverse,1000,25.161147999999873,0.7482704371575035,39743.814550910196,2.5161147999999875e-05,,sha_round_0,,,,0,1,,,,,2.715314234718493,n2d-standard-4,europe-west4,europe-west4-a,n2d,4,10.338233718138095,0.0,93d038d,2026-06-09T19:56:07.225695+00:00
999ea6bd-8bc4-46e5-aa4e-6fd746feb2e9,sha_cloud_profiler_v3,sha_probe,european_local_vol,jax,reverse,1000,25.64375266666256,2.6518042567103786,38995.85263509509,2.564375266666256e-05,,sha_round_0,,,,0,0,,,,,2.2644199365065703,n2d-standard-4,europe-west4,europe-west4-a,n2d,4,10.338233718138095,0.0,13789b8,2026-06-09T20:51:59.336589+00:00
23115d9d-eb23-437b-90e4-c77256fe1347,sha_cloud_profiler_v3,sha_probe,european_local_vol,jax,reverse,1000,25.64375266666256,2.6518042567103786,38995.85263509509,2.564375266666256e-05,,sha_round_0,,,,0,1,,,,,2.2644199365065703,n2d-standard-4,europe-west4,europe-west4-a,n2d,4,10.338233718138095,0.0,13789b8,2026-06-09T20:52:04.571502+00:00
37c1bb4e-14a5-489b-b338-a50427c08b0d,sha_cloud_profiler_v2,grid_search_full,european_local_vol,jax,reverse,10000,179.51212039999973,7.047713082157566,55706.54492697985,0.0017951212039999974,,full,full_grid_only,dominated or outside 1.5x margin (score=20.63 vs best=4.50),,,,,,,,2.0113318065767634,n2d-standard-4,europe-west4,europe-west4-a,n2d,4,10.72713156721504,166.87109375,93d038d,2026-06-09T19:57:20.835897+00:00
fe943693-2553-4fc3-949d-2f5bf3f80c4a,sha_cloud_profiler_v3,grid_search_full,european_local_vol,jax,reverse,10000,193.43511839999792,2.681547927560273,51696.920821385385,0.0019343511839999793,,full,full_grid_only,dominated or outside 1.5x margin (score=21.79 vs best=4.75),,,,,,,,2.109528635829028,n2d-standard-4,europe-west4,europe-west4-a,n2d,4,10.72713156721504,135.12890625,13789b8,2026-06-09T20:53:22.424714+00:00
4b73c89b-6ae6-4083-b6ae-2f46bb4523ac,sha_cloud_profiler_v2,grid_search_full,european_local_vol,jax,reverse,50000,697.4506590000033,18.910619242047623,71689.65912468909,0.03487253295000017,,full,full_grid_only,dominated or outside 1.5x margin (score=20.63 vs best=4.50),,,,,,,,2.2489490560873064,n2d-standard-4,europe-west4,europe-west4-a,n2d,4,10.398122891668713,48.671875,93d038d,2026-06-09T19:57:28.287293+00:00
0fe8f541-f192-40fb-b86e-7571e571f81c,sha_cloud_profiler_v3,grid_search_full,european_local_vol,jax,reverse,50000,767.371840200002,26.274824065438903,65157.46002220824,0.038368592010000105,,full,full_grid_only,dominated or outside 1.5x margin (score=21.79 vs best=4.75),,,,,,,,2.2802299235032666,n2d-standard-4,europe-west4,europe-west4-a,n2d,4,10.398122891668713,94.69140625,13789b8,2026-06-09T20:53:30.547301+00:00
4a47b120-0ea8-4f15-b960-00535623c8ca,sha_cloud_profiler_v2,grid_search_full,european_local_vol,jax,reverse,100000,1368.4690730000057,20.111612242288164,73074.35876557772,0.13684690730000057,,full,full_grid_only,dominated or outside 1.5x margin (score=20.63 vs best=4.50),,,,,,,,2.313613877211189,n2d-standard-4,europe-west4,europe-west4-a,n2d,4,10.490112213077344,0.1953125,93d038d,2026-06-09T19:57:42.574248+00:00
320dec34-031c-4791-9448-ed98065e0d58,sha_cloud_profiler_v3,grid_search_full,european_local_vol,jax,reverse,100000,1541.5164058000016,65.13475154644988,64871.187633000205,0.15415164058000017,,full,full_grid_only,dominated or outside 1.5x margin (score=21.79 vs best=4.75),,,,,,,,2.239829406236886,n2d-standard-4,europe-west4,europe-west4-a,n2d,4,10.490112213077344,0.015625,13789b8,2026-06-09T20:53:46.693333+00:00
7cfb4e57-478e-48f5-9800-9617e9fcf59f,sha_cloud_profiler_v3,sha_probe,european_local_vol,rust,none,1000,4.7240073333322625,0.021317733334517364,211684.68409099846,4.7240073333322625e-06,,sha_round_0,,,,0,0,,,,,1.0,n2d-standard-4,europe-west4,europe-west4-a,n2d,4,11.67929122203688,0.0,13789b8,2026-06-09T20:51:59.392963+00:00
67196902-336c-4e97-8315-b754b0e395d9,sha_cloud_profiler_v3,sha_probe,european_local_vol,rust,none,1000,4.7240073333322625,0.021317733334517364,211684.68409099846,4.7240073333322625e-06,,sha_round_0,,,,0,1,,,,,1.0,n2d-standard-4,europe-west4,europe-west4-a,n2d,4,11.67929122203688,0.0,13789b8,2026-06-09T20:52:04.581903+00:00
b93255e6-10a5-4f48-95de-4291ba059f80,sha_cloud_profiler_v3,profiler_selected,european_local_vol,rust,none,10000,45.76866939999604,0.07206580777122526,218490.0747846706,0.0004576866939999604,,full,selected_both,top-3 probe Pareto; diversity guard; fastest probe runtime,,,,,,,,1.0,n2d-standard-4,europe-west4,europe-west4-a,n2d,4,10.761056718028643,0.0,13789b8,2026-06-09T20:53:53.486500+00:00
93044446-f8f7-4cd5-a96f-24ccd229c856,sha_cloud_profiler_v3,profiler_selected,european_local_vol,rust,none,50000,229.9233720000018,3.1598331409092433,217463.75570726933,0.011496168600000089,,full,selected_both,top-3 probe Pareto; diversity guard; fastest probe runtime,,,,,,,,1.0,n2d-standard-4,europe-west4,europe-west4-a,n2d,4,10.766120569532848,0.0078125,13789b8,2026-06-09T20:53:55.107768+00:00
6dea32d9-0220-425d-b4ae-575a8974aa2a,sha_cloud_profiler_v3,profiler_selected,european_local_vol,rust,none,100000,456.9926136000049,0.5581153514651739,218821.91751906014,0.04569926136000049,,full,selected_both,top-3 probe Pareto; diversity guard; fastest probe runtime,,,,,,,,1.0,n2d-standard-4,europe-west4,europe-west4-a,n2d,4,10.500032416159781,0.0,13789b8,2026-06-09T20:53:58.315604+00:00
d213a9d7-d6fb-4175-a8f7-f5acfc7eb4c1,final_cloud_profiler_v1,probe_run,asian,cpu,none,1000,8.582437666670254,0.06224355375911102,116517.0128626139,4.0547249954091027e-07,685071.8065769867,probe,,,,,,,,,,1.0,t2d-standard-4,europe-west2,europe-west2-b,t2d,4,5.820446773347019,0.0,f68fe02,2026-06-05T16:34:24.890000+00:00
aa1f5817-529a-42e1-bf9b-585af2a70d69,sha_cloud_profiler_v2,sha_probe,asian,cpu,none,1000,8.531358000003783,0.1065537977916283,117214.63335609133,4.030592690668454e-07,689173.5263175643,sha_round_0,,,,0,0,,,,,1.0,t2d-standard-4,europe-west1,europe-west1-b,t2d,4,5.820446773347019,0.0,93d038d,2026-06-09T19:55:56.994959+00:00
e82a5972-e958-456a-9925-2a3b03021f15,sha_cloud_profiler_v3,sha_probe,asian,cpu,none,1000,8.341136333333074,0.07573555338179426,119887.74191398516,3.940723521036915e-07,704890.298177241,sha_round_0,,,,0,0,,,,,1.0,t2d-standard-4,europe-west1,europe-west1-b,t2d,4,5.820446773347019,0.0,13789b8,2026-06-09T20:51:48.649937+00:00
6069d822-13e0-4f92-85b7-da04965abcaf,sha_cloud_profiler_v2,sha_probe,asian,cpu,none,5000,32.29585159999999,0.40944389283087346,154818.64550058809,1.525799566702222e-06,910269.5525669572,sha_round_1,,,,1,0,,,,,1.0,t2d-standard-4,europe-west1,europe-west1-b,t2d,4,5.836762769480839,0.0,93d038d,2026-06-09T19:56:02.748067+00:00
d85e5f75-cf0c-447a-98d8-5e3e34f94086,sha_cloud_profiler_v2,sha_probe,asian,cpu,none,5000,32.29585159999999,0.40944389283087346,154818.64550058809,1.525799566702222e-06,910269.5525669572,sha_round_1,,,,1,1,,,,,1.0,t2d-standard-4,europe-west1,europe-west1-b,t2d,4,5.836762769480839,0.0,93d038d,2026-06-09T19:56:03.460140+00:00
16309d07-d91d-41c9-99c2-4d73b0a40c25,sha_cloud_profiler_v3,sha_probe,asian,cpu,none,5000,32.35913919999973,0.1304880396431826,154515.853128752,1.528789554204432e-06,908489.2587532455,sha_round_1,,,,1,0,,,,,1.0,t2d-standard-4,europe-west1,europe-west1-b,t2d,4,5.836762769480839,0.0,13789b8,2026-06-09T20:51:53.625270+00:00
dba0db86-e2ae-4727-8e8e-d6cd60d36a15,sha_cloud_profiler_v3,sha_probe,asian,cpu,none,5000,32.35913919999973,0.1304880396431826,154515.853128752,1.528789554204432e-06,908489.2587532455,sha_round_1,,,,1,1,,,,,1.0,t2d-standard-4,europe-west1,europe-west1-b,t2d,4,5.836762769480839,0.0,13789b8,2026-06-09T20:51:54.303162+00:00
2ff4c385-ec78-4e87-87ef-ae2cc952ae37,final_cloud_profiler_v1,profiler_selected,asian,cpu,none,10000,64.29177360000722,0.6059979013850053,155540.89489294906,3.0374291260803414e-06,914516.0800385057,full,selected,top-3 probe Pareto; diversity guard; fastest probe runtime,,,,,,,,1.0,t2d-standard-4,europe-west2,europe-west2-b,t2d,4,5.825527917501329,0.0,f68fe02,2026-06-05T16:35:51.919541+00:00
f1ea448e-9873-4563-bd5b-5c46a7640dd4,sha_cloud_profiler_v2,profiler_selected,asian,cpu,none,10000,63.754351799997266,0.2547930871069371,156852.03782434863,3.0120389317065377e-06,922225.0577631034,full,selected_old,top-3 probe Pareto; diversity guard; fastest probe runtime,,,,,,,,1.0,t2d-standard-4,europe-west1,europe-west1-b,t2d,4,5.825527917501329,0.0,93d038d,2026-06-09T19:57:24.329820+00:00
f1c57640-196f-429a-a592-17fa40dea93d,sha_cloud_profiler_v3,profiler_selected,asian,cpu,none,10000,61.573101999999835,0.12003669370888354,162408.578992821,2.9089869967111035e-06,954895.2198543098,full,selected_old,top-3 probe Pareto; diversity guard; fastest probe runtime,,,,,,,,1.0,t2d-standard-4,europe-west1,europe-west1-b,t2d,4,5.825527917501329,0.0,13789b8,2026-06-09T20:53:26.713786+00:00
93ab4384-0815-454e-9a44-ebcaba482c1f,final_cloud_profiler_v1,profiler_selected,asian,cpu,none,50000,323.30785720000677,1.3721103574077596,154651.36057324053,1.5274500097938097e-05,909285.9864372091,full,selected,top-3 probe Pareto; diversity guard; fastest probe runtime,,,,,,,,1.0,t2d-standard-4,europe-west2,europe-west2-b,t2d,4,5.838918415223014,0.0,f68fe02,2026-06-05T16:35:54.191363+00:00
4107767d-6c55-49af-91c0-1c710b05c275,sha_cloud_profiler_v2,profiler_selected,asian,cpu,none,50000,321.10162759999525,2.974840238337854,155713.94132665783,1.5170268006168665e-05,915533.5214408386,full,selected_old,top-3 probe Pareto; diversity guard; fastest probe runtime,,,,,,,,1.0,t2d-standard-4,europe-west1,europe-west1-b,t2d,4,5.838918415223014,0.0,93d038d,2026-06-09T19:57:26.583903+00:00
54933c0a-3fa5-4fb7-ad83-c35dced9fa8c,sha_cloud_profiler_v3,profiler_selected,asian,cpu,none,50000,317.3364893999974,0.8248129356977906,157561.45816870063,1.4992386143653212e-05,926396.1557425953,full,selected_old,top-3 probe Pareto; diversity guard; fastest probe runtime,,,,,,,,1.0,t2d-standard-4,europe-west1,europe-west1-b,t2d,4,5.838918415223014,0.0,13789b8,2026-06-09T20:53:28.941610+00:00
7f968f8c-67a3-4aab-864e-5cbb049e2927,final_cloud_profiler_v1,profiler_selected,asian,cpu,none,100000,645.0092512000083,0.5065511676430626,155036.53600929733,3.0473103734471504e-05,911550.6585683051,full,selected,top-3 probe Pareto; diversity guard; fastest probe runtime,,,,,,,,1.0,t2d-standard-4,europe-west2,europe-west2-b,t2d,4,5.786511890635599,0.0,f68fe02,2026-06-05T16:35:58.715405+00:00
72b0fced-b6df-430b-96a2-88eef0448074,sha_cloud_profiler_v2,profiler_selected,asian,cpu,none,100000,636.9626123999922,0.7528866911916952,156995.08582334686,3.0092944754719632e-05,923066.1207863762,full,selected_old,top-3 probe Pareto; diversity guard; fastest probe runtime,,,,0.005941123399999051,2.590234600004734,596.7025745999098,6.3206280896751235,1.0,t2d-standard-4,europe-west1,europe-west1-b,t2d,4,5.786511890635599,0.0,93d038d,2026-06-09T19:57:31.060112+00:00
cad3a5d9-886a-47e2-9221-9b68aeb437d1,sha_cloud_profiler_v3,profiler_selected,asian,cpu,none,100000,630.3088144000071,1.1236345350714039,158652.39024967517,2.9778589764764784e-05,932810.3848169988,full,selected_old,top-3 probe Pareto; diversity guard; fastest probe runtime,,,,0.006004500716666665,2.3366356166664093,602.7867072833328,4.366448078767974,1.0,t2d-standard-4,europe-west1,europe-west1-b,t2d,4,5.786511890635599,0.0,13789b8,2026-06-09T20:53:33.361502+00:00
c2bb185f-701b-41a5-aae7-7168c79504a3,final_cloud_profiler_v1,probe_run,asian,jax,forward,1000,326.3432170000158,5.685690204289022,3064.2585716741023,1.5417903985378525e-05,18016.57203477247,probe,,,,,,,,,,4.631392709572343,t2d-standard-4,europe-west2,europe-west2-b,t2d,4,5.666454879796595,21.28515625,f68fe02,2026-06-05T16:34:27.256702+00:00
33c0fe56-0edc-4025-a53c-af9026b3c6d5,sha_cloud_profiler_v2,sha_probe,asian,jax,forward,1000,325.1398539999997,10.613849540396346,3075.5995849097017,1.5361051768977764e-05,18083.252498293165,sha_round_0,,,,0,0,,,,,4.6308802953126,t2d-standard-4,europe-west1,europe-west1-b,t2d,4,5.666454879796595,27.9921875,93d038d,2026-06-09T19:55:59.279892+00:00
5d96a34f-6a53-46ab-99f5-bc446b9e68ea,sha_cloud_profiler_v2,sha_probe,asian,jax,forward,1000,325.1398539999997,10.613849540396346,3075.5995849097017,1.5361051768977764e-05,18083.252498293165,sha_round_0,,,,0,1,,,,,4.6308802953126,t2d-standard-4,europe-west1,europe-west1-b,t2d,4,5.666454879796595,27.9921875,93d038d,2026-06-09T19:56:01.694544+00:00
4ed6fbac-84da-4352-bb49-8e20e196e3e4,sha_cloud_profiler_v3,sha_probe,asian,jax,forward,1000,299.6511973333327,11.87817923307296,3337.2134298118544,1.4156854345125896e-05,19621.43361836697,sha_round_0,,,,0,0,,,,,4.462330698053053,t2d-standard-4,europe-west1,europe-west1-b,t2d,4,5.666454879796595,18.38671875,13789b8,2026-06-09T20:51:50.767454+00:00
ea3fb73c-2921-42d3-8a37-ddbfeeee2e9b,sha_cloud_profiler_v3,sha_probe,asian,jax,forward,1000,299.6511973333327,11.87817923307296,3337.2134298118544,1.4156854345125896e-05,19621.43361836697,sha_round_0,,,,0,1,,,,,4.462330698053053,t2d-standard-4,europe-west1,europe-west1-b,t2d,4,5.666454879796595,18.38671875,13789b8,2026-06-09T20:51:52.580216+00:00
3b55b0b6-6bbe-43b8-9027-45078d9ee74c,final_cloud_profiler_v1,grid_search_full,asian,jax,forward,10000,356.1858556000061,8.35176765428028,28075.230508956316,1.68278028667914e-05,165070.73441296045,full,full_grid_only,dominated or outside 1.5x margin (score=296.87 vs best=8.64),,,,,,,,4.413314274229156,t2d-standard-4,europe-west2,europe-west2-b,t2d,4,5.988885012332589,51.7578125,f68fe02,2026-06-05T16:36:06.607011+00:00
6e67c142-a98d-4ac4-89eb-f54edc45180d,sha_cloud_profiler_v2,grid_search_full,asian,jax,forward,10000,339.41244399999846,6.047030385177774,29462.679335351786,1.603535235431104e-05,173228.35921537972,full,full_grid_only,dominated or outside 1.5x margin (score=303.21 vs best=8.64),,,,,,,,3.579735455984537,t2d-standard-4,europe-west1,europe-west1-b,t2d,4,5.988885012332589,70.5,93d038d,2026-06-09T19:57:38.912810+00:00
5c6fe525-0374-43f9-b76e-5da978ff4496,sha_cloud_profiler_v3,grid_search_full,asian,jax,forward,10000,349.13611540000034,41.060217627429715,28642.124257306183,1.649474180756446e-05,168403.83500297615,full,full_grid_only,dominated or outside 1.5x margin (score=278.32 vs best=8.42),,,,,,,,4.785501068727432,t2d-standard-4,europe-west1,europe-west1-b,t2d,4,5.988885012332589,39.8046875,13789b8,2026-06-09T20:53:40.884045+00:00
d68b49b0-02fa-4879-a34e-c5b1cd6dd7be,final_cloud_profiler_v1,grid_search_full,asian,jax,forward,50000,565.6950680000023,12.638779837777284,88386.84094732076,2.672594921262233e-05,519678.0394362697,full,full_grid_only,dominated or outside 1.5x margin (score=296.87 vs best=8.64),,,,,,,,2.908442881035453,t2d-standard-4,europe-west2,europe-west2-b,t2d,4,5.77789087176735,37.9296875,f68fe02,2026-06-05T16:36:12.145252+00:00
68b182e5-6876-41f9-8639-9b9402192389,sha_cloud_profiler_v2,grid_search_full,asian,jax,forward,50000,539.4192331999989,18.08722725889754,92692.28259323421,2.548456199518217e-05,544992.2541935219,full,full_grid_only,dominated or outside 1.5x margin (score=303.21 vs best=8.64),,,,,,,,2.7447949519189705,t2d-standard-4,europe-west1,europe-west1-b,t2d,4,5.77789087176735,13.80078125,93d038d,2026-06-09T19:57:44.214557+00:00
9e0111a1-d8df-487c-88d2-085cc9398262,sha_cloud_profiler_v3,grid_search_full,asian,jax,forward,50000,512.2435748000044,7.676040969810508,97609.81388496973,2.4200663111662428e-05,573905.3027103111,full,full_grid_only,dominated or outside 1.5x margin (score=278.32 vs best=8.42),,,,,,,,2.8801118957269702,t2d-standard-4,europe-west1,europe-west1-b,t2d,4,5.77789087176735,36.1796875,13789b8,2026-06-09T20:53:45.882882+00:00
3e261e73-f44e-4a7f-96e5-93c46ef0b0c2,final_cloud_profiler_v1,grid_search_full,asian,jax,forward,100000,860.0429600000098,37.39258443853973,116273.26151242359,4.063225184355602e-05,683638.6495321236,full,full_grid_only,dominated or outside 1.5x margin (score=296.87 vs best=8.64),,,,,,,,2.51469679578149,t2d-standard-4,europe-west2,europe-west2-b,t2d,4,5.786070148379278,37.28515625,f68fe02,2026-06-05T16:36:20.677013+00:00
768e7ce3-addb-4ddb-bb89-d12df0a29263,sha_cloud_profiler_v2,grid_search_full,asian,jax,forward,100000,798.9478861999942,8.431539188327363,125164.60926585118,3.774584902358195e-05,735916.093990188,full,full_grid_only,dominated or outside 1.5x margin (score=303.21 vs best=8.64),,,,,,,,2.4580436019772787,t2d-standard-4,europe-west1,europe-west1-b,t2d,4,5.786070148379278,37.12109375,93d038d,2026-06-09T19:57:52.216106+00:00
420f76ff-56ca-426b-988d-9ea109436d90,sha_cloud_profiler_v3,grid_search_full,asian,jax,forward,100000,757.3219993999942,18.61723107470012,132044.22963974017,3.5779257127208615e-05,776365.4141565155,full,full_grid_only,dominated or outside 1.5x margin (score=278.32 vs best=8.42),,,,,,,,2.372399686065484,t2d-standard-4,europe-west1,europe-west1-b,t2d,4,5.786070148379278,37.21484375,13789b8,2026-06-09T20:53:53.656254+00:00
62441a3c-19f0-432d-ae4e-74ed783f704f,final_cloud_profiler_v1,probe_run,asian,jax,none,1000,74.70693533332451,0.9281891109271851,13385.638100910428,3.529487655969954e-06,78702.01141174992,probe,,,,,,,,,,1.0,t2d-standard-4,europe-west2,europe-west2-b,t2d,4,5.666454879796595,11.3984375,f68fe02,2026-06-05T16:34:25.197926+00:00
edc9e51e-59ef-4fcb-a1a5-86b725efd654,sha_cloud_profiler_v2,sha_probe,asian,jax,none,1000,68.09830366666365,1.6106535299349458,14684.653598640705,3.217266524340599e-06,86339.68484619417,sha_round_0,,,,0,0,,,,,1.0,t2d-standard-4,europe-west1,europe-west1-b,t2d,4,5.666454879796595,9.0859375,93d038d,2026-06-09T19:55:57.268929+00:00
4d3052ec-b4a7-4379-88d1-b373183767d1,sha_cloud_profiler_v3,sha_probe,asian,jax,none,1000,63.933177000005045,3.377135743089128,15641.331260605446,3.020487428933572e-06,91964.55350779307,sha_round_0,,,,0,0,,,,,1.0,t2d-standard-4,europe-west1,europe-west1-b,t2d,4,5.666454879796595,5.73828125,13789b8,2026-06-09T20:51:48.911172+00:00
f1fdcd13-011f-4e40-bbf6-d4c58686561f,sha_cloud_profiler_v2,sha_probe,asian,jax,none,5000,72.17551380000202,4.231137609056056,69275.5719599721,3.409892051973429e-06,407311.6883817739,sha_round_1,,,,1,0,,,,,1.0,t2d-standard-4,europe-west1,europe-west1-b,t2d,4,6.007293264560759,40.00390625,93d038d,2026-06-09T19:56:03.449176+00:00
0594e5f9-e3e1-4ccb-af52-aec6aede8af6,sha_cloud_profiler_v3,sha_probe,asian,jax,none,5000,69.02699360000213,4.1277454275584,72435.43053568316,3.261141964302323e-06,425890.34886925656,sha_round_1,,,,1,0,,,,,1.0,t2d-standard-4,europe-west1,europe-west1-b,t2d,4,6.007293264560759,25.6640625,13789b8,2026-06-09T20:51:54.293017+00:00
80f03cdc-f1da-4989-973b-1f4964e5a2fa,final_cloud_profiler_v1,profiler_selected,asian,jax,none,10000,82.95642420000604,2.6611493324453064,120545.21511064928,3.919230174426952e-06,708755.9684304403,full,selected,diversity guard,,,,,,,,1.0,t2d-standard-4,europe-west2,europe-west2-b,t2d,4,5.988885012332589,20.8046875,f68fe02,2026-06-05T16:35:59.501713+00:00
a6ded54c-0758-4f35-b983-316559c098ef,sha_cloud_profiler_v2,profiler_selected,asian,jax,none,10000,77.23624059998997,3.5786857331963224,129472.89928040981,3.6489832781239707e-06,761247.055976069,full,selected_both,diversity guard,,,,,,,,1.0,t2d-standard-4,europe-west1,europe-west1-b,t2d,4,5.988885012332589,83.1796875,93d038d,2026-06-09T19:57:31.787014+00:00
dd7b3bd2-fd53-4912-8170-4231c6b2509f,sha_cloud_profiler_v3,profiler_selected,asian,jax,none,10000,73.8014239999984,3.562783611009406,135498.74051211012,3.4867072760888137e-06,796676.5081850312,full,selected_both,diversity guard,,,,,,,,1.0,t2d-standard-4,europe-west1,europe-west1-b,t2d,4,5.988885012332589,51.91796875,13789b8,2026-06-09T20:53:34.065588+00:00
e291b63f-86ad-44b9-9d2f-f0a3bf8fdb2a,sha_cloud_profiler_v2,sha_probe,asian,jax,none,25000,119.599154999999,10.126826969629422,209031.5771879844,5.650395633999953e-06,1229019.1509171235,sha_round_2,,,,2,0,,,,,1.0,t2d-standard-4,europe-west1,europe-west1-b,t2d,4,5.874825798934808,11.53515625,93d038d,2026-06-09T19:56:06.228604+00:00
541065e4-019f-4eed-affe-e3ce37164b50,sha_cloud_profiler_v3,sha_probe,asian,jax,none,25000,118.26739542857467,2.4794808250404565,211385.39416891336,5.5874773929144394e-06,1242858.6204663296,sha_round_2,,,,2,0,,,,,1.0,t2d-standard-4,europe-west1,europe-west1-b,t2d,4,5.874825798934808,11.23828125,13789b8,2026-06-09T20:51:57.173499+00:00
19ef84c3-7187-46ee-b4a5-81e06649f0ea,final_cloud_profiler_v1,profiler_selected,asian,jax,none,50000,189.5988827999986,6.986482835590113,263714.63408222346,8.957493885173268e-06,1550532.8908879554,full,selected,diversity guard,,,,,,,,1.0,t2d-standard-4,europe-west2,europe-west2-b,t2d,4,5.77789087176735,9.4609375,f68fe02,2026-06-05T16:36:00.954664+00:00
21985123-037b-4717-ad37-3f6d6ee002cd,sha_cloud_profiler_v2,profiler_selected,asian,jax,none,50000,192.17501300000208,4.18469843735698,260179.50627118966,9.079201725288989e-06,1529747.80262929,full,selected_both,diversity guard,,,,,,,,1.0,t2d-standard-4,europe-west1,europe-west1-b,t2d,4,5.77789087176735,0.1171875,93d038d,2026-06-09T19:57:33.287906+00:00
994ff97c-7792-4ec8-a0cc-82fc0e497fd7,sha_cloud_profiler_v3,profiler_selected,asian,jax,none,50000,183.90467899999976,8.02617306461303,271879.97756163706,8.688474390088878e-06,1598541.730724583,full,selected_both,diversity guard,,,,,,,,1.0,t2d-standard-4,europe-west1,europe-west1-b,t2d,4,5.77789087176735,6.62890625,13789b8,2026-06-09T20:53:35.462677+00:00
66f03a01-d673-4344-8481-21a996e478bf,final_cloud_profiler_v1,profiler_selected,asian,jax,none,100000,335.11765579999064,4.498231513729697,298402.66028741654,1.5832447471795115e-05,1754484.126807482,full,selected,diversity guard,,,,,,,,1.0,t2d-standard-4,europe-west2,europe-west2-b,t2d,4,5.786070148379278,8.36328125,f68fe02,2026-06-05T16:36:03.355913+00:00
abc1e8d2-7afb-45c3-84f9-69fd54bb1f17,sha_cloud_profiler_v2,profiler_selected,asian,jax,none,100000,350.0394063999977,12.784013349594462,285682.120845925,1.6537417289031e-05,1679692.620213576,full,selected_both,diversity guard,,,,0.002218550500537644,63.699302316665914,285.5543523704303,18.422226998030872,1.0,t2d-standard-4,europe-west1,europe-west1-b,t2d,4,5.786070148379278,2.66796875,93d038d,2026-06-09T19:57:35.748195+00:00
5672841d-9dd0-4ca1-a940-e4527910295b,sha_cloud_profiler_v3,profiler_selected,asian,jax,none,100000,329.682024199991,18.42179850903215,303322.57344834245,1.5575644076648466e-05,1783411.1797292007,full,selected_both,diversity guard,,,,0.002327827162557571,59.688307996432364,292.47102425218947,11.286936264753306,1.0,t2d-standard-4,europe-west1,europe-west1-b,t2d,4,5.786070148379278,6.83203125,13789b8,2026-06-09T20:53:37.827637+00:00
1102cb0c-964a-4cc1-bb4f-4f16abaaf175,final_cloud_profiler_v1,probe_run,asian,jax,reverse,1000,240.48185266665692,2.3511184216886076,4158.317930900784,1.1361431528206948e-05,24449.188210846565,probe,,,,,,,,,,3.363047786497262,t2d-standard-4,europe-west2,europe-west2-b,t2d,4,5.666454879796595,20.06640625,f68fe02,2026-06-05T16:34:29.366037+00:00
45330409-9ac0-47b3-a0e1-cd65aef72fa1,sha_cloud_profiler_v2,sha_probe,asian,jax,reverse,1000,227.45748966666213,3.8734575993750573,4396.425905629642,1.0746102734029417e-05,25849.164543918403,sha_round_0,,,,0,0,,,,,3.323133484631992,t2d-standard-4,europe-west1,europe-west1-b,t2d,4,5.666454879796595,19.62890625,93d038d,2026-06-09T19:56:01.664747+00:00
683f442e-53fa-4f6a-8621-9b6d0071a7d6,sha_cloud_profiler_v2,sha_probe,asian,jax,reverse,1000,227.45748966666213,3.8734575993750573,4396.425905629642,1.0746102734029417e-05,25849.164543918403,sha_round_0,,,,0,1,,,,,3.323133484631992,t2d-standard-4,europe-west1,europe-west1-b,t2d,4,5.666454879796595,19.62890625,93d038d,2026-06-09T19:56:01.700257+00:00
c35ca498-7e03-4997-9005-3dc3e53372f1,sha_cloud_profiler_v3,sha_probe,asian,jax,reverse,1000,210.2912686666656,2.0034507310376326,4755.309178266969,9.935094159674023e-06,27959.24963703533,sha_round_0,,,,0,0,,,,,3.4042639807079316,t2d-standard-4,europe-west1,europe-west1-b,t2d,4,5.666454879796595,20.13671875,13789b8,2026-06-09T20:51:52.541035+00:00
283d7705-17e9-43a6-80d3-d85dfe9b3de8,sha_cloud_profiler_v3,sha_probe,asian,jax,reverse,1000,210.2912686666656,2.0034507310376326,4755.309178266969,9.935094159674023e-06,27959.24963703533,sha_round_0,,,,0,1,,,,,3.4042639807079316,t2d-standard-4,europe-west1,europe-west1-b,t2d,4,5.666454879796595,20.13671875,13789b8,2026-06-09T20:51:52.583793+00:00
562dd5db-f6a8-4d26-881e-9315d0215d01,final_cloud_profiler_v1,grid_search_full,asian,jax,reverse,10000,256.3245272000131,4.002533252841413,39013.04377398454,1.2109909885049509e-05,229380.54900037943,full,full_grid_only,dominated or outside 1.5x margin (score=207.68 vs best=8.64),,,,,,,,2.983467338839967,t2d-standard-4,europe-west2,europe-west2-b,t2d,4,5.988885012332589,12.48828125,f68fe02,2026-06-05T16:36:23.464182+00:00
d0c7b113-e252-4645-97d1-5c5c3025e8dc,sha_cloud_profiler_v2,grid_search_full,asian,jax,reverse,10000,237.82459779999954,4.582019800183649,42047.795276456556,1.1235890998284424e-05,247223.63168189413,full,full_grid_only,dominated or outside 1.5x margin (score=198.79 vs best=8.64),,,,,,,,3.2225357102073082,t2d-standard-4,europe-west1,europe-west1-b,t2d,4,5.988885012332589,7.87109375,93d038d,2026-06-09T19:57:54.762213+00:00
6b757dc9-72a6-4375-8fb5-cf1dc4720aed,sha_cloud_profiler_v3,grid_search_full,asian,jax,reverse,10000,234.33597499999905,5.163012626347131,42673.772134219,1.1071072952222177e-05,250904.11649940614,full,full_grid_only,dominated or outside 1.5x margin (score=179.08 vs best=8.42),,,,,,,,3.1593383144203546,t2d-standard-4,europe-west1,europe-west1-b,t2d,4,5.988885012332589,12.13671875,13789b8,2026-06-09T20:53:56.163390+00:00
f3e33662-c4c3-42a6-9eba-e03a15a00ab3,final_cloud_profiler_v1,grid_search_full,asian,jax,reverse,50000,416.4421616000027,9.61471743152522,120064.69231620585,1.9674578568035686e-05,705930.6932984821,full,full_grid_only,dominated or outside 1.5x margin (score=207.68 vs best=8.64),,,,,,,,2.139974088544755,t2d-standard-4,europe-west2,europe-west2-b,t2d,4,5.77789087176735,6.22265625,f68fe02,2026-06-05T16:36:28.068740+00:00
41e28de8-036c-47d1-ae24-1e970984d118,sha_cloud_profiler_v2,grid_search_full,asian,jax,reverse,50000,402.9223449999961,12.382963242353803,124093.39075002278,1.9035842343777595e-05,729617.7725189485,full,full_grid_only,dominated or outside 1.5x margin (score=198.79 vs best=8.64),,,,,,,,2.0677854438895933,t2d-standard-4,europe-west1,europe-west1-b,t2d,4,5.77789087176735,111.16015625,93d038d,2026-06-09T19:57:59.251309+00:00
cdfe7baf-29ea-40ec-9276-1ebc66572123,sha_cloud_profiler_v3,grid_search_full,asian,jax,reverse,50000,384.0972132000047,6.045624138736319,130175.3782159422,1.8146459450293558e-05,765377.3413449094,full,full_grid_only,dominated or outside 1.5x margin (score=179.08 vs best=8.42),,,,,,,,2.080424718240011,t2d-standard-4,europe-west1,europe-west1-b,t2d,4,5.77789087176735,122.39453125,13789b8,2026-06-09T20:54:00.468341+00:00
21968a5b-5344-44e9-8e83-cdee46581445,final_cloud_profiler_v1,grid_search_full,asian,jax,reverse,100000,614.8982217999901,17.016848998224948,162628.53990253905,2.905052487881731e-05,956188.498956603,full,full_grid_only,dominated or outside 1.5x margin (score=207.68 vs best=8.64),,,,,,,,1.8285359154575724,t2d-standard-4,europe-west2,europe-west2-b,t2d,4,5.786070148379278,92.61328125,f68fe02,2026-06-05T16:36:35.094138+00:00
c59ac3d8-2c80-4753-983a-2be951b90f68,sha_cloud_profiler_v2,grid_search_full,asian,jax,reverse,100000,613.5181423999995,66.97790480987194,162994.36494056002,2.8985323794275535e-05,958339.3987568204,full,full_grid_only,dominated or outside 1.5x margin (score=198.79 vs best=8.64),,,,,,,,1.7960676484499352,t2d-standard-4,europe-west1,europe-west1-b,t2d,4,5.786070148379278,38.2578125,93d038d,2026-06-09T19:58:06.214599+00:00
26e2da56-64a8-44c8-a452-3bf0619d9075,sha_cloud_profiler_v3,grid_search_full,asian,jax,reverse,100000,584.6816213999887,58.33903620539154,171033.25355183112,2.762295837991947e-05,1005604.7363113306,full,full_grid_only,dominated or outside 1.5x margin (score=179.08 vs best=8.42),,,,,,,,1.8438359698199498,t2d-standard-4,europe-west1,europe-west1-b,t2d,4,5.786070148379278,409.9609375,13789b8,2026-06-09T20:54:07.101426+00:00
368a6bef-b7d4-46e2-9363-f01eaabb916d,sha_cloud_profiler_v3,sha_probe,european,cpp,none,1000,0.014052333331922759,0.0023397720688405664,71162559.01276515,6.638946814148397e-10,418406391.1851196,sha_round_0,,,,0,0,,,,,1.0,t2d-standard-4,europe-west1,europe-west1-b,t2d,4,10.06242275301376,0.0,13789b8,2026-06-09T20:51:47.544345+00:00
dc632e60-b36f-4b6e-be02-bf10f5b05251,sha_cloud_profiler_v3,sha_probe,european,cpp,none,5000,0.036143399998422865,0.001972616107697686,138337843.15305638,1.7075748532588224e-09,813369256.5443108,sha_round_1,,,,1,0,,,,,1.0,t2d-standard-4,europe-west1,europe-west1-b,t2d,4,10.38041988489823,0.0,13789b8,2026-06-09T20:51:52.816657+00:00
cf65b609-c984-4da0-9a54-576b2752baf9,sha_cloud_profiler_v3,sha_probe,european,cpp,none,5000,0.036143399998422865,0.001972616107697686,138337843.15305638,1.7075748532588224e-09,813369256.5443108,sha_round_1,,,,1,1,,,,,1.0,t2d-standard-4,europe-west1,europe-west1-b,t2d,4,10.38041988489823,0.0,13789b8,2026-06-09T20:51:54.298051+00:00
c5fd151a-624a-4031-bd01-fbebf0b9d466,sha_cloud_profiler_v3,profiler_selected,european,cpp,none,10000,0.06637099999977636,0.0027451102051201447,150668213.52749988,3.1356610222116563e-09,885866730.5238703,full,selected_both,top-3 probe Pareto; diversity guard; fastest probe runtime,,,,,,,,1.0,t2d-standard-4,europe-west1,europe-west1-b,t2d,4,10.465833380212402,0.0,13789b8,2026-06-09T20:52:00.001404+00:00
2b20603d-ef12-435b-8953-e449a9ecc151,sha_cloud_profiler_v3,profiler_selected,european,cpp,none,50000,0.34543079999878046,0.006020856145692312,144746791.54312968,1.6319686239942384e-08,851051220.2676957,full,selected_both,top-3 probe Pareto; diversity guard; fastest probe runtime,,,,,,,,1.0,t2d-standard-4,europe-west1,europe-west1-b,t2d,4,10.449762310278015,0.0,13789b8,2026-06-09T20:52:00.007994+00:00
c7be24bb-3882-45e7-97e0-1f2cc200d53e,sha_cloud_profiler_v3,profiler_selected,european,cpp,none,100000,0.7003676000010728,0.01453691140986597,142782161.82451448,3.3088478168939575e-08,839500010.7273899,full,selected_both,top-3 probe Pareto; diversity guard; fastest probe runtime,,,,5.5227666666250255e-06,0.008529566665297738,0.5608062333278002,19.926873640793605,1.0,t2d-standard-4,europe-west1,europe-west1-b,t2d,4,10.498445568178603,0.0,13789b8,2026-06-09T20:52:00.017046+00:00
c1345566-4242-48bf-9f78-c6494a991a28,final_cloud_profiler_v1,probe_run,european,cpu,none,1000,0.07875233333720644,0.005874290797732923,12698036.459670857,3.72061023722002e-09,74659198.375299,probe,,,,,,,,,,1.0,t2d-standard-4,europe-west2,europe-west2-b,t2d,4,9.911979607280376,0.0,f68fe02,2026-06-05T16:34:23.434529+00:00
f8b8e82e-0329-451e-be4b-747f08e55b18,sha_cloud_profiler_v2,sha_probe,european,cpu,none,1000,0.07595066666491827,0.013533175910848096,13166441.374528468,3.58824705176925e-09,77413225.39115985,sha_round_0,,,,0,0,,,,,1.0,t2d-standard-4,europe-west1,europe-west1-b,t2d,4,9.911979607280376,0.0,93d038d,2026-06-09T19:55:55.614150+00:00
fb233b34-4e51-4f00-afa1-2999b3590bc0,sha_cloud_profiler_v3,sha_probe,european,cpu,none,1000,0.08671366667082718,0.01703403100423813,11532207.533053461,4.096739007603968e-09,67804606.8500321,sha_round_0,,,,0,0,,,,,1.0,t2d-standard-4,europe-west1,europe-west1-b,t2d,4,9.911979607280376,0.0,13789b8,2026-06-09T20:51:47.257816+00:00
63e79dce-37aa-4895-9c1d-8c20ffb6756d,sha_cloud_profiler_v3,sha_probe,european,cpu,none,1000,0.08671366667082718,0.01703403100423813,11532207.533053461,4.096739007603968e-09,67804606.8500321,sha_round_0,,,,0,1,,,,,1.0,t2d-standard-4,europe-west1,europe-west1-b,t2d,4,9.911979607280376,0.0,13789b8,2026-06-09T20:51:52.545574+00:00
fa3f1f97-67b3-47f2-88d4-715a3835f68d,sha_cloud_profiler_v2,sha_probe,european,cpu,none,5000,0.18028199999946537,0.019976110008110615,27734327.331707146,8.517322933308077e-09,163066364.8383534,sha_round_1,,,,1,0,,,,,1.0,t2d-standard-4,europe-west1,europe-west1-b,t2d,4,10.168919879680967,0.0,93d038d,2026-06-09T19:56:01.706997+00:00
971da75b-efd9-404e-b12b-951415517ad5,final_cloud_profiler_v1,profiler_selected,european,cpu,none,10000,0.23731679999627886,0.03539618538094404,42137766.90127627,1.121190037315753e-08,247752627.5945218,full,selected,top-3 probe Pareto; diversity guard; fastest probe runtime,,,,,,,,1.0,t2d-standard-4,europe-west2,europe-west2-b,t2d,4,10.345182037175293,0.0,f68fe02,2026-06-05T16:34:29.449303+00:00
602fa324-6b7b-4ccc-83db-e82089938c89,sha_cloud_profiler_v2,profiler_selected,european,cpu,none,10000,0.22381599999619084,0.016719791596402713,44679558.20928884,1.0574062577597816e-08,262697308.38010842,full,selected_both,top-3 probe Pareto; diversity guard; fastest probe runtime,,,,,,,,1.0,t2d-standard-4,europe-west1,europe-west1-b,t2d,4,10.345182037175293,0.0,93d038d,2026-06-09T19:56:06.238268+00:00
3e76d563-da54-4110-9032-3303570ce11a,sha_cloud_profiler_v3,profiler_selected,european,cpu,none,10000,0.2163556000027711,0.023677001289427943,46220204.14480568,1.0221600124575364e-08,271755668.7723758,full,selected_old,diversity guard,,,,,,,,1.0,t2d-standard-4,europe-west1,europe-west1-b,t2d,4,10.345182037175293,0.0,13789b8,2026-06-09T20:51:57.465114+00:00
f0a86c6d-3931-4afc-ac26-5bcb03e267b6,sha_cloud_profiler_v2,sha_probe,european,cpu,none,25000,0.4968479999994153,0.02452236246692148,50317199.626504324,2.3473307733305714e-08,295844306.3646773,sha_round_2,,,,2,0,,,,,1.0,t2d-standard-4,europe-west1,europe-west1-b,t2d,4,10.55784100685751,0.0,93d038d,2026-06-09T19:56:03.470743+00:00
8a021351-9365-4c75-8f06-ad6c988cd22f,final_cloud_profiler_v1,profiler_selected,european,cpu,none,50000,1.0234914000079698,0.041541303040309466,48852388.98891643,4.83542825870432e-08,287231826.1342687,full,selected,top-3 probe Pareto; diversity guard; fastest probe runtime,,,,,,,,1.0,t2d-standard-4,europe-west2,europe-west2-b,t2d,4,10.457691538845074,0.0,f68fe02,2026-06-05T16:34:29.489435+00:00
f49fa634-7d42-4b83-9c68-27a9c04e5a8b,sha_cloud_profiler_v2,profiler_selected,european,cpu,none,50000,1.0649368000002823,0.09826990683844221,46951143.01617405,5.031234748445778e-08,276053286.7837138,full,selected_both,top-3 probe Pareto; diversity guard; fastest probe runtime,,,,,,,,1.0,t2d-standard-4,europe-west1,europe-west1-b,t2d,4,10.457691538845074,0.0,93d038d,2026-06-09T19:56:06.252610+00:00
e89b6481-a528-4ec6-8ae9-c8a70f413141,sha_cloud_profiler_v3,profiler_selected,european,cpu,none,50000,0.9795067999959883,0.028546069850409778,51046097.89355703,4.627625459536603e-08,300129926.467292,full,selected_old,diversity guard,,,,,,,,1.0,t2d-standard-4,europe-west1,europe-west1-b,t2d,4,10.457691538845074,0.0,13789b8,2026-06-09T20:51:58.001702+00:00
1dca2b79-54ab-4ac4-bb82-eda567d17106,final_cloud_profiler_v1,profiler_selected,european,cpu,none,100000,1.895605799995792,0.03464568313776244,52753584.10499798,8.955684290646787e-08,310169238.62298906,full,selected,top-3 probe Pareto; diversity guard; fastest probe runtime,,,,,,,,1.0,t2d-standard-4,europe-west2,europe-west2-b,t2d,4,10.420541193153111,0.0,f68fe02,2026-06-05T16:34:29.547296+00:00
c6b2c0c5-2a90-49a3-9b9b-7fdc2fa60eff,sha_cloud_profiler_v2,profiler_selected,european,cpu,none,100000,1.8715095999993991,0.029259056951271567,53432800.98591646,8.841843132441606e-08,314162752.7393959,full,selected_both,top-3 probe Pareto; diversity guard; fastest probe runtime,,,,1.698606989250516e-05,0.07550416666537975,1.7741111559158957,5.2042716790517485,1.0,t2d-standard-4,europe-west1,europe-west1-b,t2d,4,10.420541193153111,0.0,93d038d,2026-06-09T19:56:06.272373+00:00
62c0501e-a95d-4ffe-9b5a-e29e3060235b,sha_cloud_profiler_v3,profiler_selected,european,cpu,none,100000,1.8652588000009018,0.03413309840271204,53611863.40466624,8.812311575115372e-08,315215565.64361614,full,selected_old,diversity guard,,,,,,,,1.0,t2d-standard-4,europe-west1,europe-west1-b,t2d,4,10.420541193153111,0.0,13789b8,2026-06-09T20:51:58.201567+00:00
f9b40b06-f9be-49c4-bc52-eb82331d2c68,final_cloud_profiler_v1,probe_run,european,jax,forward,1000,1.911805000001247,0.36052577090678495,523065.89845687593,9.032216511117003e-08,3075410.973993861,probe,,,,,,,,,,4.420528729497125,t2d-standard-4,europe-west2,europe-west2-b,t2d,4,10.69890892983176,0.0,f68fe02,2026-06-05T16:34:23.550627+00:00
97365234-057e-4786-8ec4-f553978c0d89,sha_cloud_profiler_v2,sha_probe,european,jax,forward,1000,1.5638053333333346,0.10504204409003899,639465.781759707,7.388111419259266e-08,3759794.107241927,sha_round_0,,,,0,0,,,,,4.32827382600836,t2d-standard-4,europe-west1,europe-west1-b,t2d,4,10.69890892983176,0.2578125,93d038d,2026-06-09T19:55:55.725886+00:00
c6f016bb-cf8e-4942-9147-a124ea57714b,sha_cloud_profiler_v2,sha_probe,european,jax,forward,1000,1.5638053333333346,0.10504204409003899,639465.781759707,7.388111419259266e-08,3759794.107241927,sha_round_0,,,,0,1,,,,,4.32827382600836,t2d-standard-4,europe-west1,europe-west1-b,t2d,4,10.69890892983176,0.2578125,93d038d,2026-06-09T19:56:01.670690+00:00
d4553596-4e2c-422b-a3e2-23207ba2e6a6,sha_cloud_profiler_v3,sha_probe,european,jax,forward,1000,1.4687249999999115,0.12476309047941984,680862.6529813684,6.938909666666249e-08,4003190.5749139716,sha_round_0,,,,0,0,,,,,4.989796576992846,t2d-standard-4,europe-west1,europe-west1-b,t2d,4,10.69890892983176,0.2578125,13789b8,2026-06-09T20:51:47.362366+00:00
71cf9d66-a9d2-4ce8-8b0b-a3cb71502fa2,sha_cloud_profiler_v3,sha_probe,european,jax,forward,1000,1.4687249999999115,0.12476309047941984,680862.6529813684,6.938909666666249e-08,4003190.5749139716,sha_round_0,,,,0,1,,,,,4.989796576992846,t2d-standard-4,europe-west1,europe-west1-b,t2d,4,10.69890892983176,0.2578125,13789b8,2026-06-09T20:51:52.549420+00:00
f175e672-7623-4267-a8dc-85ea366a5221,final_cloud_profiler_v1,grid_search_full,european,jax,forward,10000,1.942413599988413,0.39269806459183254,5148234.135129435,9.176825141278592e-08,30269485.742764786,full,full_grid_only,dominated or outside 1.5x margin (score=1.86 vs best=0.08),,,,,,,,2.9810173264004542,t2d-standard-4,europe-west2,europe-west2-b,t2d,4,10.420809313193189,0.0,f68fe02,2026-06-05T16:34:31.389102+00:00
295aadf2-b485-4477-b548-34c05222921a,sha_cloud_profiler_v2,grid_search_full,european,jax,forward,10000,1.6764798000025394,0.02142918257179595,5964879.505249543,7.92043567734533e-08,35071022.490883954,full,full_grid_only,dominated or outside 1.5x margin (score=1.36 vs best=0.09),,,,,,,,3.4658822012118415,t2d-standard-4,europe-west1,europe-west1-b,t2d,4,10.420809313193189,0.2578125,93d038d,2026-06-09T19:56:07.095178+00:00
0cb51aec-1796-4a4d-9560-4fd769914de9,sha_cloud_profiler_v3,grid_search_full,european,jax,forward,10000,1.7765246000038815,0.12748560502761921,5628967.929843556,8.393091776907226e-08,33096001.46897669,full,full_grid_only,dominated or outside 1.5x margin (score=1.32 vs best=0.02),,,,,,,,3.0857205287905045,t2d-standard-4,europe-west1,europe-west1-b,t2d,4,10.420809313193189,0.0,13789b8,2026-06-09T20:51:59.025316+00:00
b254a90a-9a07-44a9-8975-9756a710646b,final_cloud_profiler_v1,grid_search_full,european,jax,forward,50000,3.0754660000070544,0.2833207142517256,16257698.833245208,1.4529868257811107e-07,95588539.7062865,full,full_grid_only,dominated or outside 1.5x margin (score=1.86 vs best=0.08),,,,,,,,2.559998947881592,t2d-standard-4,europe-west2,europe-west2-b,t2d,4,10.427615610007502,0.0,f68fe02,2026-06-05T16:34:31.534611+00:00
a0df687c-de3c-42eb-932f-8258af33d6cb,sha_cloud_profiler_v2,grid_search_full,european,jax,forward,50000,2.2280276000003596,0.1363957413273327,22441373.706498038,1.0526192616890588e-07,131945988.39662534,full,full_grid_only,dominated or outside 1.5x margin (score=1.36 vs best=0.09),,,,,,,,2.6052951851832136,t2d-standard-4,europe-west1,europe-west1-b,t2d,4,10.427615610007502,0.0,93d038d,2026-06-09T19:56:07.229624+00:00
7e36233c-e91c-49d0-827e-c17e6f849ce9,sha_cloud_profiler_v3,grid_search_full,european,jax,forward,50000,2.535096200003295,0.13304475303132737,19723117.410666708,1.1976921158237792e-07,115963766.52555683,full,full_grid_only,dominated or outside 1.5x margin (score=1.32 vs best=0.02),,,,,,,,2.12234152277812,t2d-standard-4,europe-west1,europe-west1-b,t2d,4,10.427615610007502,0.0,13789b8,2026-06-09T20:51:59.214324+00:00
6d4b6b15-dd7f-48f2-a020-f6ce7e345927,final_cloud_profiler_v1,grid_search_full,european,jax,forward,100000,4.2796462000012525,0.3482389681714134,23366417.532358337,2.0218950713783695e-07,137384863.19589803,full,full_grid_only,dominated or outside 1.5x margin (score=1.86 vs best=0.08),,,,,,,,1.8849245628683706,t2d-standard-4,europe-west2,europe-west2-b,t2d,4,10.444163637298749,0.0,f68fe02,2026-06-05T16:34:31.689425+00:00
1b71d784-8e01-498e-bfda-5d0498b02a1a,sha_cloud_profiler_v2,grid_search_full,european,jax,forward,100000,3.317790799999898,0.4629422940412602,30140538.09541068,1.5674718312888408e-07,177213888.1432895,full,full_grid_only,dominated or outside 1.5x margin (score=1.36 vs best=0.09),,,,,,,,2.3750335732644055,t2d-standard-4,europe-west1,europe-west1-b,t2d,4,10.444163637298749,0.0,93d038d,2026-06-09T19:56:07.367757+00:00
aae11357-38ed-4fc8-a6c4-52ae756edc06,sha_cloud_profiler_v3,grid_search_full,european,jax,forward,100000,3.2926440000011326,0.06700905454056003,30370729.419872176,1.5555913653338685e-07,178567317.84967178,full,full_grid_only,dominated or outside 1.5x margin (score=1.32 vs best=0.02),,,,,,,,1.9145284872275004,t2d-standard-4,europe-west1,europe-west1-b,t2d,4,10.444163637298749,0.0,13789b8,2026-06-09T20:51:59.345482+00:00
1120713d-89c3-4d60-a5b3-4792fdf89a7a,final_cloud_profiler_v1,probe_run,european,jax,none,1000,0.49876833332973547,0.08695663668708074,2004938.832672243,2.3564032814644835e-08,11788210.446097383,probe,,,,,,,,,,1.0,t2d-standard-4,europe-west2,europe-west2-b,t2d,4,10.69890892983176,0.0,f68fe02,2026-06-05T16:34:23.447291+00:00
0f95a234-2c69-4b27-a226-cf8861174e23,sha_cloud_profiler_v2,sha_probe,european,jax,none,1000,0.371829666666675,0.05366691527142972,2689403.4813430994,1.7566886029630024e-08,15812579.264717188,sha_round_0,,,,0,0,,,,,1.0,t2d-standard-4,europe-west1,europe-west1-b,t2d,4,10.69890892983176,0.0,93d038d,2026-06-09T19:55:55.623670+00:00
7a73c808-1d08-4026-b740-8eafd1c46a65,sha_cloud_profiler_v3,sha_probe,european,jax,none,1000,0.4397666666685988,0.12331284144906283,2273933.146355506,2.0776531851943135e-08,13369785.667659372,sha_round_0,,,,0,0,,,,,1.0,t2d-standard-4,europe-west1,europe-west1-b,t2d,4,10.69890892983176,0.0,13789b8,2026-06-09T20:51:47.266641+00:00
5bdd7725-6d92-466a-9379-ef567f28bb77,sha_cloud_profiler_v2,sha_probe,european,jax,none,5000,0.6176075999974273,0.1362270254701282,8095755.298381736,2.9178527946545122e-08,47599690.13629901,sha_round_1,,,,1,0,,,,,1.0,t2d-standard-4,europe-west1,europe-west1-b,t2d,4,10.533137565070216,0.0,93d038d,2026-06-09T19:56:01.935861+00:00
6093ad99-1dd7-4ab0-993c-d9a4a1a4bb79,sha_cloud_profiler_v2,sha_probe,european,jax,none,5000,0.6176075999974273,0.1362270254701282,8095755.298381736,2.9178527946545122e-08,47599690.13629901,sha_round_1,,,,1,1,,,,,1.0,t2d-standard-4,europe-west1,europe-west1-b,t2d,4,10.533137565070216,0.0,93d038d,2026-06-09T19:56:03.455186+00:00
65d392fb-17fb-4cdf-b821-a8ac6568e019,sha_cloud_profiler_v3,sha_probe,european,jax,none,5000,0.5418628000029457,0.0777810826047563,9227428.050002359,2.5600006951250283e-08,54253457.49060653,sha_round_1,,,,1,0,,,,,1.0,t2d-standard-4,europe-west1,europe-west1-b,t2d,4,10.533137565070216,0.0,13789b8,2026-06-09T20:51:52.808013+00:00
3a5f615e-4211-44f5-bb69-8f763db84e78,final_cloud_profiler_v1,profiler_selected,european,jax,none,10000,0.8170866000057231,0.14741137881102798,12238604.81854672,3.860280248027038e-08,71957930.49474788,full,selected,diversity guard,,,,,,,,1.0,t2d-standard-4,europe-west2,europe-west2-b,t2d,4,10.420809313193189,0.0,f68fe02,2026-06-05T16:34:30.338356+00:00
5e3f4474-bb04-4d40-924b-4f0d71a168eb,sha_cloud_profiler_v2,profiler_selected,european,jax,none,10000,0.5602824000021656,0.048613786635277725,17848142.29388849,2.6470230720102313e-08,104939688.93396337,full,selected_old,within 1.5x safety margin; diversity guard,,,,,,,,1.0,t2d-standard-4,europe-west1,europe-west1-b,t2d,4,10.420809313193189,0.0,93d038d,2026-06-09T19:56:06.518340+00:00
25f68192-771c-45ed-bf58-84685fb897bc,sha_cloud_profiler_v3,profiler_selected,european,jax,none,10000,0.6026826000010033,0.1090400969364057,16592481.681042979,2.8473404613380735e-08,97556924.27706361,full,selected_both,diversity guard,,,,,,,,1.0,t2d-standard-4,europe-west1,europe-west1-b,t2d,4,10.420809313193189,0.0,13789b8,2026-06-09T20:51:58.435159+00:00
c0432b92-f9db-471c-a5f7-7d39e8602fb3,sha_cloud_profiler_v3,sha_probe,european,jax,none,25000,0.8807970000037001,0.09324019207891597,28383384.593606677,4.161276493350814e-08,166882552.87868458,sha_round_2,,,,2,0,,,,,1.0,t2d-standard-4,europe-west1,europe-west1-b,t2d,4,10.38964722998872,0.0,13789b8,2026-06-09T20:51:54.517984+00:00
826a950d-8f6a-458f-8a32-c265ed3eef14,final_cloud_profiler_v1,profiler_selected,european,jax,none,50000,1.2274321999996118,0.12661905534988208,40735447.546525024,5.798935238220389e-08,239507570.2406222,full,selected,diversity guard,,,,,,,,1.0,t2d-standard-4,europe-west2,europe-west2-b,t2d,4,10.427615610007502,0.0,f68fe02,2026-06-05T16:34:31.019949+00:00
cdddff15-041e-4a86-b49e-ae402fedefd2,sha_cloud_profiler_v2,profiler_selected,european,jax,none,50000,1.1753738000010117,0.12259153904273007,42539658.44734413,5.552988219560336e-08,250115583.53330272,full,selected_old,within 1.5x safety margin; diversity guard,,,,,,,,1.0,t2d-standard-4,europe-west1,europe-west1-b,t2d,4,10.427615610007502,0.0,93d038d,2026-06-09T19:56:06.757325+00:00
1f486149-1cb8-4abf-a47c-0583fb16ebe7,sha_cloud_profiler_v3,profiler_selected,european,jax,none,50000,1.1322766000006368,0.1078028617277682,44158821.263260126,5.3493778924474534e-08,259635590.68238547,full,selected_both,diversity guard,,,,,,,,1.0,t2d-standard-4,europe-west1,europe-west1-b,t2d,4,10.427615610007502,0.0,13789b8,2026-06-09T20:51:58.666429+00:00
0ff5daf1-9ed3-4969-a7df-6a4025b8f155,final_cloud_profiler_v1,profiler_selected,european,jax,none,100000,2.1047312000007423,0.18124336041369904,47512005.33349091,9.943685624892396e-08,279350925.0558026,full,selected,diversity guard,,,,,,,,1.0,t2d-standard-4,europe-west2,europe-west2-b,t2d,4,10.444163637298749,0.0,f68fe02,2026-06-05T16:34:31.264734+00:00
ca258a39-64e3-425b-995d-7ad139397021,sha_cloud_profiler_v2,profiler_selected,european,jax,none,100000,1.6954995999981293,0.2474077905554208,58979665.934518844,8.010293665768939e-08,346776022.6629753,full,selected_old,within 1.5x safety margin; diversity guard,,,,6.144448333268807e-05,0.31038518333398707,6.454833516602794,280.70392447216835,1.0,t2d-standard-4,europe-west1,europe-west1-b,t2d,4,10.444163637298749,0.0,93d038d,2026-06-09T19:56:06.983568+00:00
74cc8938-c209-4199-ae92-84e19a0ba72d,sha_cloud_profiler_v3,profiler_selected,european,jax,none,100000,1.6269829999970398,0.09149099449970759,61463457.2089456,7.68659079554157e-08,361379687.2586171,full,selected_both,diversity guard,,,,1.7915117473180354e-05,0.43568594166888436,2.22719768898692,36.891269852910085,1.0,t2d-standard-4,europe-west1,europe-west1-b,t2d,4,10.444163637298749,0.0,13789b8,2026-06-09T20:51:58.911611+00:00
0ee68ea4-6119-40f2-93be-06ab356c2c3b,final_cloud_profiler_v1,probe_run,european,jax,reverse,1000,2.157644000012245,0.255416049212125,463468.4869210698,1.0193669208946742e-07,2725002.8628943423,probe,,,,,,,,,,6.137673841850156,t2d-standard-4,europe-west2,europe-west2-b,t2d,4,10.69890892983176,0.0,f68fe02,2026-06-05T16:34:23.759989+00:00
7c023128-3974-4075-a926-bba3888a7305,sha_cloud_profiler_v2,sha_probe,european,jax,reverse,1000,2.4415836666709843,0.5443077912295301,409570.23658479244,1.1535126389650029e-07,2408103.4606349505,sha_round_0,,,,0,0,,,,,6.806756806962861,t2d-standard-4,europe-west1,europe-west1-b,t2d,4,10.69890892983176,0.0,93d038d,2026-06-09T19:55:55.914624+00:00
3ebfc987-2813-4171-8ac0-da27ca18a641,sha_cloud_profiler_v2,sha_probe,european,jax,reverse,1000,2.4415836666709843,0.5443077912295301,409570.23658479244,1.1535126389650029e-07,2408103.4606349505,sha_round_0,,,,0,1,,,,,6.806756806962861,t2d-standard-4,europe-west1,europe-west1-b,t2d,4,10.69890892983176,0.0,93d038d,2026-06-09T19:56:01.676335+00:00
c5831f09-48b4-476e-a088-dec35842a759,sha_cloud_profiler_v3,sha_probe,european,jax,reverse,1000,1.9583563333374818,0.2774807276489434,510632.30065785523,9.25214569927886e-08,3002306.5654859785,sha_round_0,,,,0,0,,,,,6.467690549715875,t2d-standard-4,europe-west1,europe-west1-b,t2d,4,10.69890892983176,0.0,13789b8,2026-06-09T20:51:47.538550+00:00
821549a7-0090-4748-bd28-13895ffc589c,sha_cloud_profiler_v3,sha_probe,european,jax,reverse,1000,1.9583563333374818,0.2774807276489434,510632.30065785523,9.25214569927886e-08,3002306.5654859785,sha_round_0,,,,0,1,,,,,6.467690549715875,t2d-standard-4,europe-west1,europe-west1-b,t2d,4,10.69890892983176,0.0,13789b8,2026-06-09T20:51:52.553851+00:00
bb543712-9adf-4d54-9068-f40f0154b448,final_cloud_profiler_v1,grid_search_full,european,jax,reverse,10000,2.585292000003392,0.3308439650530426,3868035.0227312353,1.2214068426682692e-07,22742444.865541127,full,full_grid_only,dominated or outside 1.5x margin (score=2.00 vs best=0.08),,,,,,,,3.806131522651143,t2d-standard-4,europe-west2,europe-west2-b,t2d,4,10.420809313193189,0.2578125,f68fe02,2026-06-05T16:34:31.904496+00:00
bce1847a-853e-4af6-994b-b8aa3ee87cf1,sha_cloud_profiler_v2,grid_search_full,european,jax,reverse,10000,2.1463133999986894,0.1092377294644725,4659151.827503898,1.0140138418660476e-07,27393884.216274094,full,full_grid_only,dominated or outside 1.5x margin (score=2.68 vs best=0.09),,,,,,,,3.443221293655174,t2d-standard-4,europe-west1,europe-west1-b,t2d,4,10.420809313193189,0.0,93d038d,2026-06-09T19:56:07.634394+00:00
dd173114-ccb1-4b94-bd65-ceaa3a6a922d,sha_cloud_profiler_v3,grid_search_full,european,jax,reverse,10000,2.021079000002146,0.07912461391000039,4947852.11265338,9.548475453343473e-08,29091322.393305387,full,full_grid_only,dominated or outside 1.5x margin (score=1.96 vs best=0.02),,,,,,,,3.674277571839809,t2d-standard-4,europe-west1,europe-west1-b,t2d,4,10.420809313193189,0.0,13789b8,2026-06-09T20:51:59.524735+00:00
822d5d95-18d3-4929-8bcb-911c6fab7223,final_cloud_profiler_v1,grid_search_full,european,jax,reverse,50000,3.3940185999995265,0.5375085341999466,14731799.053784495,1.6034852319108875e-07,86616880.60785803,full,full_grid_only,dominated or outside 1.5x margin (score=2.00 vs best=0.08),,,,,,,,2.5963955128658043,t2d-standard-4,europe-west2,europe-west2-b,t2d,4,10.427615610007502,0.0,f68fe02,2026-06-05T16:34:32.145800+00:00
3d7f2827-203b-4965-abe4-4804b27e7443,sha_cloud_profiler_v2,grid_search_full,european,jax,reverse,50000,3.2759883999972317,0.42120171717308946,15262569.305813858,1.5477225196431365e-07,89737589.99185005,full,full_grid_only,dominated or outside 1.5x margin (score=2.68 vs best=0.09),,,,,,,,3.0685024044019586,t2d-standard-4,europe-west1,europe-west1-b,t2d,4,10.427615610007502,0.0,93d038d,2026-06-09T19:56:07.862157+00:00
7122fc4e-5b9c-4543-ade1-09800935faed,sha_cloud_profiler_v3,grid_search_full,european,jax,reverse,50000,3.1522408000000723,0.3546513747364169,15861732.390494676,1.4892586535111454e-07,93260420.92247576,full,full_grid_only,dominated or outside 1.5x margin (score=1.96 vs best=0.02),,,,,,,,2.906464896708598,t2d-standard-4,europe-west1,europe-west1-b,t2d,4,10.427615610007502,0.0,13789b8,2026-06-09T20:51:59.750867+00:00
1508b9bb-fdbe-458d-a7cb-1c343e89cf02,final_cloud_profiler_v1,grid_search_full,european,jax,reverse,100000,5.23565200000462,1.1751780593787662,19099817.940518536,2.4735547004466277e-07,112299023.6389848,full,full_grid_only,dominated or outside 1.5x margin (score=2.00 vs best=0.08),,,,,,,,2.716972680246522,t2d-standard-4,europe-west2,europe-west2-b,t2d,4,10.444163637298749,0.0,f68fe02,2026-06-05T16:34:32.393020+00:00
45d248de-45de-4b4b-9f29-2fe1a01478c7,sha_cloud_profiler_v2,grid_search_full,european,jax,reverse,100000,3.8457622000038327,0.18796916504842293,26002647.797594022,1.8169089860462552e-07,152884805.95951328,full,full_grid_only,dominated or outside 1.5x margin (score=2.68 vs best=0.09),,,,,,,,2.1088338513513487,t2d-standard-4,europe-west1,europe-west1-b,t2d,4,10.444163637298749,0.0,93d038d,2026-06-09T19:56:08.093783+00:00
7ec401e7-c751-4ac8-9d8c-83ef348f3c1e,sha_cloud_profiler_v3,grid_search_full,european,jax,reverse,100000,3.779570599996873,0.3132318407255389,26458032.031491283,1.7856371323540785e-07,155562276.76088476,full,full_grid_only,dominated or outside 1.5x margin (score=1.96 vs best=0.02),,,,,,,,2.1619583435917136,t2d-standard-4,europe-west1,europe-west1-b,t2d,4,10.444163637298749,0.0,13789b8,2026-06-09T20:51:59.989514+00:00
71b43d86-6452-4a46-b131-a9b83999b6e7,sha_cloud_profiler_v3,sha_probe,european,rust,none,1000,0.030480000001868273,0.002909143683973755,32808398.94812024,1.4400106667549322e-09,192899805.66862792,sha_round_0,,,,0,0,,,,,1.0,t2d-standard-4,europe-west1,europe-west1-b,t2d,4,9.98059831140119,0.0,13789b8,2026-06-09T20:51:47.549844+00:00
eb5bbe0e-68c8-4d4f-8173-a4713eb3e507,sha_cloud_profiler_v3,sha_probe,european,rust,none,1000,0.030480000001868273,0.002909143683973755,32808398.94812024,1.4400106667549322e-09,192899805.66862792,sha_round_0,,,,0,1,,,,,1.0,t2d-standard-4,europe-west1,europe-west1-b,t2d,4,9.98059831140119,0.0,13789b8,2026-06-09T20:51:52.557589+00:00
98793633-9b25-4648-a8d0-c8cce4c3fd42,sha_cloud_profiler_v3,profiler_selected,european,rust,none,10000,0.09886359999597971,0.019336599345499014,101149462.49586956,4.670755857587842e-09,594716971.4009264,full,selected_both,diversity guard,,,,,,,,1.0,t2d-standard-4,europe-west1,europe-west1-b,t2d,4,11.429160475644924,0.0,13789b8,2026-06-09T20:52:00.024613+00:00
29972a60-0727-47d0-83f2-ee0c4da78aab,sha_cloud_profiler_v3,profiler_selected,european,rust,none,50000,0.21319839999875967,0.016633187993351443,234523336.01139072,1.0072439964385847e-08,1378900141.1770384,full,selected_both,diversity guard,,,,,,,,1.0,t2d-standard-4,europe-west1,europe-west1-b,t2d,4,10.747101087200754,0.0,13789b8,2026-06-09T20:52:00.030942+00:00
7d2cf739-43a1-44f2-b862-c2c431ca6f06,sha_cloud_profiler_v3,profiler_selected,european,rust,none,100000,0.30942820000063875,0.021707589791996478,323176749.88832164,1.4618763404474623e-08,1900145519.0987866,full,selected_both,diversity guard,,,,,,,,1.0,t2d-standard-4,europe-west1,europe-west1-b,t2d,4,10.661715975270884,0.0,13789b8,2026-06-09T20:52:00.037590+00:00
346bac19-7192-4e08-9ec0-93ae606913eb,sha_cloud_profiler_v3,sha_probe,european_local_vol,cpp,none,1000,4.724066666668136,0.011538776554812741,211682.02537355293,2.2318590518525465e-07,1244602.6891671738,sha_round_0,,,,0,0,,,,,1.0,t2d-standard-4,europe-west1,europe-west1-b,t2d,4,10.799289953487206,0.0,13789b8,2026-06-09T20:51:48.583265+00:00
4d15ddfa-1759-43aa-8e26-5315612b35a6,sha_cloud_profiler_v3,sha_probe,european_local_vol,cpp,none,1000,4.724066666668136,0.011538776554812741,211682.02537355293,2.2318590518525465e-07,1244602.6891671738,sha_round_0,,,,0,1,,,,,1.0,t2d-standard-4,europe-west1,europe-west1-b,t2d,4,10.799289953487206,0.0,13789b8,2026-06-09T20:51:52.572799+00:00
6b1515de-3983-4122-b81c-146ad23caecd,sha_cloud_profiler_v3,profiler_selected,european_local_vol,cpp,none,10000,47.09472439999445,0.014069895113941869,212338.0087133747,2.22496409054196e-06,1248459.5996788258,full,selected_both,top-3 probe Pareto; diversity guard; fastest probe runtime,,,,,,,,1.0,t2d-standard-4,europe-west1,europe-west1-b,t2d,4,10.29984816147623,0.0,13789b8,2026-06-09T20:53:16.331400+00:00
01de6bfa-48b1-4195-914b-e9a3fd4458d3,sha_cloud_profiler_v3,profiler_selected,european_local_vol,cpp,none,50000,235.75622980000617,0.3007934390553071,212083.47301114965,1.113817210121807e-05,1246963.0351078883,full,selected_both,top-3 probe Pareto; diversity guard; fastest probe runtime,,,,,,,,1.0,t2d-standard-4,europe-west1,europe-west1-b,t2d,4,10.453598428849663,0.0,13789b8,2026-06-09T20:53:17.986279+00:00
b06b994b-6b55-41fd-91ea-f1456a6580c5,sha_cloud_profiler_v3,profiler_selected,european_local_vol,cpp,none,100000,471.1053092000043,0.6787663342817614,212266.76508870703,2.2257108607982427e-05,1248040.7166551447,full,selected_both,top-3 probe Pareto; diversity guard; fastest probe runtime,,,,,,,,1.0,t2d-standard-4,europe-west1,europe-west1-b,t2d,4,10.481566278295533,0.0,13789b8,2026-06-09T20:53:21.289559+00:00
74dcaa13-1cac-4320-b6c0-1347375c3f54,final_cloud_profiler_v1,probe_run,european_local_vol,cpu,none,1000,13.478523333342688,0.0965755756902662,74192.10363543578,6.367853468152568e-07,436218.85956864874,probe,,,,,,,,,,1.0,t2d-standard-4,europe-west2,europe-west2-b,t2d,4,10.617705144273907,0.0,f68fe02,2026-06-05T16:34:23.822233+00:00
252ae5cd-cb2c-4974-b713-6b0b47a21bd7,sha_cloud_profiler_v2,sha_probe,european_local_vol,cpu,none,1000,13.436422999996958,0.055904235943681775,74424.56969390041,6.347963399554119e-07,437585.66376940504,sha_round_0,,,,0,0,,,,,1.0,t2d-standard-4,europe-west1,europe-west1-b,t2d,4,10.617705144273907,0.0,93d038d,2026-06-09T19:55:55.976698+00:00
0a2bccf0-634d-4cf4-80f3-486e4e540ef7,sha_cloud_profiler_v2,sha_probe,european_local_vol,cpu,none,1000,13.436422999996958,0.055904235943681775,74424.56969390041,6.347963399554119e-07,437585.66376940504,sha_round_0,,,,0,1,,,,,1.0,t2d-standard-4,europe-west1,europe-west1-b,t2d,4,10.617705144273907,0.0,93d038d,2026-06-09T19:56:01.680800+00:00
c8534582-0056-4791-aa80-cbec90f1dfb2,sha_cloud_profiler_v3,sha_probe,european_local_vol,cpu,none,1000,13.128039333333655,0.030372590615881122,76172.83697961514,6.202269249481633e-07,447864.75176161295,sha_round_0,,,,0,0,,,,,1.0,t2d-standard-4,europe-west1,europe-west1-b,t2d,4,10.617705144273907,0.0,13789b8,2026-06-09T20:51:47.607896+00:00
fc828396-78ef-4a33-ba0d-49b48483b075,sha_cloud_profiler_v3,sha_probe,european_local_vol,cpu,none,1000,13.128039333333655,0.030372590615881122,76172.83697961514,6.202269249481633e-07,447864.75176161295,sha_round_0,,,,0,1,,,,,1.0,t2d-standard-4,europe-west1,europe-west1-b,t2d,4,10.617705144273907,0.0,13789b8,2026-06-09T20:51:52.561424+00:00
063f06dd-163b-4cee-af56-c2e19f9d5d59,final_cloud_profiler_v1,profiler_selected,european_local_vol,cpu,none,10000,99.34618340000725,0.6804703941932323,100658.11949449555,4.693555242409232e-06,591828.0779309474,full,selected,diversity guard,,,,,,,,1.0,t2d-standard-4,europe-west2,europe-west2-b,t2d,4,10.602178772105725,0.0,f68fe02,2026-06-05T16:34:33.103192+00:00
1df88628-a1ed-4f83-83de-d48395058500,sha_cloud_profiler_v2,profiler_selected,european_local_vol,cpu,none,10000,98.16960119999862,0.2656414530151525,101864.52708132363,4.637968270026602e-06,598921.2551818182,full,selected_old,diversity guard,,,,,,,,1.0,t2d-standard-4,europe-west1,europe-west1-b,t2d,4,10.602178772105725,0.0,93d038d,2026-06-09T19:56:08.795584+00:00
1dfe65c1-91a9-4198-b091-6371a3637cd7,sha_cloud_profiler_v3,profiler_selected,european_local_vol,cpu,none,10000,97.23356499999909,0.15628448533727193,102845.14406110784,4.593745759777735e-06,604686.8771231646,full,selected_old,diversity guard,,,,,,,,1.0,t2d-standard-4,europe-west1,europe-west1-b,t2d,4,10.602178772105725,0.0,13789b8,2026-06-09T20:52:00.728421+00:00
c3c8aabf-71bd-4b4b-8e9c-3d388f7bba48,final_cloud_profiler_v1,profiler_selected,european_local_vol,cpu,none,50000,573.2486912000013,3.34346125226098,87222.17907786806,2.7082815944248954e-05,512830.3097240596,full,selected,diversity guard,,,,,,,,1.0,t2d-standard-4,europe-west2,europe-west2-b,t2d,4,10.497984162229226,0.0,f68fe02,2026-06-05T16:34:37.128435+00:00
28a866b0-d7c9-496f-a770-a3f4990cc345,sha_cloud_profiler_v2,profiler_selected,european_local_vol,cpu,none,50000,584.9927882000003,0.5532640842778339,85471.13914660046,2.763765928251557e-05,502534.91972366214,full,selected_old,diversity guard,,,,,,,,1.0,t2d-standard-4,europe-west1,europe-west1-b,t2d,4,10.497984162229226,0.0,93d038d,2026-06-09T19:56:12.904262+00:00
62982186-d279-4c25-8937-6e2b51aa650e,sha_cloud_profiler_v3,profiler_selected,european_local_vol,cpu,none,50000,587.8625143999983,2.6312903540739065,85053.9008275302,2.7773237902542145e-05,500081.7311120073,full,selected_old,diversity guard,,,,,,,,1.0,t2d-standard-4,europe-west1,europe-west1-b,t2d,4,10.497984162229226,0.0,13789b8,2026-06-09T20:52:04.848248+00:00
4993e1db-7cb8-4589-a71b-2e9fb2568fe9,final_cloud_profiler_v1,profiler_selected,european_local_vol,cpu,none,100000,1071.7370568000092,6.245310148827071,93306.46856476142,5.063362183904044e-05,548603.4134804881,full,selected,diversity guard,,,,,,,,1.0,t2d-standard-4,europe-west2,europe-west2-b,t2d,4,10.493294790051618,0.0625,f68fe02,2026-06-05T16:34:44.635466+00:00
a90a7006-949a-4e29-abdd-d4fc42d9f0fb,sha_cloud_profiler_v2,profiler_selected,european_local_vol,cpu,none,100000,1064.8933873999993,7.609173824712641,93906.11415491645,5.031029648027552e-05,552129.0813435821,full,selected_old,diversity guard,,,,,,,,1.0,t2d-standard-4,europe-west1,europe-west1-b,t2d,4,10.493294790051618,0.0,93d038d,2026-06-09T19:56:20.378395+00:00
6d1ebf69-f8cd-4210-8375-86500094b17a,sha_cloud_profiler_v3,profiler_selected,european_local_vol,cpu,none,100000,1108.5191484000063,1.8206814182595246,90210.43988670483,5.2371371322186964e-05,530400.0463705598,full,selected_old,diversity guard,,,,,,,,1.0,t2d-standard-4,europe-west1,europe-west1-b,t2d,4,10.493294790051618,0.0,13789b8,2026-06-09T20:52:12.643892+00:00
a07204c8-44b6-4e13-a1fc-45835529ef32,final_cloud_profiler_v1,probe_run,european_local_vol,jax,forward,1000,43.85484633333666,0.6721050765775736,22802.496955503888,2.0718978512149723e-06,134069.24362361175,probe,,,,,,,,,,4.206162467615678,t2d-standard-4,europe-west2,europe-west2-b,t2d,4,10.338233718138095,0.2578125,f68fe02,2026-06-05T16:34:24.273322+00:00
aa4c6ff6-175a-4605-a231-8c5731a36be9,sha_cloud_profiler_v2,sha_probe,european_local_vol,jax,forward,1000,43.37348899999919,0.4985670834350656,23055.558200540858,2.049156391422184e-06,135557.13899659488,sha_round_0,,,,0,0,,,,,4.27291911933722,t2d-standard-4,europe-west1,europe-west1-b,t2d,4,10.338233718138095,0.0,93d038d,2026-06-09T19:55:56.404961+00:00
0128b5aa-3d93-45c5-a505-051a44a9d06e,sha_cloud_profiler_v2,sha_probe,european_local_vol,jax,forward,1000,43.37348899999919,0.4985670834350656,23055.558200540858,2.049156391422184e-06,135557.13899659488,sha_round_0,,,,0,1,,,,,4.27291911933722,t2d-standard-4,europe-west1,europe-west1-b,t2d,4,10.338233718138095,0.0,93d038d,2026-06-09T19:56:01.685448+00:00
9d1e1a79-4f36-463f-bdd8-82573f84d8ac,sha_cloud_profiler_v3,sha_probe,european_local_vol,jax,forward,1000,42.96327799999725,1.2680856364041302,23275.691393940284,2.0297762006220924e-06,136851.43105562255,sha_round_0,,,,0,0,,,,,4.577884318573911,t2d-standard-4,europe-west1,europe-west1-b,t2d,4,10.338233718138095,5.15234375,13789b8,2026-06-09T20:51:48.025824+00:00
ad7f64fb-84b7-48ba-b14a-6c1f837ef742,sha_cloud_profiler_v3,sha_probe,european_local_vol,jax,forward,1000,42.96327799999725,1.2680856364041302,23275.691393940284,2.0297762006220924e-06,136851.43105562255,sha_round_0,,,,0,1,,,,,4.577884318573911,t2d-standard-4,europe-west1,europe-west1-b,t2d,4,10.338233718138095,5.15234375,13789b8,2026-06-09T20:51:52.564992+00:00
d5124176-d33a-4ad4-aa00-0bca1609e67f,final_cloud_profiler_v1,grid_search_full,european_local_vol,jax,forward,10000,452.0509337999897,3.6746499119663643,22121.401046423915,2.1356895227972848e-05,130064.68159938802,full,full_grid_only,dominated or outside 1.5x margin (score=38.85 vs best=4.86),,,,,,,,5.377228722285086,t2d-standard-4,europe-west2,europe-west2-b,t2d,4,10.72713156721504,0.0078125,f68fe02,2026-06-05T16:34:55.673558+00:00
b32d6890-dce0-421b-8c3e-3d8085fe1a38,sha_cloud_profiler_v2,grid_search_full,european_local_vol,jax,forward,10000,430.43334500000014,4.106347932564393,23232.400826195277,2.0335584254888895e-05,136596.9004362375,full,full_grid_only,dominated or outside 1.5x margin (score=38.58 vs best=4.50),,,,,,,,5.2461059809452575,t2d-standard-4,europe-west1,europe-west1-b,t2d,4,10.72713156721504,0.0,93d038d,2026-06-09T19:56:31.228022+00:00
3b47a7d3-ea66-4815-877e-46269380c211,sha_cloud_profiler_v3,grid_search_full,european_local_vol,jax,forward,10000,432.7253133999932,6.781647777892267,23109.348333307273,2.044386702863079e-05,135873.40271229582,full,full_grid_only,dominated or outside 1.5x margin (score=38.91 vs best=4.74),,,,,,,,5.2299191963719265,t2d-standard-4,europe-west1,europe-west1-b,t2d,4,10.72713156721504,0.0,13789b8,2026-06-09T20:52:23.361770+00:00
01793fe4-cdec-495e-b6b2-9e19b3a0a094,final_cloud_profiler_v1,grid_search_full,european_local_vol,jax,forward,50000,1373.3009276000018,12.251108376323971,36408.626103078976,6.488083937950232e-05,214067.65112346527,full,full_grid_only,dominated or outside 1.5x margin (score=38.85 vs best=4.86),,,,,,,,4.914993614778688,t2d-standard-4,europe-west2,europe-west2-b,t2d,4,10.398122891668713,0.125,f68fe02,2026-06-05T16:35:07.409795+00:00
7a332c36-cb7c-4e43-becf-01f0c6084ece,sha_cloud_profiler_v2,grid_search_full,european_local_vol,jax,forward,50000,1238.2447256000007,5.895092381660971,40379.739938542545,5.850018414723559e-05,237416.15674119556,full,full_grid_only,dominated or outside 1.5x margin (score=38.58 vs best=4.50),,,,,,,,4.4473460321401515,t2d-standard-4,europe-west1,europe-west1-b,t2d,4,10.398122891668713,0.26171875,93d038d,2026-06-09T19:56:42.036020+00:00
0f809078-6914-4d39-ad2a-21c29e102423,sha_cloud_profiler_v3,grid_search_full,european_local_vol,jax,forward,50000,1236.6435764000073,30.95901935864503,40432.02176778776,5.8424538742809236e-05,237723.55225651315,full,full_grid_only,dominated or outside 1.5x margin (score=38.91 vs best=4.74),,,,,,,,4.611247181032485,t2d-standard-4,europe-west1,europe-west1-b,t2d,4,10.398122891668713,0.08203125,13789b8,2026-06-09T20:52:34.018831+00:00
3b34454e-ab1b-497b-98a7-e47fca166887,final_cloud_profiler_v1,grid_search_full,european_local_vol,jax,forward,100000,2494.208069000001,53.446317332602526,40092.88609193412,0.00011783747454875561,235729.57485850254,full,full_grid_only,dominated or outside 1.5x margin (score=38.85 vs best=4.86),,,,,,,,4.5279791392903315,t2d-standard-4,europe-west2,europe-west2-b,t2d,4,10.490112213077344,0.15234375,f68fe02,2026-06-05T16:35:28.933057+00:00
17cb74d8-cf37-449b-94b3-b5796fc85c80,sha_cloud_profiler_v2,grid_search_full,european_local_vol,jax,forward,100000,2373.5162437999975,13.363686753033557,42131.584420884385,0.00011213545631819545,247716.2771688875,full,full_grid_only,dominated or outside 1.5x margin (score=38.58 vs best=4.50),,,,,,,,4.299571894076379,t2d-standard-4,europe-west1,europe-west1-b,t2d,4,10.490112213077344,0.20703125,93d038d,2026-06-09T19:57:02.735659+00:00
da62faec-3f72-4491-9ae1-3034c4593158,sha_cloud_profiler_v3,grid_search_full,european_local_vol,jax,forward,100000,2360.5774610000026,19.772995378710757,42362.5158047715,0.00011152417071302234,249074.0581183649,full,full_grid_only,dominated or outside 1.5x margin (score=38.91 vs best=4.74),,,,,,,,4.462699776210346,t2d-standard-4,europe-west1,europe-west1-b,t2d,4,10.490112213077344,0.27734375,13789b8,2026-06-09T20:52:54.460597+00:00
89858549-27f4-4dc5-a7f3-3cd8a5474256,final_cloud_profiler_v1,probe_run,european_local_vol,jax,none,1000,10.227450666671226,0.30375765385590187,97776.07661885447,4.831902248298451e-07,574882.8587656071,probe,,,,,,,,,,1.0,t2d-standard-4,europe-west2,europe-west2-b,t2d,4,10.338233718138095,0.0,f68fe02,2026-06-05T16:34:23.871777+00:00
4c17cb7c-b181-46e2-9ffa-c5f250d59b6a,sha_cloud_profiler_v2,sha_probe,european_local_vol,jax,none,1000,9.492495666663103,0.29639779166958014,105346.37413761707,4.4846768416279466e-07,619393.0746567325,sha_round_0,,,,0,0,,,,,1.0,t2d-standard-4,europe-west1,europe-west1-b,t2d,4,10.338233718138095,0.0,93d038d,2026-06-09T19:55:56.023124+00:00
522b6cb6-c607-4e73-9aef-e711faf6a0f1,sha_cloud_profiler_v3,sha_probe,european_local_vol,jax,none,1000,9.420401333339138,0.11471419262274153,106152.58996036233,4.4506162743731127e-07,624133.2899833156,sha_round_0,,,,0,0,,,,,1.0,t2d-standard-4,europe-west1,europe-west1-b,t2d,4,10.338233718138095,0.0,13789b8,2026-06-09T20:51:47.651955+00:00
1ce8170c-99d6-4b4f-be09-bb832fa0b7a1,sha_cloud_profiler_v2,sha_probe,european_local_vol,jax,none,5000,42.367199999998206,1.8886071212495164,118015.82356162815,2.001614826666582e-06,693884.1930951795,sha_round_1,,,,1,0,,,,,1.0,t2d-standard-4,europe-west1,europe-west1-b,t2d,4,10.858841281852154,0.0,93d038d,2026-06-09T19:56:02.515238+00:00
e3b16422-90c0-4817-bd83-5a5448a57d96,sha_cloud_profiler_v3,sha_probe,european_local_vol,jax,none,5000,42.183949800008236,0.3139832532881897,118528.49303359979,1.9929572727737225e-06,696898.4773847589,sha_round_1,,,,1,0,,,,,1.0,t2d-standard-4,europe-west1,europe-west1-b,t2d,4,10.858841281852154,0.0,13789b8,2026-06-09T20:51:53.392637+00:00
a1c67092-799b-4671-bd27-e05484fd1d46,final_cloud_profiler_v1,profiler_selected,european_local_vol,jax,none,10000,84.96479060000297,0.7199333731753317,117695.8117519288,4.014114329235696e-06,692002.6561143509,full,selected,top-3 probe Pareto; diversity guard; fastest probe runtime,,,,,,,,1.0,t2d-standard-4,europe-west2,europe-west2-b,t2d,4,10.72713156721504,0.0,f68fe02,2026-06-05T16:34:45.524001+00:00
eac71cd5-1af8-4484-8a7b-f31ec0f75369,sha_cloud_profiler_v2,profiler_selected,european_local_vol,jax,none,10000,81.67199099999891,1.1398645250536423,122440.99693859713,3.858547841466616e-06,719902.3808713377,full,selected_both,top-3 probe Pareto; diversity guard; fastest probe runtime,,,,,,,,1.0,t2d-standard-4,europe-west1,europe-west1-b,t2d,4,10.72713156721504,0.0,93d038d,2026-06-09T19:56:21.234266+00:00
8cfd13dc-df15-4468-9b81-d2879d5fb60b,sha_cloud_profiler_v3,profiler_selected,european_local_vol,jax,none,10000,82.5477142000068,2.165913256094653,121142.05822551022,3.8999208975380985e-06,712265.1588988135,full,selected_both,within 1.5x safety margin; diversity guard,,,,,,,,1.0,t2d-standard-4,europe-west1,europe-west1-b,t2d,4,10.72713156721504,0.0,13789b8,2026-06-09T20:52:13.485396+00:00
00d4272a-b823-47f5-b43e-7a29b821dad8,sha_cloud_profiler_v2,sha_probe,european_local_vol,jax,none,25000,140.89094028571682,1.9666767496835913,177442.21132531142,6.656314201054089e-06,1043286.7552052647,sha_round_2,,,,2,0,,,,,1.0,t2d-standard-4,europe-west1,europe-west1-b,t2d,4,10.548734688295786,0.36328125,93d038d,2026-06-09T19:56:04.990619+00:00
67c67c79-221a-450e-8cf0-53c7ae197438,sha_cloud_profiler_v3,sha_probe,european_local_vol,jax,none,25000,132.90860142857193,1.7421256922450346,188099.18794785877,6.2791930363809765e-06,1105945.3665796022,sha_round_2,,,,2,0,,,,,1.0,t2d-standard-4,europe-west1,europe-west1-b,t2d,4,10.548734688295786,0.36328125,13789b8,2026-06-09T20:51:55.954644+00:00
a835bb03-2fcb-4247-acd2-7b0944dd965d,final_cloud_profiler_v1,profiler_selected,european_local_vol,jax,none,50000,272.3555531999921,2.361595626986124,183583.5525016255,1.2867286802292958e-05,1079395.2992804886,full,selected,top-3 probe Pareto; diversity guard; fastest probe runtime,,,,,,,,1.0,t2d-standard-4,europe-west2,europe-west2-b,t2d,4,10.398122891668713,0.21875,f68fe02,2026-06-05T16:34:47.683968+00:00
2399c8be-52fa-4a2e-89a9-baa2b4e6d0a9,sha_cloud_profiler_v2,profiler_selected,european_local_vol,jax,none,50000,279.63778979999745,8.130529942671261,178802.72918678483,1.3211332024773214e-05,1051286.0370812842,full,selected_both,top-3 probe Pareto; diversity guard; fastest probe runtime,,,,,,,,1.0,t2d-standard-4,europe-west1,europe-west1-b,t2d,4,10.398122891668713,0.05859375,93d038d,2026-06-09T19:56:23.441364+00:00
70293392-3d09-43c3-b6f9-7dce85a0063b,sha_cloud_profiler_v3,profiler_selected,european_local_vol,jax,none,50000,272.32530760000486,9.35706765619379,183603.94206711295,1.2865857865724675e-05,1079515.1814858476,full,selected_both,within 1.5x safety margin; diversity guard,,,,,,,,1.0,t2d-standard-4,europe-west1,europe-west1-b,t2d,4,10.398122891668713,0.3203125,13789b8,2026-06-09T20:52:15.629912+00:00
e61e00c0-ee24-43fe-a36e-484f98b50985,final_cloud_profiler_v1,profiler_selected,european_local_vol,jax,none,100000,541.2893680000082,5.54773893603747,184744.06835199188,2.557291547484483e-05,1086218.6521166032,full,selected,top-3 probe Pareto; diversity guard; fastest probe runtime,,,,,,,,1.0,t2d-standard-4,europe-west2,europe-west2-b,t2d,4,10.490112213077344,0.00390625,f68fe02,2026-06-05T16:34:51.730270+00:00
358dd25b-b626-4e13-a981-72ceef2a23ba,sha_cloud_profiler_v2,profiler_selected,european_local_vol,jax,none,100000,539.371798000002,25.990192525538383,185400.86888265458,2.5482320945511203e-05,1090080.3673721459,full,selected_both,top-3 probe Pareto; diversity guard; fastest probe runtime,,,,0.0052979196511139135,9.505042255948954,539.2970073673404,0.013866248279739413,1.0,t2d-standard-4,europe-west1,europe-west1-b,t2d,4,10.490112213077344,0.0,93d038d,2026-06-09T19:56:27.454797+00:00
fa3593cc-4678-4e71-9c1f-8507bb0f2a56,sha_cloud_profiler_v3,profiler_selected,european_local_vol,jax,none,100000,525.0026113999922,8.57185069931169,190475.24303419393,2.4803456707475193e-05,1119915.5869837366,full,selected_both,within 1.5x safety margin; diversity guard,,,,0.004948854867664857,10.366150554769586,505.2516373212554,3.7620715878094706,1.0,t2d-standard-4,europe-west1,europe-west1-b,t2d,4,10.490112213077344,0.015625,13789b8,2026-06-09T20:52:19.571818+00:00
88f0bc49-f15d-45e2-bfe4-87cd7bbe66af,final_cloud_profiler_v1,probe_run,european_local_vol,jax,reverse,1000,26.46544833334019,0.7555377143719503,37785.11466742232,1.2503454034818057e-06,222160.83412172107,probe,,,,,,,,,,2.5650762999968113,t2d-standard-4,europe-west2,europe-west2-b,t2d,4,10.338233718138095,0.0,f68fe02,2026-06-05T16:34:24.845929+00:00
093f0e0f-1ee9-45a0-adf2-a0081007b1c4,sha_cloud_profiler_v2,sha_probe,european_local_vol,jax,reverse,1000,23.89992799999637,0.5336784525042345,41841.13023269994,1.1291388206220507e-06,246008.5267679912,sha_round_0,,,,0,0,,,,,2.6129046611617115,t2d-standard-4,europe-west1,europe-west1-b,t2d,4,10.338233718138095,1.21875,93d038d,2026-06-09T19:55:56.951951+00:00
76b02e52-26c7-440d-838e-1d8ecc0258cb,sha_cloud_profiler_v2,sha_probe,european_local_vol,jax,reverse,1000,23.89992799999637,0.5336784525042345,41841.13023269994,1.1291388206220507e-06,246008.5267679912,sha_round_0,,,,0,1,,,,,2.6129046611617115,t2d-standard-4,europe-west1,europe-west1-b,t2d,4,10.338233718138095,1.21875,93d038d,2026-06-09T19:56:01.690020+00:00
6fa2ec22-a954-4b7a-a099-af8bc567e28e,sha_cloud_profiler_v3,sha_probe,european_local_vol,jax,reverse,1000,25.598566666668415,0.6782019971824339,39064.68721555758,1.2093900607408234e-06,229684.1910604279,sha_round_0,,,,0,0,,,,,2.6616524519091485,t2d-standard-4,europe-west1,europe-west1-b,t2d,4,10.338233718138095,2.21484375,13789b8,2026-06-09T20:51:48.554213+00:00
466daabe-fe90-4d56-9a82-29ff7cb264fa,sha_cloud_profiler_v3,sha_probe,european_local_vol,jax,reverse,1000,25.598566666668415,0.6782019971824339,39064.68721555758,1.2093900607408234e-06,229684.1910604279,sha_round_0,,,,0,1,,,,,2.6616524519091485,t2d-standard-4,europe-west1,europe-west1-b,t2d,4,10.338233718138095,2.21484375,13789b8,2026-06-09T20:51:52.568597+00:00
580132d8-8f00-4d9c-bbbd-13e3196668eb,final_cloud_profiler_v1,grid_search_full,european_local_vol,jax,reverse,10000,179.88432139998167,2.84614671679907,55591.281786946325,8.498534828808023e-06,326853.7264049055,full,full_grid_only,dominated or outside 1.5x margin (score=21.55 vs best=4.86),,,,,,,,2.1294518686276067,t2d-standard-4,europe-west2,europe-west2-b,t2d,4,10.72713156721504,0.39453125,f68fe02,2026-06-05T16:35:31.219490+00:00
f1679efc-2cad-451c-b0d2-55c0234b3536,sha_cloud_profiler_v2,grid_search_full,european_local_vol,jax,reverse,10000,170.92355839999414,3.7174193825945756,58505.68577912513,8.07518855907528e-06,343989.21554048173,full,full_grid_only,dominated or outside 1.5x margin (score=19.14 vs best=4.50),,,,,,,,2.0799661355658454,t2d-standard-4,europe-west1,europe-west1-b,t2d,4,10.72713156721504,212.3203125,93d038d,2026-06-09T19:57:04.829457+00:00
f4090011-bf20-47ff-bbd4-d91ee662eee8,sha_cloud_profiler_v3,grid_search_full,european_local_vol,jax,reverse,10000,168.1378038000048,2.6591419423090494,59475.02449773115,7.943577130640228e-06,349688.52597443055,full,full_grid_only,dominated or outside 1.5x margin (score=20.96 vs best=4.74),,,,,,,,2.0418300172258594,t2d-standard-4,europe-west1,europe-west1-b,t2d,4,10.72713156721504,149.63671875,13789b8,2026-06-09T20:52:56.526012+00:00
e55a32dd-9821-4c54-98db-6a0895d080ec,final_cloud_profiler_v1,grid_search_full,european_local_vol,jax,reverse,50000,682.7356899999927,5.734356070776294,73234.78284839707,3.2255468376444104e-05,430590.209597819,full,full_grid_only,dominated or outside 1.5x margin (score=21.55 vs best=4.86),,,,,,,,2.4627496039570165,t2d-standard-4,europe-west2,europe-west2-b,t2d,4,10.398122891668713,94.59375,f68fe02,2026-06-05T16:35:38.281792+00:00
4a54d3f1-8107-4503-a9b5-539d07dd5e3e,sha_cloud_profiler_v2,grid_search_full,european_local_vol,jax,reverse,50000,608.9543959999958,28.215340382253174,82107.95476382495,2.8769712131022024e-05,482760.78765184,full,full_grid_only,dominated or outside 1.5x margin (score=19.14 vs best=4.50),,,,,,,,2.1428137912367573,t2d-standard-4,europe-west1,europe-west1-b,t2d,4,10.398122891668713,96.53125,93d038d,2026-06-09T19:57:11.409400+00:00
5d79f667-86d3-4ca8-82a5-31c5dd40a906,sha_cloud_profiler_v3,grid_search_full,european_local_vol,jax,reverse,50000,630.6394190000049,8.173886642011054,79284.60938785625,2.9794208995422456e-05,466160.68548833637,full,full_grid_only,dominated or outside 1.5x margin (score=20.96 vs best=4.74),,,,,,,,2.335326778610463,t2d-standard-4,europe-west1,europe-west1-b,t2d,4,10.398122891668713,94.50390625,13789b8,2026-06-09T20:53:03.178596+00:00
0c267a79-4514-493d-9a84-c921c31e97c0,final_cloud_profiler_v1,grid_search_full,european_local_vol,jax,reverse,100000,1277.8376883999954,13.841152536735736,78257.20035320909,6.03707316786309e-05,460119.9456326969,full,full_grid_only,dominated or outside 1.5x margin (score=21.55 vs best=4.86),,,,,,,,2.3432506415159,t2d-standard-4,europe-west2,europe-west2-b,t2d,4,10.490112213077344,2.9921875,f68fe02,2026-06-05T16:35:51.462653+00:00
9b2f3069-d933-4629-8539-a68934ea95d9,sha_cloud_profiler_v2,grid_search_full,european_local_vol,jax,reverse,100000,1159.8857141999986,23.13651348736794,86215.39068525594,5.4798156186426605e-05,506910.81070823106,full,full_grid_only,dominated or outside 1.5x margin (score=19.14 vs best=4.50),,,,,,,,2.0933013646441396,t2d-standard-4,europe-west1,europe-west1-b,t2d,4,10.490112213077344,1.109375,93d038d,2026-06-09T19:57:23.877951+00:00
9cb04657-e81b-425c-9c42-d6bd97cc2b78,sha_cloud_profiler_v3,grid_search_full,european_local_vol,jax,reverse,100000,1241.3185604000034,40.79336853714002,80559.49793240498,5.864540576467572e-05,473656.50242477056,full,full_grid_only,dominated or outside 1.5x margin (score=20.96 vs best=4.74),,,,,,,,2.2506357601934175,t2d-standard-4,europe-west1,europe-west1-b,t2d,4,10.490112213077344,0.296875,13789b8,2026-06-09T20:53:15.972333+00:00
c317b836-1611-4eb9-9747-663a46c1037c,sha_cloud_profiler_v3,sha_probe,european_local_vol,rust,none,1000,5.035981666665634,0.8347963659837883,198571.01677300353,2.3792215607402532e-07,1167515.3855421185,sha_round_0,,,,0,0,,,,,1.0,t2d-standard-4,europe-west1,europe-west1-b,t2d,4,11.257813939742835,0.0,13789b8,2026-06-09T20:51:48.609454+00:00
bb34cd0e-bd12-43ca-9689-bd44a781d3d3,sha_cloud_profiler_v3,sha_probe,european_local_vol,rust,none,1000,5.035981666665634,0.8347963659837883,198571.01677300353,2.3792215607402532e-07,1167515.3855421185,sha_round_0,,,,0,1,,,,,1.0,t2d-standard-4,europe-west1,europe-west1-b,t2d,4,11.257813939742835,0.0,13789b8,2026-06-09T20:51:52.576582+00:00
662597cd-28ac-432f-a3d3-79fe7e9e1df5,sha_cloud_profiler_v3,profiler_selected,european_local_vol,rust,none,10000,44.304836200007,0.1069306395332363,225708.9938185669,2.093157372471442e-06,1327075.4575409624,full,selected_both,within 1.5x safety margin; diversity guard,,,,,,,,1.0,t2d-standard-4,europe-west1,europe-west1-b,t2d,4,10.76624822101168,0.0,13789b8,2026-06-09T20:53:21.605934+00:00
9f23feeb-78e5-4c38-8b53-0853fc7c7f2e,sha_cloud_profiler_v3,profiler_selected,european_local_vol,rust,none,50000,221.8581257999915,0.20290687741532926,225369.25262352466,1.0481563898906265e-05,1325077.919940761,full,selected_both,within 1.5x safety margin; diversity guard,,,,,,,,1.0,t2d-standard-4,europe-west1,europe-west1-b,t2d,4,10.507483770952827,0.0,13789b8,2026-06-09T20:53:23.165059+00:00
b14d4586-ff69-442d-90df-f6d46cf8cab3,sha_cloud_profiler_v3,profiler_selected,european_local_vol,rust,none,100000,443.5217996000006,0.754925245196534,225468.06062337203,2.0953941021102252e-05,1325658.8700809737,full,selected_both,within 1.5x safety margin; diversity guard,,,,,,,,1.0,t2d-standard-4,europe-west1,europe-west1-b,t2d,4,10.667315256800734,0.0,13789b8,2026-06-09T20:53:26.277388+00:00
